customer_unique_id,total_orders,total_spend,avg_order_value,avg_payment_installments,avg_review_score,category_diversity,recency_days,most_common_category,customer_city,customer_state,review_comment_message,total_orders_winsor,total_spend_winsor,avg_order_value_winsor,cluster
000fbf0473c10fc1ab6f8d2d286ce20c,1,1449.52,362.38,1.0,5.0,2,34,musical_instruments,indaiatuba,SP,Muito bom,1,410.84875,345.73,2
001926cef41060fae572e2e7b30bd2a4,1,182.42,91.21,1.0,4.0,2,377,computers_accessories,nova canaa do norte,MT,Muito bom,1,182.42,91.21,2
001928b561575b2821c92254a2327d06,1,329.62,164.81,6.0,2.0,2,4,bed_bath_table,sao paulo,SP,Não recebi a capa De sofá. Estou aguardando e não estou informada de quando virá | Não recebi a capa De sofá. Estou aguardando e não estou informada de quando virá,1,329.62,164.81,2
004288347e5e88a27ded2bb23747066c,2,354.37,177.185,2.0,5.0,2,227,cool_stuff,nova iguacu,RJ,"Amei a bolsa,ótima qualidade e lindas.  | Maravilhoso,amei e chegou antes do prazo !",1,354.37,177.185,2
0097fca0db567f5ca79509b7b4fc1c2d,1,1593.41,227.63,10.0,1.0,2,132,furniture_decor,sao paulo,SP,"Mais um vez veio faltando o item Kit Flor Artificial Orquídea Chuva De Ouro 10 Unidades 	Vendido e entregue por targaryen 	Qtd 1 
 | Mais um vez veio faltando o item Kit Flor Artificial Orquídea Chuva De Ouro 10 Unidades 	Vendido e entregue por targaryen 	Qtd 1 
 | Mais um vez veio faltando o item Kit Flor Artificial Orquídea Chuva De Ouro 10 Unidades 	Vendido e entregue por targaryen 	Qtd 1 
 | Mais um vez veio faltando o item Kit Flor Artificial Orquídea Chuva De Ouro 10 Unidades 	Vendido e entregue por targaryen 	Qtd 1 
 | Mais um vez veio faltando o item Kit Flor Artificial Orquídea Chuva De Ouro 10 Unidades 	Vendido e entregue por targaryen 	Qtd 1 
 | Mais um vez veio faltando o item Kit Flor Artificial Orquídea Chuva De Ouro 10 Unidades 	Vendido e entregue por targaryen 	Qtd 1 
 | Mais um vez veio faltando o item Kit Flor Artificial Orquídea Chuva De Ouro 10 Unidades 	Vendido e entregue por targaryen 	Qtd 1 
",1,410.84875,227.63,2
00a39521eb40f7012db50455bf083460,2,123.25,61.625,1.0,4.0,2,87,electronics,brasilia,DF,Muito bom,1,123.25,61.625,2
00ae50eb5e1d2514f694dee1dcbbd5ae,1,1380.5500000000002,276.11,4.0,1.0,2,110,furniture_decor,sao paulo,SP,Não recebi os buchinhos só veio a nota fiscal em um carta  | Não recebi os buchinhos só veio a nota fiscal em um carta  | Não recebi os buchinhos só veio a nota fiscal em um carta  | Não recebi os buchinhos só veio a nota fiscal em um carta  | Não recebi os buchinhos só veio a nota fiscal em um carta ,1,410.84875,276.11,2
00cc12a6d8b578b8ebd21ea4e2ae8b27,2,252.4,63.1,1.0,4.0,2,525,bed_bath_table,sao paulo,SP,"entregue no prazo conbinado
 | entregue no prazo conbinado
",1,252.4,63.1,2
00ec6ce865af3a65e9cca32b180e5d20,1,373.92,93.48,1.0,3.0,2,172,bed_bath_table,salvador,BA,Muito bom,1,373.92,93.48,2
00fd4a627a3b93cff0729f0b3554640d,1,678.9300000000001,226.31000000000003,1.0,3.0,2,25,garden_tools,itupeva,SP,"Comprei 3 produtos e só recebi um.
Não recebi nenhum contato da empresa para falar sobre a falta dos outros 2 produtos; se vou receber, ou não. | Comprei 3 produtos e só recebi um.
Não recebi nenhum contato da empresa para falar sobre a falta dos outros 2 produtos; se vou receber, ou não. | Comprei 3 produtos e só recebi um.
Não recebi nenhum contato da empresa para falar sobre a falta dos outros 2 produtos; se vou receber, ou não.",1,410.84875,226.31000000000003,2
011575986092c30523ecb71ff10cb473,2,214.9,107.45,1.5,3.5,2,132,musical_instruments,belo horizonte,MG,"Produto foi entregue no prazo previsto, ainda não foi testado para ser avaliado.",1,214.9,107.45,2
011b4adcd54683b480c4d841250a987f,2,386.18,128.72666666666666,8.0,4.333333333333333,2,195,food,santo amaro,BA,Muito bom,1,386.18,128.72666666666666,2
012452d40dafae4df401bced74cdb490,2,495.33,165.11,5.333333333333333,4.666666666666667,2,107,health_beauty,sao paulo,SP,Produto de qualidade muito boa. | Produto de qualidade muito boa.,1,410.84875,165.11,2
012b41c1dae00a092474ca48dc764a00,1,885.04,442.52,1.0,4.0,2,37,construction_tools_lights,paracatu,MG,Muito bom,1,410.84875,345.73,2
013ef03e0f3f408dd9bf555e4edcdc0a,2,245.37,122.685,2.0,5.0,2,40,musical_instruments,campinas,SP,produto chegou intacto | recebi o produto intacto,1,245.37,122.685,2
015557c9912277312b9073947804a7ba,2,315.12,157.56,2.0,5.0,2,485,bed_bath_table,sao joao da boa vista,SP,Muito bom,1,315.12,157.56,2
016c60628fc64e15fa5990e58a0b57c1,1,913.68,304.56,1.0,3.0,2,405,furniture_decor,boituva,SP,"Foi bom, obrigado. | Foi bom, obrigado. | Foi bom, obrigado.",1,410.84875,304.56,2
01e8bcc3377762cf85025138b2901947,1,443.28,221.64,3.0,1.0,2,496,bed_bath_table,montes claros,MG,Muito enrolados o produto que comprei no direto stark e bem maior e chegou com tres dias ja essa targaryen faz parcerias horriveis  | Muito enrolados o produto que comprei no direto stark e bem maior e chegou com tres dias ja essa targaryen faz parcerias horriveis ,1,410.84875,221.64,2
0241fa2e9adf0576cb0f845377d05c03,2,353.65,117.88333333333333,8.0,4.0,2,35,consoles_games,santo antonio de jesus,BA,Muito bom,1,353.65,117.88333333333333,2
02678f5b6207663512dd9cd96af14f0d,1,947.66,473.83,1.0,5.0,2,131,sports_leisure,duque de caxias,RJ,Muito bom,1,410.84875,345.73,2
027803eb28cc01fbdf5da72b109fabee,2,101.43,50.715,3.0,5.0,2,316,bed_bath_table,porto alegre,RS,Muito bom,1,101.43,50.715,2
0299fedc3f190307e87f32483a9ba4fd,1,230.62,115.31,3.0,5.0,2,494,computers_accessories,bento goncalves,RS,Muito bom,1,230.62,115.31,2
029b457bd01199c39136f89e0eddcd3a,2,347.55,173.775,1.0,5.0,2,236,baby,coelho neto,MA,Prático e bom produto ,1,347.55,173.775,2
02e4c56fefa30628768ffe326d332e2f,2,96.63,48.315,4.5,4.0,2,230,fixed_telephony,porto alegre,RS,Recebi aparelho na cor errada solicitei preto recebi bco mas tudo bem sem problema aparelho e bonito | Chegou perfeito estado correio levou um tempinho pra entregar,1,96.63,48.315,2
02e9109b7e0a985108b43e573b6afb23,3,967.41,193.48200000000003,1.0,4.2,2,107,bed_bath_table,sao paulo,SP,"nada tenho a declara, um abraço | produto bom e com bom preço | nada tenho a decrarar um abraço | nada tenho a decrarar um abraço | nada tenho a decrarar um abraço",1,410.84875,193.48200000000003,2
030b3bb8818a752ca223944036bad5d7,1,447.86,223.93,10.0,1.0,2,179,bed_bath_table,santa maria de itabira,MG,"AINDA NÃO RECEBI O JOGO DE LENÇOL, JÁ FIZ RECLAMAÇÃO E A EMPRESA NÃO ENTRA EM CONTATO | AINDA NÃO RECEBI O JOGO DE LENÇOL, JÁ FIZ RECLAMAÇÃO E A EMPRESA NÃO ENTRA EM CONTATO",1,410.84875,223.93,2
030e2ece69927969001c9b85eac2c9b7,1,451.2,225.6,10.0,5.0,2,42,baby,curitiba,PR,Muito bom,1,410.84875,225.6,2
031ea691b99fc101dcad357d1a83573f,2,73.04,36.52,2.0,4.0,2,414,electronics,sao paulo,SP,recebi adoreiii!!!!,1,73.04,36.52,2
032b3a42598667caf2e099999b9dc1b9,2,669.22,223.07333333333332,1.0,5.0,2,35,housewares,canoas,RS,Muito bom,1,410.84875,223.07333333333332,2
032c36a3e0e337f241a5910aa6ef3077,1,811.98,270.66,8.0,3.0,2,352,baby,ouro fino,MG,Mandei dois emails questionando pq recebi somente um produto dos 3 que adquiri. Estou aguardando retorno. | Mandei dois emails questionando pq recebi somente um produto dos 3 que adquiri. Estou aguardando retorno. | Mandei dois emails questionando pq recebi somente um produto dos 3 que adquiri. Estou aguardando retorno.,1,410.84875,270.66,2
0341bbd5c969923a0f801b9e2d10a7b8,2,5999.04,999.84,10.0,5.0,2,91,furniture_living_room,petropolis,RJ,"Sempre que precisei da loja, fui atendido prontamente.
 | Sempre que precisei da loja, fui atendido prontamente.
 | Sempre que precisei da loja, fui atendido prontamente.
 | produto de qualidade, entrega rápida, recomendo à todos.  | produto de qualidade, entrega rápida, recomendo à todos.  | produto de qualidade, entrega rápida, recomendo à todos. ",1,410.84875,345.73,2
038301b43811478e1a8dc0e476eaf52e,2,645.53,322.765,1.0,4.5,2,138,perfumery,sao paulo,SP,Muito bom,1,410.84875,322.765,2
03bd7c8563706d3a512250498f0706c0,1,1764.42,588.14,10.0,2.0,2,26,baby,andradas,MG,"Recebi o pedido pela metade !!! 
Já comuniquei lannister sobre ocorrido e aguardo solução do caso !!! | Recebi o pedido pela metade !!! 
Já comuniquei lannister sobre ocorrido e aguardo solução do caso !!! | Recebi o pedido pela metade !!! 
Já comuniquei lannister sobre ocorrido e aguardo solução do caso !!!",1,410.84875,345.73,2
03cccac05d316dc60827fa7abedd608e,1,437.6,218.8,15.0,1.0,2,274,bed_bath_table,porto alegre,RS,O fabricante não entrou mais em contato comigo para explicar porque os produtos que comprei não foram entregues. | O fabricante não entrou mais em contato comigo para explicar porque os produtos que comprei não foram entregues.,1,410.84875,218.8,2
03d4953a455f8489e712ea80699de878,2,72.65,36.325,1.5,5.0,2,38,construction_tools_construction,sao bernardo do campo,SP,"Produto veio bem embalado, funcionando direitinho.  | Adorei, amei e super lindo. Muito bem acabado e resistente. Superou minhas expectativas. ",1,72.65,36.325,2
03ef7f03905227e15c7b6c860554b3cb,2,238.55,119.275,1.0,5.0,2,42,health_beauty,florianopolis,SC,Total confiança na minhas compras. | A loja é ótima. O produto chegou até antes do previsto e bem acondicionado. ,1,238.55,119.275,2
041caba6a63ace5818387698ea85cdb2,3,153.45999999999998,51.15333333333333,1.6666666666666667,4.666666666666667,3,97,auto,guarulhos,SP,"Ótimo. entrega dentro do prazo.. | Muito bom.... | Foi entregue muito bem embalado, o produto é bom. Já está instalado..",1,153.45999999999998,51.15333333333333,2
0488328f0b499963e32a37fa42a20ca0,2,384.17,192.085,10.0,5.0,2,356,bed_bath_table,piracaia,SP,Muito bom,1,384.17,192.085,2
04be500031efe43d2defff8c41810543,2,255.79,127.895,4.0,4.0,2,209,stationery,sao paulo,SP,Muito bom,1,255.79,127.895,2
04e495a3f45df8b41be2e934bbc16961,2,199.76,99.88,3.0,3.5,2,217,bed_bath_table,gravatai,RS,Ele é super bonito sem dúvidas eu recomendo pois adorei o pendente e ele é bem grande!,1,199.76,99.88,2
04e9d0d712ca6da77124d0ee12be1d6a,1,200.0,100.0,1.0,2.0,2,436,baby,cajamar,SP,"Produto foi entregue com muita demora
 | Produto foi entregue com muita demora
",1,200.0,100.0,2
04ecdc3e754a48294d832436960a3280,1,798.5,399.25,1.0,4.0,2,303,cool_stuff,belo horizonte,MG,Muito bom,1,410.84875,345.73,2
04f466d6234a805ba36301c1d054b343,1,419.94,209.97,1.0,2.0,2,113,audio,guaramirim,SC,Comprei 02 relógios e um veio correto e o outro totalmente errado. | Comprei 02 relógios e um veio correto e o outro totalmente errado.,1,410.84875,209.97,2
053b7090271ed4dacbfe0afd6382bbab,2,383.45,76.69,3.6,4.8,2,334,furniture_decor,osasco,SP,Tudo ok. A entrega ocorreu em menos de 48 horas após a compra. Obrigada. | Tudo ok. A entrega ocorreu em menos de 48 horas após a compra. Obrigada. | Tudo ok. A entrega ocorreu em menos de 48 horas após a compra. Obrigada. | Tudo ok. A entrega ocorreu em menos de 48 horas após a compra. Obrigada.,1,383.45,76.69,2
05401081ef59ed0b257831b4c3b0d3fe,1,270.9,135.45,13.0,3.0,2,275,bed_bath_table,louveira,SP,Muito bom,1,270.9,135.45,2
059d1f5650f05d9fed9a6d941593f9b4,2,131.94,65.97,4.0,2.5,2,163,baby,marica,RJ,Estou aguardando solução da minha entrega. Já paguei e ainda não recebi. ,1,131.94,65.97,2
059e7585d8fcd2430a33375bdbcbb990,2,498.47,166.15666666666667,6.333333333333333,5.0,2,10,baby,sao paulo,SP,"Boa qualidade,tdo mto bem feito embalado
Delicado e fora q o preço super compensa
Para a quantidade de coisas e material .. | Boa qualidade,tdo mto bem feito embalado
Delicado e fora q o preço super compensa
Para a quantidade de coisas e material ..",1,410.84875,166.15666666666667,2
05cb25c0b98e8d6f839049d97adfecab,1,2443.11,814.37,10.0,1.0,2,37,sports_leisure,abreu e lima,PE,"fiz uma compra de duas garrafas super caras, recebi apenas uma. e o principal o filtro de quase 600,00 reais não vieram estar no meu e-mail como entregue. so tento recebido uma garrafa. gostaria resp. | fiz uma compra de duas garrafas super caras, recebi apenas uma. e o principal o filtro de quase 600,00 reais não vieram estar no meu e-mail como entregue. so tento recebido uma garrafa. gostaria resp. | fiz uma compra de duas garrafas super caras, recebi apenas uma. e o principal o filtro de quase 600,00 reais não vieram estar no meu e-mail como entregue. so tento recebido uma garrafa. gostaria resp.",1,410.84875,345.73,2
05e52c1f96f8b83dd66dcdce679ff58d,2,239.16,119.58,8.5,4.0,2,401,furniture_decor,sao paulo,SP,Trabalho de qualidade entregue no prazo produto em perfeito estado bem embalado recomendo! | Excelente ,1,239.16,119.58,2
05edb10f73fe7d03959ff26540913b3a,2,231.49,115.745,2.5,3.5,2,238,computers_accessories,florianopolis,SC,Foi anunciada capa para moto z. E foi vendido e entregue o moto z play. A capa ficou maior do que deveria.,1,231.49,115.745,2
05ef855308303397f1427f29470bb6ab,2,87.5,43.75,3.0,5.0,2,163,health_beauty,rio de janeiro,RJ,Muito bom,1,87.5,43.75,2
060f9ea0a180843fb91d4923b6d01bea,2,628.63,314.315,9.0,4.5,2,171,sports_leisure,girua,RS,Muito bom o assessoramento e a entrega foi feira antes do previsto.,1,410.84875,314.315,2
065dcef61d5f66b30d2ee51b5343d023,2,188.52,94.26,5.5,5.0,2,271,garden_tools,sao paulo,SP,"Muito bom  | Muito bom recomendo é Econômica boa de usar na pia, minha esposa gostou da torneira. ",1,188.52,94.26,2
0697142614905a50813d854fa08b8eaf,2,103.13,51.565,1.0,4.5,2,36,fashion_bags_accessories,guaruja,SP,tudo okay | Bom ,1,103.13,51.565,2
06d26e5230ac619719997a8cf435a69b,2,68.81,34.405,1.0,5.0,2,145,bed_bath_table,valinhos,SP,falar sobre a loja lannister e chover no molhado parabens | como de sempre as lojas lannister e perfeita no que promete parabens,1,68.81,34.405,2
070acf4df1234a6257809e4e79644481,2,2613.92,373.4171428571429,8.0,5.0,2,42,construction_tools_construction,teofilo otoni,MG,100 %.,1,410.84875,345.73,2
071bb277b0146da77fac31e70657815e,2,130.64,65.32,2.5,5.0,2,135,air_conditioning,rio de janeiro,RJ,Muito bom,1,130.64,65.32,2
071fb07419a29c8ba143831082e0320a,2,475.11,237.555,6.0,5.0,2,231,bed_bath_table,barueri,SP,Muito bom,1,410.84875,237.555,2
073667f98c8956621ffdacb34d7ab922,1,355.5,177.75,10.0,1.0,2,296,bed_bath_table,ipubi,PE,Falta receber o protetor de porta e os jogos de cama de solteiro | Falta receber o protetor de porta e os jogos de cama de solteiro,1,355.5,177.75,2
07547425c8f7a7086f529f2d3b80d21a,1,1591.6,397.9,18.0,1.0,3,77,cine_photo,araraquara,SP,Entregaram apenas um produto dos quatro itens do pedido... Quero o restante do pedido... Cadê? | Entregaram apenas um produto dos quatro itens do pedido... Quero o restante do pedido... Cadê? | Entregaram apenas um produto dos quatro itens do pedido... Quero o restante do pedido... Cadê? | Entregaram apenas um produto dos quatro itens do pedido... Quero o restante do pedido... Cadê?,1,410.84875,345.73,2
07b1b60bca2b6326fa2adb259ea4a55f,3,340.6,85.15,1.5,4.25,2,111,furniture_decor,porto alegre,RS,Muito bom,1,340.6,85.15,2
07b28cf1d8515d08ccca505e273fffaf,2,637.01,318.505,10.0,5.0,2,523,consoles_games,sao caetano do sul,SP,lannister sempre cumpre o prazo de entrega. | lannister sempre cumpre o prazo de entrega.,1,410.84875,318.505,2
07df27b714016cb827c99ec2ecd5ebfb,2,218.63,72.87666666666667,4.666666666666667,4.0,2,86,housewares,sao paulo,SP,Muito bom,1,218.63,72.87666666666667,2
07fe3cee40551d2377a917fb4f377714,1,247.48,123.74,1.0,2.0,2,40,garden_tools,sao paulo,SP,Recebi metade dos produtos | Recebi metade dos produtos,1,247.48,123.74,2
0807baeeeaa1309effbd9a9dee41ab17,2,647.72,161.93,5.0,5.0,2,113,furniture_decor,campinas,SP,"Adorei os pendente!!comprei três chegou dois primeiros depôs de dois dia o outro chegou !!!
Mas tudo de primeira qualidade !!! | Adorei os pendente!!comprei três chegou dois primeiros depôs de dois dia o outro chegou !!!
Mas tudo de primeira qualidade !!! | Adorei os pendente!!comprei três chegou dois primeiros depôs de dois dia o outro chegou !!!
Mas tudo de primeira qualidade !!! | Muito boa ,as prateleiras tamanho e largura excelente!!!",1,410.84875,161.93,2
083ca1aa470c280236380973a48f77c6,3,214.97,71.65666666666667,6.666666666666667,5.0,3,378,furniture_decor,joao pessoa,PB,Muito bom,1,214.97,71.65666666666667,2
083ce299ea3fc1eba79bd0b17f64555b,2,113.95,56.975,1.5,4.5,2,6,consoles_games,sao paulo,SP,produto entregue dentro do prazo e em perfeitas condições.Nota 1000 | Apesar da demora na entrega chegou dentro do prazo e está tudo correto.,1,113.95,56.975,2
0883460fd0fd804d2b599595a8b0f59f,1,953.98,476.99,9.0,5.0,2,349,baby,sao pedro,SP,Muito bom,1,410.84875,345.73,2
088653e3fa566d968be97a72afee0b74,1,955.22,477.61,3.0,1.0,2,179,audio,chapadao do ceu,GO,"Fiz uma compra de dois produtos, um relógio no valor de 175,00 e outro no valor de 270,00 no entanto recebi um produto com valor menor q o q foi pago e o outro no valor de 270,00 não recebi | Fiz uma compra de dois produtos, um relógio no valor de 175,00 e outro no valor de 270,00 no entanto recebi um produto com valor menor q o q foi pago e o outro no valor de 270,00 não recebi",1,410.84875,345.73,2
0895c61a77b305efdfad13596c749c60,2,923.4,307.8,8.0,3.6666666666666665,2,140,watches_gifts,campinas,SP,comprei um relogio de 730e paguei 25 de frete e a loja envia PELO CORREIO E AINDA VIA PAC. | comprei um relogio de 730e paguei 25 de frete e a loja envia PELO CORREIO E AINDA VIA PAC. | atendeu minhas expectativas,1,410.84875,307.8,2
089bc915af34d9041b3a88a1aa84292b,2,123.47,61.735,3.0,1.0,2,226,bed_bath_table,sao paulo,SP,Muito bom,1,123.47,61.735,2
08a374bca4063116d5530a7b04ecaf3f,2,1082.6699999999998,154.66714285714284,10.0,5.0,2,16,construction_tools_construction,chapeco,SC,Muito bom,1,410.84875,154.66714285714284,2
08b57f87bc889756ca453bf8106d48ce,2,118.26,59.13,1.0,3.5,2,67,housewares,sao paulo,SP,Material de pessima qualidade...,1,118.26,59.13,2
08c07c761592a71b85136aa4fe76a6f4,3,405.03,135.01,2.333333333333333,5.0,2,144,health_beauty,valente,BA,Muito bom,1,405.03,135.01,2
08d8ad84b0088cbeae77da4ff3817479,2,259.81,129.905,3.5,5.0,2,104,cool_stuff,aguas lindas de goias,GO,"O produto é novo e vem com caixa , recomendo. | O produto foi entregue em excelente estado , e com bastante rapidez. Excelente...",1,259.81,129.905,2
08f7cf00ed9ff3e0a08fc136ec272974,2,991.68,165.28,1.0,2.833333333333333,2,361,furniture_decor,brasilia,DF,"comprei 4 cubas ao mesmo tempo, fui cobrada pelo frete individulamente e realmente elas chegaram embaladas em caixas separadas. recebi 2 em um dias e as demais dois dias depois. Acho um despedicio... | O produto chegou antes do prazo mas recebi um produto diferente do que mostrados na descrição e nas imagens. Uma das lampadas esta com problema

Fizemos uma notificação e estamos aguardando o retorn | O produto chegou antes do prazo mas recebi um produto diferente do que mostrados na descrição e nas imagens. Uma das lampadas esta com problema

Fizemos uma notificação e estamos aguardando o retorn | O produto chegou antes do prazo mas recebi um produto diferente do que mostrados na descrição e nas imagens. Uma das lampadas esta com problema

Fizemos uma notificação e estamos aguardando o retorn | O produto chegou antes do prazo mas recebi um produto diferente do que mostrados na descrição e nas imagens. Uma das lampadas esta com problema

Fizemos uma notificação e estamos aguardando o retorn | O produto chegou antes do prazo mas recebi um produto diferente do que mostrados na descrição e nas imagens. Uma das lampadas esta com problema

Fizemos uma notificação e estamos aguardando o retorn",1,410.84875,165.28,2
092693d3fdb3339e303e84220fa9c702,1,178.48,89.24,1.0,3.0,2,116,housewares,rio de janeiro,RJ,"Recebi apenas um item do pedido! A nota-fiscal está correta(também tem apenas um item)!
Mas e o outro item? O que aconteceu? Não sei de nada! | Recebi apenas um item do pedido! A nota-fiscal está correta(também tem apenas um item)!
Mas e o outro item? O que aconteceu? Não sei de nada!",1,178.48,89.24,2
0942eedfe0e865b2a80419a14672286f,2,244.23,122.115,1.0,5.0,2,219,food,barbacena,MG,Muito bom,1,244.23,122.115,2
09605a03a6f90c9347a279e67dd07cbc,1,223.28,111.64,10.0,1.0,2,13,housewares,rio de janeiro,RJ,Eu gostaria de saber aonde esta a minha garrafa da hello kitty ?  | Eu gostaria de saber aonde esta a minha garrafa da hello kitty ? ,1,223.28,111.64,2
099fad9e8f7dfbd0412c300bcc697e0b,2,430.79,215.395,10.0,4.0,2,104,furniture_decor,imperatriz,MA,Mercadoria de qualidade e chegou antes do prazo.,1,410.84875,215.395,2
09ab36a420b5c87c5c9772bdb494f2e3,2,222.56,111.28,7.5,5.0,2,185,baby,aramari,BA,Muito bom,1,222.56,111.28,2
09baec50afccbb414f24bf8e0bc7c020,2,809.51,269.83666666666664,1.0,5.0,2,105,housewares,belo horizonte,MG,Entrega rápida. Bom produto. | Entrega rápida. Bom produto. | Bom produto.,1,410.84875,269.83666666666664,2
09c8e6d62d590a5a5fab94418b2d651a,1,305.32,152.66,4.0,5.0,2,78,bed_bath_table,sao paulo,SP,Recebi um dos produtos até antes do prazo estipulado. Tudo perfeito e ótimo atendimento. | Recebi um dos produtos até antes do prazo estipulado. Tudo perfeito e ótimo atendimento.,1,305.32,152.66,2
09d7c538023c2c4fb0553c831c12f084,2,846.12,423.06,15.0,5.0,2,463,furniture_decor,sorocaba,SP,Muito bom,1,410.84875,345.73,2
0a03d7a7861ba16d55797bae954972be,1,527.58,263.79,1.0,2.0,2,265,baby,uruara,PA,Eu não recebi a chupeta  | Eu não recebi a chupeta ,1,410.84875,263.79,2
0a38322966d62df297e832d7db9a2d9c,1,1016.64,338.88,6.0,5.0,2,59,furniture_decor,macae,RJ,Muito bom,1,410.84875,338.88,2
0a5df23b922b9998bb7378f1ac03c98a,2,193.83,96.915,1.0,5.0,2,334,fashion_bags_accessories,porto alegre,RS,Muito bom,1,193.83,96.915,2
0a609db8d244100909a15d65eadf8539,3,877.09,219.2725,4.0,2.0,2,314,bed_bath_table,petropolis,RJ,"Só foi entregue a boneca,faltou os panos de pratos és as saias da cama box de solteiro. | Produto de ótima qualidade,entrega no prazo,preço ótimo,super indico essa loja e o produto. | Só foi entregue a boneca,faltou os panos de pratos és as saias da cama box de solteiro. | Só foi entregue a boneca,faltou os panos de pratos és as saias da cama box de solteiro.",1,410.84875,219.2725,2
0a767212322d4dfce26644bdd620d2ae,1,646.6800000000001,215.56000000000003,6.0,4.0,2,276,garden_tools,triunfo,RS,"Eu recebi os suportes das lâmpadas, faltou o Balde..  | Eu recebi os suportes das lâmpadas, faltou o Balde..  | Eu recebi os suportes das lâmpadas, faltou o Balde.. ",1,410.84875,215.56000000000003,2
0aa1ab39ff2b837c05d7c9ff85b6d983,2,321.04999999999995,64.21,4.2,5.0,2,171,furniture_decor,praia grande,SP,Muito bom,1,321.04999999999995,64.21,2
0abee71cd257861a0944e2a81cea4a50,2,1224.74,306.185,1.75,4.25,2,276,bed_bath_table,campos dos goytacazes,RJ,Muito bom,1,410.84875,306.185,2
0ac10a57d07e3d38b11f66283c44672b,2,355.32,59.22,1.5,5.0,2,453,cool_stuff,campo grande,MS,"A culpa foi dos correios, é pena não termos outra opção no nosso país para envio de encomendas. Mas poderiam procurar tambem o setor de cargas das companhias aereas, as vezes sai mais barato. | A culpa foi dos correios, é pena não termos outra opção no nosso país para envio de encomendas. Mas poderiam procurar tambem o setor de cargas das companhias aereas, as vezes sai mais barato.",1,355.32,59.22,2
0ac4a9460c1baf3051ffec5c9021a499,2,214.94,107.47,1.0,5.0,2,91,construction_tools_construction,cariacica,ES,"Produto de ótima qualidade, entrega rápida. ",1,214.94,107.47,2
0ad1d79346c3b98b517348ecbbadfbc6,2,157.53,78.765,1.0,5.0,2,69,health_beauty,santo andre,SP,Muito bom,1,157.53,78.765,2
0ad7cb4f48f2a2cf5080e3c19c7cf98c,2,128.22,64.11,5.5,5.0,2,95,bed_bath_table,pindamonhangaba,SP,Muito bom,1,128.22,64.11,2
0b18593e033697810a62a987e77f4b8c,3,190.96,63.653333333333336,1.0,5.0,2,169,bed_bath_table,perdigao,MG,"comprei um tapete mim entregaram outro nao que escolhi, nao compro mais | produdo muito bom recomendo pra todos | recomendo pra todos",1,190.96,63.653333333333336,2
0b402d6dd50694a118c642448e2cb086,2,230.84,115.42,3.5,5.0,2,275,computers_accessories,guarapari,ES,Muito bom,1,230.84,115.42,2
0b4c8216356414f6b079d5cb85bad4aa,1,357.22,178.61,10.0,5.0,2,207,furniture_decor,uberlandia,MG,Muito bom,1,357.22,178.61,2
0b51518c7deffd54b13b007c9f91c3f0,2,285.33000000000004,142.66500000000002,2.5,5.0,2,57,perfumery,ribeirao preto,SP,Muito bom,1,285.33000000000004,142.66500000000002,2
0b613a282e9dfd7cc3ba1c74468053f5,1,1778.3,889.15,10.0,5.0,2,32,furniture_decor,estancia velha,RS,Muito bom,1,410.84875,345.73,2
0b6d4f036c07e10854affe43fc4e718c,2,260.68,86.89333333333333,1.6666666666666667,5.0,2,159,consoles_games,ribeirao das neves,MG,Muito bom | Eu recomendo lojas lannister | Eu recomendo lojas lannister,1,260.68,86.89333333333333,2
0be7af6c16fbca7eff244788f89146a3,2,309.24,154.62,6.0,2.0,2,156,electronics,nova friburgo,RJ,"Nao recebi o produto, recebi a informação de que se estraviou. Silolicitei o cancelamento à lannister e ate agora nada. ",1,309.24,154.62,2
0bf1278577a2acf8532a031d98cd517c,2,284.6,142.3,5.5,4.0,2,258,art,volta redonda,RJ,Muito bom,1,284.6,142.3,2
0c10e674d1504f959a7f2e504148c296,2,144.60000000000002,72.30000000000001,1.0,5.0,2,126,bed_bath_table,ribeirao preto,SP,Otimo serviço. Eu recomendo. Entrega rapida,1,144.60000000000002,72.30000000000001,2
0c1201c04330536234aaa49b396745d4,2,425.44,212.72,2.0,3.5,2,24,home_construction,araras,SP,Muito bom,1,410.84875,212.72,2
0c32aa09e8eced3ea26c2a013b7b75e9,2,331.9,110.63333333333333,1.0,5.0,2,75,sports_leisure,brasilia,DF,Muito bom,1,331.9,110.63333333333333,2
0c33b7ee3cca52240d26f01603841037,1,543.32,271.66,5.0,5.0,2,76,baby,belo horizonte,MG,Muito bom,1,410.84875,271.66,2
0c8286526be3a0fc8f50b7267db95035,2,684.0999999999999,171.02499999999998,8.25,3.5,2,152,sports_leisure,ponta grossa,PR,"Comprei um produto na qual precisava que fosse certo de 800ml, só o produto que recebi tem 750ml. | Comprei um produto na qual precisava que fosse certo de 800ml, só o produto que recebi tem 750ml. | Comprei um produto na qual precisava que fosse certo de 800ml, só o produto que recebi tem 750ml.",1,410.84875,171.02499999999998,2
0cc2ee1112a11a1094eff52fa2e87150,3,920.84,230.21,3.0,5.0,2,330,health_beauty,teresina,PI,Muito bom,1,410.84875,230.21,2
0cfd3bb78e947d0c37c6b6c113871fbd,1,412.08,206.04,10.0,1.0,2,99,furniture_decor,sao paulo,SP,"Meus pedidos estão dando como entregues , mais não recebi minha luminária! | Meus pedidos estão dando como entregues , mais não recebi minha luminária!",1,410.84875,206.04,2
0cfd915db480acd7d9a954409cabfb1c,2,118.15,59.075,4.5,5.0,2,371,garden_tools,cachoeiro de itapemirim,ES,entrega antes do prazo e de acordo com o comprado. ,1,118.15,59.075,2
0d153268371aa25450d4117ff070277e,2,1395.63,465.21,8.333333333333334,2.6666666666666665,2,61,furniture_decor,cachoeiro de itapemirim,ES,Muito bom. adorei | Recebi apenas 1 kit de quadros. Estou aguardando pelo outro kit. | Recebi apenas 1 kit de quadros. Estou aguardando pelo outro kit.,1,410.84875,345.73,2
0d51e04ae0b1d341e4f49812d1f4fbe2,2,195.09,97.545,4.5,5.0,2,105,auto,votuporanga,SP,Muito bom,1,195.09,97.545,2
0d6143cfe10640de5219d18623b3fd8c,1,80.30000000000001,20.075000000000003,1.0,5.0,2,452,health_beauty,sao paulo,SP,Muito bom,1,80.30000000000001,20.075000000000003,2
0d7241c7fb49c1be6e75c9fe99e0822c,2,386.29,128.76333333333335,1.0,4.666666666666667,2,121,bed_bath_table,rio de janeiro,RJ,Muito bom,1,386.29,128.76333333333335,2
0d997d092f93b5c58d0f9b4bd0643d16,2,132.24,66.12,4.5,4.5,2,270,furniture_decor,jundiai,SP,Ótimo produto é boa qualidade.... indico para todos comprar hein | Produto de boa qualidade e chegou dentro do prazo... atendeu às expectativas... recomendo,1,132.24,66.12,2
0df55f5accedda71bda8f4c7f590951f,2,540.94,180.31333333333336,3.6666666666666665,4.0,2,195,stationery,santa rosa de viterbo,SP,"Ótimo  | Ótimo  | ENTREGA RAPIDA, OTIMO FORNECEDOR.",1,410.84875,180.31333333333336,2
0e06af8004ffd01a3461e768f9f659aa,2,495.53,247.765,3.0,5.0,2,282,construction_tools_construction,bodoquena,MS,"Adorei. Moderno, bonito, meu cantinho do café vai ficar top | Amei o produto otima qualidade",1,410.84875,247.765,2
0e201fc3c7b9b02edb2d1a6e7f188912,1,1072.18,536.09,1.0,4.0,2,121,health_beauty,sao paulo,SP,"O pedido foi entregue duplicado, recebi 2 de cada item. Uma das balanças veio danificada. Aguardo a retirada dos itens enviados em duplicidade. | O pedido foi entregue duplicado, recebi 2 de cada item. Uma das balanças veio danificada. Aguardo a retirada dos itens enviados em duplicidade.",1,410.84875,345.73,2
0e34a60534391f19af7e10f1c8ac28d4,1,1445.82,481.94,5.0,2.0,2,48,furniture_living_room,ibipora,PR,as prateleiras não recebi | as prateleiras não recebi | as prateleiras não recebi,1,410.84875,345.73,2
0e4cb268bd62da7db135af6349b4fc2a,3,237.3,59.325,1.0,5.0,3,277,fashion_bags_accessories,barrinha,SP,Muito bom,1,237.3,59.325,2
0e4d012fac3d20c033e0284fb6d2ea6a,2,1833.91,366.782,1.6,5.0,3,7,garden_tools,mato verde,MG,Produto de um ótimo acabamento recomendado.  | Produto de um ótimo acabamento recomendado.  | Produto de um ótimo acabamento recomendado.  | Produto de um ótimo acabamento recomendado. ,1,410.84875,345.73,2
0e764fc1a13e47e900c3d59a989753e8,1,692.18,346.09,3.0,4.0,2,129,computers_accessories,juiz de fora,MG,"Somente a Mala Pequena Bordo Avião 360º Viagem Seanite Preta 12771 foi entregue.
O Auto Transformador Automático Bivolt 5000va Até 12.000 Btus ainda não foi entregue. | Somente a Mala Pequena Bordo Avião 360º Viagem Seanite Preta 12771 foi entregue.
O Auto Transformador Automático Bivolt 5000va Até 12.000 Btus ainda não foi entregue.",1,410.84875,345.73,2
0e78a1b66adee5bb3a6f014714f79cf4,2,477.44,238.72,4.5,5.0,2,145,cool_stuff,rio de janeiro,RJ,Muito bom,1,410.84875,238.72,2
0ea353565cdde00e1d8352a08290a352,2,292.76,146.38,1.0,5.0,2,368,housewares,rio de janeiro,RJ,O filtro chegou quebrado mas o vendedor foi muito atencioso e prontamente enviou outro. Recomendo a loja. ,1,292.76,146.38,2
0eb917bbd8203a7bf6c6447610778d94,1,437.4,218.7,4.0,1.0,2,72,bed_bath_table,sao paulo,SP,"Boa Tarde ! 

Segunda vez que escrevo, comprei 3 produtos no mesmo dia, o pedido foi faturado separadamente , e da loja em questão , recebi apenas 1 produto e deveria ter recebido 2 produtos. | Boa Tarde ! 

Segunda vez que escrevo, comprei 3 produtos no mesmo dia, o pedido foi faturado separadamente , e da loja em questão , recebi apenas 1 produto e deveria ter recebido 2 produtos.",1,410.84875,218.7,2
0ec0111adb427dd69d1803a42c15eca6,1,358.26,179.13,10.0,1.0,2,440,home_confort,guarulhos,SP,Muito bom,1,358.26,179.13,2
0ee19d798610829e56024c0523a3d33e,1,170.42,85.21,8.0,2.0,2,396,furniture_decor,diadema,SP,Tive que buscar nos correios e paguei um frete caro. | Tive que buscar nos correios e paguei um frete caro.,1,170.42,85.21,2
0ee57f62666561b72f2ceacad0230cbf,2,639.55,159.8875,1.0,5.0,2,70,housewares,sao caetano do sul,SP,"chegou super rapio...o produto eh excelente, vou comprar mais 3 pra dar de presentes. | chegou super rapio...o produto eh excelente, vou comprar mais 3 pra dar de presentes. | chegou super rapio...o produto eh excelente, vou comprar mais 3 pra dar de presentes. | PRODUTOS EXCELENTE, OTIMO PERFUME, FIXADOR FANTASTICO. cHEGOU SUPER RAPIDO",1,410.84875,159.8875,2
0ef7b906320b21fe4d39f99496aaa2d8,2,210.22,105.11,1.5,5.0,2,25,art,sao joao de meriti,RJ,"Se eu soubesse tinha comprado o maior,pois ele é um belíssimo quadro.",1,210.22,105.11,2
0ef9d8635fb18550d0f8d3a9b7f512be,1,385.9,192.95,3.0,1.0,2,278,consoles_games,sao paulo,SP,Muito bom,1,385.9,192.95,2
0efd5025e6544ef110881866b945d0cc,2,86.99,43.495,3.5,5.0,2,19,books_general_interest,sao paulo,SP,Manter essa fiel filosofia de cumprir datas e se preocupar com o pós venda | Tudo foi feito conforme tratado e contratado,1,86.99,43.495,2
0f0b49d45120fcb28bda56e94bc85673,2,1151.49,383.83,15.0,5.0,2,202,health_beauty,bauru,SP,Muito bom,1,410.84875,345.73,2
0f10b8ff009bd48947dfe40a06e329d0,1,330.22,165.11,1.0,5.0,2,458,luggage_accessories,florianopolis,SC,Muito bom,1,330.22,165.11,2
0f187f58097c5431d5244e1fe1383884,2,277.81,92.60333333333334,2.333333333333333,3.6666666666666665,2,233,garden_tools,santo anastacio,SP,Muito bom,1,277.81,92.60333333333334,2
0f1bd80ed58b9d0f45dca1bb396d8ac9,2,92.73,46.365,1.0,5.0,2,106,garden_tools,curitiba,PR,"O produto molfix é ótimo.
Que comprei mais direto com a loja.
A loja americana é excelente.
 | Gostei muito do produto alinha certo veio na embalagem original,nota fiscal num envelope,(achei formidável ) merecem nota máxima em organização, qualidade do produto, veio certinho na caixa .
",1,92.73,46.365,2
0f26a77f8de836d7c44b4694e0fa3ea4,2,95.61,47.805,1.5,2.5,2,76,bed_bath_table,sao paulo,SP,comprei liquido e veio comprimidos,1,95.61,47.805,2
0f38a44168ec569a3f783ebf98d79095,2,119.88,59.94,2.0,5.0,2,280,food,japuiba,RJ,bom | bom,1,119.88,59.94,2
0f4054aa9ac17890e078d931362ae93a,1,221.32,110.66,6.0,4.0,2,23,food,belo horizonte,MG,Muito bom,1,221.32,110.66,2
0f64cafdb3e1e4806c99ff165305e27f,2,195.16,97.58,5.5,3.0,2,148,auto,braganca paulista,SP,"Anunciam um produto de uma marca entregam de outra inclusive não me deram uma resposta sobre o outro produto que comprei trata-se de uma fonte para Xbox 360 no anúncio original chegou um similar e ai? | Bom produto com 2 pontos para encaixar a lâmina e é base de fechamento onde trás segurança ao travar.
Peso ideal para ter melhor precisão no acabamento do pezinho",1,195.16,97.58,2
0fd39850656e7e4f90ee62a86f03c3f4,1,591.75,197.25,2.0,5.0,2,383,toys,cascavel,CE,ótimo produto amei.....  | ótimo produto amei.....  | ótimo produto amei..... ,1,410.84875,197.25,2
0fd39b61ec94864f92e18e5d7144bc6c,2,620.1,206.7,7.333333333333333,2.333333333333333,3,156,baby,barbacena,MG,"Dos itens citados recebi apenas o suporte para presunto, os guardanapos ainda não foram entregues!!! | Dos itens citados recebi apenas o suporte para presunto, os guardanapos ainda não foram entregues!!!",1,410.84875,206.7,2
100a1a0fe9f738719f7b63e3eadf5ebe,1,971.67,323.89,12.0,1.0,2,158,auto,rondon do para,PA,"Eram mais de um item e até agora só chegou a panela de pressão . Estou habituada a comprar nas lojas lannister e tenho esperança de receber o que paguei.
Kit Vitrificador de plástico e Revelador de  | Eram mais de um item e até agora só chegou a panela de pressão . Estou habituada a comprar nas lojas lannister e tenho esperança de receber o que paguei.
Kit Vitrificador de plástico e Revelador de  | Eram mais de um item e até agora só chegou a panela de pressão . Estou habituada a comprar nas lojas lannister e tenho esperança de receber o que paguei.
Kit Vitrificador de plástico e Revelador de ",1,410.84875,323.89,2
1041688b50cfd8ef6df6086a1746a30c,2,64.46000000000001,32.230000000000004,1.5,4.5,2,0,electronics,petropolis,RJ,Muito bom,1,64.46000000000001,32.230000000000004,2
10b58cbd6607267fd41812614367439e,2,323.96,161.98,3.0,5.0,2,233,bed_bath_table,caratinga,MG,s,1,323.96,161.98,2
110991b379efbcebb0d35cbd20bf9698,2,109.93,54.965,1.0,3.0,2,141,costruction_tools_tools,costa rica,MS,essa baratheon é ruim não tem atendente para não receber reclamações,1,109.93,54.965,2
1118a7bb7ba893f10740e22a23aa5bd9,2,88.42,44.21,2.0,5.0,2,224,bed_bath_table,curitiba,PR,Muito bom,1,88.42,44.21,2
11395124061744bf276aefd8073f3105,2,251.5,62.875,3.0,5.0,2,324,food_drink,sao paulo,SP,"Ótimo produto. Custo e benefício.  | Entrega rápida, bem embalada. Referente o café estou testando ainda.  | Entrega rápida, bem embalada. Referente o café estou testando ainda.  | Ótimo produto. Custo e benefício. ",1,251.5,62.875,2
115030e27b9970683ad81cb05679157c,2,173.09,86.545,1.0,5.0,2,98,home_construction,jundiai,SP,Recomendo o produto e o vendedor | Ótimo vendedor,1,173.09,86.545,2
1175e95fb47ddff9de6b2b06188f7e0d,2,127.28,42.42666666666667,1.0,5.0,2,223,furniture_decor,curitiba,PR,chegou antesdo programado | chegou antes do prometido | chegou antes do prometido,1,127.28,42.42666666666667,2
1189dba988b83709e2f76ba09c64d667,1,700.36,350.18,4.0,3.0,2,16,construction_tools_construction,rio de janeiro,RJ,Recebei apenas um dos dois produtos. o Rolo de liberação miofascial não foi entregue. | Recebei apenas um dos dois produtos. o Rolo de liberação miofascial não foi entregue.,1,410.84875,345.73,2
118be57d1b7de439453a0c6625ad7934,2,87.38,43.69,2.5,4.0,2,374,sports_leisure,salvador,BA,Muito bom,1,87.38,43.69,2
11919542cd2080bad74c41346d04f996,1,126.36,63.18,5.0,5.0,2,469,fixed_telephony,sao goncalo,RJ,Ótima Loja online | Ótima Loja online,1,126.36,63.18,2
1197ba886110324a1519fff17dd8d1d2,2,118.1,59.05,3.5,4.5,2,373,auto,serra,ES,Muito bom,1,118.1,59.05,2
11abb5530db9840be4b5287c63e6e7e1,1,616.82,308.41,1.0,1.0,2,269,bed_bath_table,santos dumont,MG,Já mandei várias mensagens para a empresa informando que o status da entrega está errado. Chegou apenas um pacote. O das prateleiras. A cortina não chegou.O correio disse que é um rastreio por item. | Já mandei várias mensagens para a empresa informando que o status da entrega está errado. Chegou apenas um pacote. O das prateleiras. A cortina não chegou.O correio disse que é um rastreio por item.,1,410.84875,308.41,2
11b47516f8f6a42105b9807903ede333,2,422.86,140.95333333333335,8.0,2.333333333333333,2,190,cool_stuff,queimados,RJ,Recebi apenas o controle ... o balde de peças não foi entregue. | Recebi apenas o controle ... o balde de peças não foi entregue.,1,410.84875,140.95333333333335,2
11e95918d6816403858e8314a3503f4c,2,259.32,129.66,1.0,5.0,2,55,baby,sao paulo,SP,Muito bom,1,259.32,129.66,2
121b5a0ae9d09a2ca5e8090fd2a00a58,2,146.26999999999998,73.13499999999999,3.5,5.0,2,493,computers_accessories,barra do pirai,RJ,"Porém pensei que fosse cartucho original da canon o prixma, mas mesmo assim foi útil pois impressora aceitou bem, a canon não costuma aceitar se não for cartucho original, mas aceitou bem. | Muito boa em tudo , e produto chega bem antes do tempo previsto ",1,146.26999999999998,73.13499999999999,2
124ef8d5acc80858c69d34e3e08b572d,2,432.74,216.37,4.0,3.5,2,40,health_beauty,erval grande,RS,Muito bom,1,410.84875,216.37,2
1291474366a550ebc251d9187e763d62,2,156.85,78.425,2.0,4.0,2,423,bed_bath_table,sao jose dos campos,SP,tive que buscar nos correios | Bom,1,156.85,78.425,2
12c380ee1d82a3c375a07a8cd7df1241,1,1548.06,774.03,10.0,4.0,2,195,construction_tools_lights,sao paulo,SP,Nunca tive problemas. Boa loja | Nunca tive problemas. Boa loja,1,410.84875,345.73,2
12d8b5ed661190a3a08183644dfc504d,4,1253.94,208.99,4.666666666666667,3.5,3,119,baby,montanha,ES,"Recebi ate agora só um item, e são dois...  | Recebi ate agora só um item, e são dois... ",1,410.84875,208.99,2
12f5d6e1cbf93dafd9dcc19095df0b3d,6,110.72,18.453333333333333,1.0,5.0,3,600,furniture_bedroom,curitiba,PR,Recebi bem antes do prazo informado e o produto é de qualidade. Veio devidamente embalado e com nota fiscal. | Recebi antes do prazo de entrega informado e o produto veio devidamente embalado e com NF. Recomendo 100% | Super recomendo essa loja! Recebi bem antes do prazo informado e o produto é exatamente o que eu esperava!  | Recomendo a loja! Produto entregue dentro do prazo e de ótima qualidade. Exatamente como esperava.,1,110.72,18.453333333333333,2
130f4a32887cc549621b3c6cf36bf77e,2,227.03,113.515,2.0,5.0,2,11,furniture_decor,suzano,SP,"Sou cliente a bastante tempo e amo comprar com vcs ..sempre com pontualidade me entregam sempre antes da data ..sempre recomendo . | Amei meu produto, super recomendo",1,227.03,113.515,2
13473af264dea0facd893d6516900b22,2,135.17000000000002,67.58500000000001,1.0,5.0,2,110,baby,belo horizonte,MG,Muito bom,1,135.17000000000002,67.58500000000001,2
1372bab98f9966bcd4a6fa3e6df6dde8,2,245.29,122.645,1.0,5.0,2,225,fashion_male_clothing,sao paulo,SP,Muito bom,1,245.29,122.645,2
1373e04979cfa0fb2092909abbd57f25,3,609.12,203.04,8.666666666666666,5.0,2,118,fashion_bags_accessories,valenca,BA,Muito feliz!! | Muito feliz com a compra.  | Recomendo!!,1,410.84875,203.04,2
1377d9215edc3e6561ea64d1287f215f,1,190.18,95.09,9.0,5.0,2,320,construction_tools_construction,porto alegre,RS,Muito bom,1,190.18,95.09,2
1383a85c693c3af1f959f635a1cf9c4f,1,521.02,260.51,1.0,1.0,2,512,garden_tools,tres passos,RS,"Todos os produtos vieram errados, cor diferente, móvel quebrado e não consigo pós venda nem de loja, nem email, nem telefone. | Todos os produtos vieram errados, cor diferente, móvel quebrado e não consigo pós venda nem de loja, nem email, nem telefone.",1,410.84875,260.51,2
138a7cdb83d4045819dce1ced63ce65d,1,766.6800000000001,255.56000000000003,10.0,3.0,2,274,home_confort,tupaciguara,MG,Faltou 1 jogo de toalha...😠  | Faltou 1 jogo de toalha...😠  | Faltou 1 jogo de toalha...😠 ,1,410.84875,255.56000000000003,2
139093b1c6e7e3108ac0469ce43bfb99,2,814.54,162.908,5.0,5.0,2,15,garden_tools,niteroi,RJ,Muito bom,1,410.84875,162.908,2
13f2cd34cc492138e8725dea6dc4d7d5,1,1205.76,602.88,4.0,2.0,2,218,sports_leisure,jundiai,SP,Recebi o relógio cronometro mas não recebi a argola olímpica. | Recebi o relógio cronometro mas não recebi a argola olímpica.,1,410.84875,345.73,2
142575266950512b56af193f3962270a,2,254.38,127.19,3.5,4.5,2,193,computers_accessories,rio de janeiro,RJ,Recomendo. | Bom Produto. Recomendo.,1,254.38,127.19,2
142dc6250eac579893595d9889411834,2,240.92,120.46,4.5,5.0,2,90,health_beauty,itapecerica da serra,SP,Gostei muito do relógio eu aprovo....marca muito boa só não testei na água ainda,1,240.92,120.46,2
1442fcbc506358b976d780bb7dd31470,1,790.64,395.32,1.0,5.0,2,322,electronics,campo novo,RS,RECOMENDO PRODUTO MUITO BOM  | RECOMENDO PRODUTO MUITO BOM ,1,410.84875,345.73,2
144c634298251b2555afab18146796bb,1,474.22,237.11,3.0,2.0,2,84,furniture_decor,prudentopolis,PR,Muito bom,1,410.84875,237.11,2
1450ca0539e1e64a77c08ba841c8be94,2,290.37,145.185,5.5,5.0,2,43,health_beauty,araras,SP,SITE SUPER SEGURO,1,290.37,145.185,2
1471f06ff773d456b05502416dd0b583,1,204.08,102.04,7.0,1.0,2,275,computers_accessories,ilha solteira,SP,Tive problemas com a entrega. E ainda não mandaram todos os produtos! | Tive problemas com a entrega. E ainda não mandaram todos os produtos!,1,204.08,102.04,2
1477c54a1abe3610e3e9ab411801cecb,2,258.67,129.335,3.0,5.0,2,319,bed_bath_table,blumenau,SC,Muito bom,1,258.67,129.335,2
149c19901ddcd1057deaabc003004a12,2,761.94,253.98,2.0,2.333333333333333,2,366,cool_stuff,campo grande,MS,Só recebi abolça o kit berco não  | Só recebi abolça o kit berco não ,1,410.84875,253.98,2
14cf1de486a8a3a9373a4eb38f8f5506,1,785.67,261.89,1.0,5.0,2,99,bed_bath_table,sao paulo,SP,PRODUTO ENTREGUE ANTES DA DATA MARCADA. PARABÉNS | PRODUTO ENTREGUE ANTES DA DATA MARCADA. PARABÉNS | PRODUTO ENTREGUE ANTES DA DATA MARCADA. PARABÉNS,1,410.84875,261.89,2
14f64911f31f3722899596d1095a233e,1,1059.27,353.09,10.0,1.0,2,9,construction_tools_lights,betim,MG,Se não me derem uma posição quanto o meu pedido não entregue terei que tomar minhas providências na justica para sanar meu problema. | Se não me derem uma posição quanto o meu pedido não entregue terei que tomar minhas providências na justica para sanar meu problema. | Se não me derem uma posição quanto o meu pedido não entregue terei que tomar minhas providências na justica para sanar meu problema.,1,410.84875,345.73,2
1500da334da019c68fda219f942ba38a,2,596.76,298.38,1.0,5.0,2,107,cool_stuff,caxias do sul,RS,Muito bom,1,410.84875,298.38,2
1506abf10c09a2872e24d79f33e4eb12,2,470.9,235.45,5.5,4.0,2,146,auto,campinas,SP,Lindo... Só faltou instruções da troca de pulseiras.,1,410.84875,235.45,2
151e9edb34867eaece4d6e7ae188f261,2,439.54,219.77,6.0,3.0,2,69,musical_instruments,recife,PE,Vários atrasos e o produto com absurdo de atraso!! Aguardando providências da lannister.com,1,410.84875,219.77,2
155be55796f02d42350765e7703821f5,1,168.2,84.1,1.0,4.0,2,68,construction_tools_construction,alto paraiso de goias,GO,Muito bom,1,168.2,84.1,2
1590457b4be348b165ff7030a6f94dce,2,177.75,88.875,3.0,3.5,2,419,furniture_decor,sao paulo,SP,"Tudo perfeito | nao é do tam. do tablet q comprei e quero desistir da compra, ja mandei de volta com 3 dias de recebido e conforme a lei posso cancelar ate 7 d. mas querem q eu pague o frete, nao cumprem a lei ",1,177.75,88.875,2
15a38a0c1bf789e06ec42d24e485e794,2,382.64,127.54666666666668,1.0,3.6666666666666665,2,226,furniture_decor,diadema,SP,O forro interno é frágil e todo manchado de tinta o suporte de controle tem grandes falhas na pintura interna | O forro interno é frágil e todo manchado de tinta o suporte de controle tem grandes falhas na pintura interna,1,382.64,127.54666666666668,2
15a52a044cbf18c87283f8c460ad5ccf,2,68.11,34.055,3.0,5.0,2,15,cool_stuff,ibiuna,SP,Muito bom,1,68.11,34.055,2
15eb6c5aa4aa23cbdb42e119220d23ec,2,436.88,218.44,10.0,5.0,2,314,cool_stuff,dourados,MS,Produto lindo.,1,410.84875,218.44,2
15ebccd5a7e89574bdf3c0cc0503f060,1,706.92,235.64,10.0,5.0,2,469,market_place,duque de caxias,RJ,Muito bom,1,410.84875,235.64,2
161009f7d03bf7b838c66179b0c34872,1,445.62,222.81,5.0,5.0,2,138,furniture_decor,registro,SP,Muito bom,1,410.84875,222.81,2
161b2eb506dd664bb5d23dc701a14b59,2,314.39,78.5975,5.0,3.0,2,405,fashion_bags_accessories,bom jesus do tocantins,PA,So acho que deveria ser entregue todos juntos. | So acho que deveria ser entregue todos juntos. | So acho que deveria ser entregue todos juntos. | So acho que deveria ser entregue todos juntos.,1,314.39,78.5975,2
1647c6dc2941bd075dc5dd3448807bed,2,367.82,122.60666666666668,2.0,4.0,2,373,furniture_decor,torres,RS,Muito bom,1,367.82,122.60666666666668,2
164ba50c15bd1157975375a75bbde58e,2,95.1,47.55,1.0,5.0,2,464,electronics,itapeva,MG,Produto entregue. | Produto entregue.,1,95.1,47.55,2
16534282c820ca754b8de47754bb6d1a,1,729.76,364.88,1.0,1.0,2,225,cool_stuff,limeira,SP,Muito bom,1,410.84875,345.73,2
165d93a9d1da194b47da42c9cf810ebd,2,604.79,302.395,13.5,4.5,2,359,bed_bath_table,sao paulo,SP,Muito bom,1,410.84875,302.395,2
16a2e4356a0e4433e45df462ca7606fa,1,413.98,206.99,8.0,4.0,2,97,health_beauty,macae,RJ,Só chegou o pau de selfie. | Só chegou o pau de selfie.,1,410.84875,206.99,2
16c8e42089546fde55ed3caa46478e7a,2,176.13,88.065,7.0,5.0,2,151,stationery,ananindeua,PA,Muito bom,1,176.13,88.065,2
16f8c97e3a58560cfd64cff33dd78515,1,437.6,218.8,1.0,3.0,2,277,bed_bath_table,patos de minas,MG,"Comprei dois jogos de toalhas e recebi apenas um, porém na nota fiscal consta os dois. Como vou receber o outro jogo? comprei um vermelho e um tabaco, recebi apenas o vermelho. | Comprei dois jogos de toalhas e recebi apenas um, porém na nota fiscal consta os dois. Como vou receber o outro jogo? comprei um vermelho e um tabaco, recebi apenas o vermelho.",1,410.84875,218.8,2
172e5ceb39fc662dc3cd66286385e91c,1,1010.58,336.86,1.0,5.0,2,461,furniture_decor,porto alegre,RS,"Ocorreu tudo como contratado sendo a entrega realizada antes do prazo 
 Estou satisfeita
 | Ocorreu tudo como contratado sendo a entrega realizada antes do prazo 
 Estou satisfeita
 | Ocorreu tudo como contratado sendo a entrega realizada antes do prazo 
 Estou satisfeita
",1,410.84875,336.86,2
176df29483e4fb6ce1d6dd1c824ad72d,2,153.7,76.85,1.0,3.0,2,108,computers_accessories,sao miguel arcanjo,SP,Muito bom,1,153.7,76.85,2
1772c0fbee58b154da028487de51b74c,2,772.58,193.145,10.0,5.0,2,42,construction_tools_lights,sao paulo,SP,"Produto lindo,adorei!! | Fiquei muito satisfeita com o produto,fiz um pedido especial para entrega ,e eles acolheram este pedido,que pra mim fez toda a diferença.Muito feliz obrigada nota 10. | Produto lindo,adorei!! | Fiquei muito satisfeita com o produto,fiz um pedido especial para entrega ,e eles acolheram este pedido,que pra mim fez toda a diferença.Muito feliz obrigada nota 10.",1,410.84875,193.145,2
1772d62f5099be6942fbb3d3e881cc7c,2,192.14,96.07,2.0,1.0,2,124,musical_instruments,sorocaba,SP,"O produto veio diferente da q mostra na foto, não é de luxo, nem acolchoado como dizia. | O produto veio em mal estado de limpeza, parecia já ter sido usado, o espelho riscado",1,192.14,96.07,2
177c725937ae5f96171bb8b43f196dfa,2,220.33,110.165,2.0,5.0,2,488,food,sao paulo,SP,vou continuar comprando aqui.,1,220.33,110.165,2
178a58ded2b9be43b90300e0e0e8e66c,2,163.85,81.925,1.5,5.0,2,291,bed_bath_table,salvador,BA,Muito bom,1,163.85,81.925,2
179f496c6c02a7640d09f0843452e0fc,2,228.97,114.485,1.0,3.0,2,277,health_beauty,jarinu,SP,Muito bom,1,228.97,114.485,2
18186af785c301b05127a291eac901e1,2,127.38,63.69,4.5,5.0,2,75,bed_bath_table,brasilia,DF,Muito bom,1,127.38,63.69,2
1856e7ddbf6567f246428dee7282b021,1,582.66,291.33,10.0,1.0,2,76,housewares,sao goncalo do amarante,RN,"Pessoa,boa tarde. Informo que só chegou a base ,o cesto de roupa não chegou. Informo também que o frete na nota fiscal veio diferente do valor que eu tinha calculado,veio 3x maior.Solicito devolução. | Pessoa,boa tarde. Informo que só chegou a base ,o cesto de roupa não chegou. Informo também que o frete na nota fiscal veio diferente do valor que eu tinha calculado,veio 3x maior.Solicito devolução.",1,410.84875,291.33,2
18753de7f8b65856d23473280e71ceb2,2,324.1,162.05,5.0,5.0,2,146,bed_bath_table,pinhalao,PR,Loja excelente | Mistura super bem... ótimo. ,1,324.1,162.05,2
188fef954caac5f041726349d2bd8a6e,1,194.62,97.31,8.0,3.0,2,20,auto,niteroi,RJ,O aspirador não chegou | O aspirador não chegou,1,194.62,97.31,2
18a65d67bb184e736656cc017f09f7b8,3,330.06,82.515,1.0,5.0,3,137,housewares,rio de janeiro,RJ,Muito bom,1,330.06,82.515,2
18ac369326ec0aafe3ae0e397b14102b,1,3376.08,1125.36,1.0,5.0,2,23,furniture_decor,palmas,TO,produto de qualidade e entrega dentro do prazo | produto de qualidade e entrega dentro do prazo | produto de qualidade e entrega dentro do prazo,1,410.84875,345.73,2
18bc87094128bbfe943cf88adcf72059,2,111.54,55.77,1.0,5.0,2,65,furniture_decor,sao paulo,SP,Muito bom,1,111.54,55.77,2
18d61a27f478cd6201df948578f814f9,2,186.3,93.15,1.5,4.5,2,127,fashion_bags_accessories,jundiai,SP,Muito bom,1,186.3,93.15,2
18e3d276253780b44b5b7bf83f6785ec,3,168.85,42.2125,1.25,5.0,2,273,furniture_decor,guaruja,SP,Muito bom,1,168.85,42.2125,2
18f17efd50fd7e9595cc1a40205c937c,2,162.85,54.28333333333333,1.0,4.0,2,361,furniture_decor,sao bernardo do campo,SP,Muito bom,1,162.85,54.28333333333333,2
191e0f453bea7f50ce1fcd514af38835,2,110.93,36.97666666666667,1.0,2.333333333333333,2,289,health_beauty,sao borja,RS,Muito bom,1,110.93,36.97666666666667,2
193724657ce8f22013ad1d1c480ab7aa,1,276.04,138.02,2.0,1.0,2,138,auto,lorena,SP,Recebi apenas o jogo de tapetes. A micro válvula de aerógrafo não recebi. | Recebi apenas o jogo de tapetes. A micro válvula de aerógrafo não recebi.,1,276.04,138.02,2
194be31520cde5c527bad17720119e85,2,453.25,151.08333333333334,10.0,5.0,2,380,fashion_shoes,ibiuna,SP,Recomendo. Produtos de ótima qualidade. | Recomendo. Produtos de ótima qualidade. | Excelente produto. Atendeu as minhas expectativas.,1,410.84875,151.08333333333334,2
194f1bab01e4e36f4255603e9a427b89,2,262.56,131.28,2.0,5.0,2,37,fashion_male_clothing,pouso alegre,MG,Muito bom,1,262.56,131.28,2
195b57be963164644ee9621346d2c3fb,1,1026.92,513.46,5.0,1.0,2,83,perfumery,campo maior,PI,Muito bom,1,410.84875,345.73,2
198ba72088fecd3caeaf2dca0addcfb9,2,349.3,174.65,10.0,4.0,2,200,garden_tools,vila velha,ES,Muito bom,1,349.3,174.65,2
1998449253c1f197265245e933ea21a7,1,1470.94,735.47,10.0,5.0,2,119,computers_accessories,sao paulo,SP,A entrega foi antecipada pela loja. Bom preços com agilidade. Vale comprar. | A entrega foi antecipada pela loja. Bom preços com agilidade. Vale comprar.,1,410.84875,345.73,2
19be5923f7d998e76b9f3b1eb87c32af,2,177.81,88.905,1.0,5.0,2,222,furniture_decor,santa rosa de lima,SC,Muito bom,1,177.81,88.905,2
19bedfc18c92d4e7eb6ba318a6c2033c,2,2064.18,688.06,4.333333333333333,5.0,2,144,housewares,rio de janeiro,RJ,"Antes do prazo. ótimo. Recomendo. | Antes do prazo. ótimo. Recomendo. | O produto comprado chegou correto, no prazo certo.",1,410.84875,345.73,2
19c60787f1a478ec7345d03bc4298398,2,1387.34,346.835,1.0,3.0,2,279,cool_stuff,brasilia,DF,Muito bom,1,410.84875,345.73,2
19c71fdf1535be1defdd27109d9aa12e,1,248.64,124.32,1.0,1.0,2,304,stationery,valinhos,SP,Eu comprei 2 produtos: uma máscara do Hulk e uma mochila do Hulk. Somente a máscara foi entregue. Gostaria de saber como proceder. | Eu comprei 2 produtos: uma máscara do Hulk e uma mochila do Hulk. Somente a máscara foi entregue. Gostaria de saber como proceder.,1,248.64,124.32,2
19da55454167240f3a4a39430007d074,2,263.28,131.64,2.0,5.0,2,338,furniture_decor,rio de janeiro,RJ,Muito bom,1,263.28,131.64,2
19de4cc79e2c2986e70b155b7631f61c,2,200.08,100.04,4.5,4.0,2,124,fashion_bags_accessories,sao carlos,SP,Muito bom,1,200.08,100.04,2
19ec0b29446735170b035f6d2abcd667,1,320.34000000000003,106.78000000000002,1.0,1.0,2,11,costruction_tools_garden,cariacica,ES,"Não recebi a arandela, apenas os números. Gostaria de saber quando vou receber pois estou precisando urgente.  | Não recebi a arandela, apenas os números. Gostaria de saber quando vou receber pois estou precisando urgente.  | Não recebi a arandela, apenas os números. Gostaria de saber quando vou receber pois estou precisando urgente. ",1,320.34000000000003,106.78000000000002,2
19f19354cf9524cc834a5036ff79925c,2,95.14,47.57,3.0,5.0,2,85,computers_accessories,belo horizonte,MG,Muito bom,1,95.14,47.57,2
19f735a9a58a187253055f9d4bcc2bb6,2,122.12,61.06,5.0,5.0,2,138,housewares,lorena,SP,Super indico. Parabéns Loja americana.. bem antes do prazo! 👏,1,122.12,61.06,2
19f8fcd23ed70e29220a6a2f13ecd911,2,345.20000000000005,57.53333333333334,1.0,3.6666666666666665,2,268,bed_bath_table,sao paulo,SP,Por favor envie o outro jogo de tapete de sapinho  | Por favor envie o outro jogo de tapete de sapinho  | Por favor envie o outro jogo de tapete de sapinho  | Por favor envie o outro jogo de tapete de sapinho ,1,345.20000000000005,57.53333333333334,2
1a13743254d9c8e6360106295947932f,2,891.9000000000001,297.3,9.333333333333334,5.0,2,59,telephony,sao miguel,RN,"Recibi o meu pedido antes do prazo, poucas lojas tem a eficiência do baratheon loja nota 1000. | Recebi o meu produto antes do prazo de entrga, otima lija! | Recebi o meu produto antes do prazo de entrga, otima lija!",1,410.84875,297.3,2
1a224a54793429260e63146ddaa7a036,1,427.28,213.64,2.0,1.0,2,322,housewares,campo largo,PR,Produto entregue pela metade so recebi a mochila dos carros as formas não vieram | Produto entregue pela metade so recebi a mochila dos carros as formas não vieram,1,410.84875,213.64,2
1a24445f0e6006e4336ecba4ba576e4b,2,142.04,71.02,6.5,5.0,2,228,cool_stuff,rio de janeiro,RJ,Muito bom,1,142.04,71.02,2
1a281fe9f53ee457dacd2c9e8ccf861f,2,595.5500000000001,148.88750000000002,7.0,4.25,2,64,furniture_decor,volta redonda,RJ,Muito bom,1,410.84875,148.88750000000002,2
1a2ede4e787ad199c46719ecb02d81ea,2,252.76,126.38,1.0,4.0,2,12,computers_accessories,sao paulo,SP,Muito bom,1,252.76,126.38,2
1a328a664417dc7cbff0ed7df49f5a3d,2,442.58,147.52666666666667,8.666666666666666,5.0,2,132,sports_leisure,sao carlos,SP,Produto muito bom e chegou dentro do prazo! | Produto muito bom e chegou dentro do prazo!,1,410.84875,147.52666666666667,2
1a73a85589f553d255cc0ad4545c588a,1,503.14,251.57,5.0,2.0,2,151,furniture_decor,santos,SP,Muito bom,1,410.84875,251.57,2
1a871dc1de3ae88bf92c8d94ca34fa9f,1,271.68,135.84,1.0,3.0,2,456,bed_bath_table,valinhos,SP,Muito bom,1,271.68,135.84,2
1ac4011bec2c0d9ce8eceb56bb1142c7,2,192.11,96.055,2.0,4.5,2,9,computers_accessories,brasilia,DF,Muito bom,1,192.11,96.055,2
1af3dcbc89998031651925e3994eab18,2,119.08,59.54,1.0,5.0,2,149,furniture_decor,sao paulo,SP,Muito bom,1,119.08,59.54,2
1b277f8bf9377e4d88b9022df406e9a6,1,1658.04,276.34,10.0,1.0,3,41,furniture_decor,limeira,SP,"Comprei 3 plafons de led, 2 ralos inteligentes e 2 luminarias. Um dos ralos veio quebrado, comprometendo a funcionalidade do mesmo, e as 2 luminárias simplesmente não foram entregues. E ate agora nada | Comprei 3 plafons de led, 2 ralos inteligentes e 2 luminarias. Um dos ralos veio quebrado, comprometendo a funcionalidade do mesmo, e as 2 luminárias simplesmente não foram entregues. E ate agora nada | Comprei 3 plafons de led, 2 ralos inteligentes e 2 luminarias. Um dos ralos veio quebrado, comprometendo a funcionalidade do mesmo, e as 2 luminárias simplesmente não foram entregues. E ate agora nada | Comprei 3 plafons de led, 2 ralos inteligentes e 2 luminarias. Um dos ralos veio quebrado, comprometendo a funcionalidade do mesmo, e as 2 luminárias simplesmente não foram entregues. E ate agora nada | Comprei 3 plafons de led, 2 ralos inteligentes e 2 luminarias. Um dos ralos veio quebrado, comprometendo a funcionalidade do mesmo, e as 2 luminárias simplesmente não foram entregues. E ate agora nada | Comprei 3 plafons de led, 2 ralos inteligentes e 2 luminarias. Um dos ralos veio quebrado, comprometendo a funcionalidade do mesmo, e as 2 luminárias simplesmente não foram entregues. E ate agora nada",1,410.84875,276.34,2
1b4df9eac3b620a7edbbd5e0ff34b7d4,1,164.86,82.43,3.0,5.0,2,73,bed_bath_table,rio de janeiro,RJ,Muito bom,1,164.86,82.43,2
1b5720c7b0ee7183c2eafe3dba65111b,2,66.01,33.005,2.5,4.0,2,277,housewares,santo andre,SP,"Capinha perfeta, como uma luva. Pelicula não ficou perfeita, com algumas bolhas de ar nos extremos | tirando as rebarbas com uma lixa, ótimo produto",1,66.01,33.005,2
1b6c7548a2a1f9037c1fd3ddfed95f33,7,1386.54,138.654,1.0,5.0,5,196,furniture_decor,ituiutaba,MG,Muito bom,1,410.84875,138.654,2
1b6e96ed99cb8d135efe220d761bbd67,3,176.39,44.0975,1.0,5.0,3,13,bed_bath_table,monte mor,SP,Muito bom,1,176.39,44.0975,2
1b765716e166ca699d20c4adc8bb0f7c,2,351.2,117.06666666666666,2.0,5.0,2,514,furniture_decor,sao paulo,SP,Muito bom,1,351.2,117.06666666666666,2
1b7733821d1e0ec8907bbb441271f80b,2,147.01,73.505,7.0,2.5,2,327,bed_bath_table,guarulhos,SP,Muito bom,1,147.01,73.505,2
1b7b7f9631cd453251d0b328c9b38a2a,2,310.84000000000003,155.42000000000002,5.5,5.0,2,43,furniture_living_room,sao leopoldo,RS,Produto lindo....ameu5,1,310.84000000000003,155.42000000000002,2
1c4531b533d17f3b316de441268e513c,2,85.71,42.855,1.0,5.0,2,337,housewares,sao paulo,SP,Recebi o produto antes do prazo. Adorei ! Muito bom mesmo. | Chegou ant,1,85.71,42.855,2
1c553721323d2cf153d114724b92118e,2,195.63,97.815,1.0,4.5,2,145,computers_accessories,franco da rocha,SP,Produto chegou antes do prazo e com qualidade. | Vendedor cumpriu o prazo de entrega e o produto é de qualidade...,1,195.63,97.815,2
1c628081cb579ed6035b9aa8614e69f4,3,202.56,67.52,1.0,4.0,2,99,computers_accessories,ribeirao preto,SP,"Infelizmente o produto veio com defeito, a mídia esta corrompida....Perdi a troca pois inutilizei a embalagem sem antes testar, o que me deixa incapacitado de trocar... | Tudo como anunciado....Ótimo produto...",1,202.56,67.52,2
1c98969880c8c7c522bc4677dfce9384,2,387.05,129.01666666666665,5.666666666666667,3.6666666666666665,3,159,bed_bath_table,barra do pirai,RJ,"E BONITO! | Recebi apenas o suporte de teto, o coletor de pilhas ainda não.  | Recebi apenas o suporte de teto, o coletor de pilhas ainda não. ",1,387.05,129.01666666666665,2
1cbda36ee89944baa7a738ddbdc4679a,2,540.72,270.36,3.0,3.0,2,112,toys,niteroi,RJ,"Estou com problemas de pedido. O parceiro não responde, envia pedido errado e não retorna.",1,410.84875,270.36,2
1cc48564488184883cc7923b82c7b3f9,2,908.32,227.08,1.0,5.0,3,403,bed_bath_table,recife,PE,Muito bom,1,410.84875,227.08,2
1ce879e096d3c38f230acdab7165332e,2,199.38,99.69,2.0,4.0,2,103,auto,sao paulo,SP,"Muito bom, entregue antes do prazo.



 | Ótimo
",1,199.38,99.69,2
1d0be6ff723818bb810023b236405017,2,96.26,48.13,1.0,4.5,2,29,auto,rio de janeiro,RJ,Muito bom,1,96.26,48.13,2
1d400576252c095cd50974972b4f7f6e,1,473.08,236.54,10.0,3.0,2,273,bed_bath_table,sao bernardo do campo,SP,Muito bom,1,410.84875,236.54,2
1d59e4eecfa206d206db45c317e78920,1,282.48,141.24,1.0,5.0,2,393,bed_bath_table,bom despacho,MG,Muito bom,1,282.48,141.24,2
1d72aaec15863f7532b2dbf4a5c4247d,2,479.56,239.78,4.0,5.0,2,363,perfumery,sao carlos,SP,Muito bom,1,410.84875,239.78,2
1d7c9872acb163f50b958fa4b729dd02,1,369.54,184.77,1.0,5.0,2,80,computers_accessories,santo antonio de padua,RJ,Muito bom,1,369.54,184.77,2
1d7e8be24bca64576da891970638bfe3,2,255.47,127.735,3.5,5.0,2,36,christmas_supplies,itauna,MG,"Excelente produto, veio embaço perfeitamente, chegou antes do previsto. Amei",1,255.47,127.735,2
1dcb4c54d17855c39899eb445551501c,2,166.01999999999998,83.00999999999999,5.0,5.0,2,82,bed_bath_table,nova iguacu,RJ,Bonito ficou ótimo em minha mesa de jantar.Entrega no prazo eu recomendo. | O produto é mais bonito ainda ótima qualidade estou muito satisfeita com a minha compra.,1,166.01999999999998,83.00999999999999,2
1e0926e360000226b237bf277aec3380,2,139.51999999999998,69.75999999999999,2.0,4.0,2,54,garden_tools,belo horizonte,MG,"Ainda não posso avaliar o produto pois não usei. Achei que servia em qualquer válvula mas vou ter que comprar uma. Fora isso, o produto foi entregue até antes do prazo previsto.  | SUPER RECOMENDO O PRODUTO E A LOJA.
VEIJO CERTINHO E ANTES DO PRAZO PREVISTO",1,139.51999999999998,69.75999999999999,2
1e247c81fc2d6e54fddb0c5b1232bbf7,1,290.04,96.68,4.0,5.0,2,3,housewares,bauru,SP,Muito bom,1,290.04,96.68,2
1e433d2aca7584032f8f56d51643e605,2,190.75,95.375,1.5,3.5,2,265,furniture_decor,sao paulo,SP,Gostei da maleta era como eu queria! fiquei feliz por vcs terem mandado certinho o que comprei.,1,190.75,95.375,2
1e52d516902c7bd46d0532ccd79b1913,1,325.3,162.65,6.0,3.0,2,470,bed_bath_table,porto alegre,RS,Na realidade comprei dois produtos nesta loja e foi entregue só 1 por enquanto e sem nota fiscal. | Na realidade comprei dois produtos nesta loja e foi entregue só 1 por enquanto e sem nota fiscal.,1,325.3,162.65,2
1e6b20395bc9690fe6735e6b6e0d2791,1,414.2,207.1,1.0,5.0,2,447,bed_bath_table,sao paulo,SP,"Foi entregue a toalha marron a vermelha não veio,e a nota estava com a toalha ,como faço agora ,pois preciso da toalha e nada ,fica difícil desta forma continuar cliente de vocês. | Foi entregue a toalha marron a vermelha não veio,e a nota estava com a toalha ,como faço agora ,pois preciso da toalha e nada ,fica difícil desta forma continuar cliente de vocês.",1,410.84875,207.1,2
1ec407f6f6e6cd3d5dc1022e970c8220,1,269.14,134.57,1.0,1.0,2,117,baby,sao paulo,SP,Muito bom,1,269.14,134.57,2
1f2c5059dad2c277b3b338163b49ca73,2,264.63,132.315,4.0,4.0,2,193,office_furniture,torrinha,SP,Gostei muito do relógio. Era isso mesmo que eu queria. Somente o manual deixa um pouco a desejar. | Comprei uma cadeira de escritório e está chegou no tempo previsto e é de muito boa qualidade,1,264.63,132.315,2
1f53a28536539df3fecec45ae1e212e8,1,1335.57,445.19,1.0,5.0,2,36,sports_leisure,colonia castrolanda,PR,Muito bom,1,410.84875,345.73,2
1f8606e742ec7d59838440f20e7fa23e,1,469.32,234.66,10.0,2.0,2,199,bed_bath_table,cafelandia,PR,Entrega parcial .2 mercadoria 1 entrega.me entregarao cortina falta conteole remoto | Entrega parcial .2 mercadoria 1 entrega.me entregarao cortina falta conteole remoto,1,410.84875,234.66,2
1f90117a847636892e3c5bf569f2ac68,2,133.01,66.505,6.0,5.0,2,228,furniture_decor,curitiba,PR,Muito bom,1,133.01,66.505,2
1f98e3467d2b48dfb44fc12b137d3447,2,473.97,236.985,6.5,5.0,2,234,baby,sao paulo,SP,L | Ótimo produto ,1,410.84875,236.985,2
1fbd81e4d0a0cf9125ca038b43533b7f,3,195.6,48.900000000000006,4.5,4.25,2,194,furniture_decor,cantagalo,RJ,Muito bom,1,195.6,48.900000000000006,2
1fc8630d25cd738b571a0acc08c2eff7,1,735.21,245.07,8.0,5.0,2,36,housewares,socorro,SP,tudo entregue corretamente | tudo entregue corretamente | tudo entregue corretamente,1,410.84875,245.07,2
20001d07954025179c613496803181a6,2,287.21,143.605,2.0,1.0,2,257,bed_bath_table,marituba,PA,Não recebi o produto | Não recebi o produto,1,287.21,143.605,2
2004ba7732339d9be65f2236d8887ae4,3,265.05,88.35000000000001,7.0,5.0,2,111,watches_gifts,rio de janeiro,RJ,Muito bom,1,265.05,88.35000000000001,2
20282afdbe6cf22d5f5a956d8b5a3f78,2,220.09,110.045,5.5,5.0,2,210,housewares,santa cruz de minas,MG,MUITO SATISFEITA PRODUTO DE OTIMA QUALIDADE | chegou correto e rapido,1,220.09,110.045,2
2028c90d6c4523ae70a285c44010258a,2,338.76,169.38,1.0,4.0,2,36,garden_tools,sao bernardo do campo,SP,Muito bom,1,338.76,169.38,2
2035b89e9bda1fc115c9c305613d00ab,1,361.62,120.54,10.0,3.0,2,278,auto,sao paulo,SP,"Chegaram as balaclavas, mas nao checou a capa do PS4. | Chegaram as balaclavas, mas nao checou a capa do PS4. | Chegaram as balaclavas, mas nao checou a capa do PS4.",1,361.62,120.54,2
204efc7a771f1a33fd28465082171f5b,2,296.11,148.055,2.0,4.0,2,117,cool_stuff,santa cruz da conceicao,SP,otimo produto entrega rapida satisfeito !!! | pensava que os anzóis eram maiores mas ta bom !!,1,296.11,148.055,2
206b04b38a5dc8404458ec16edeca606,2,226.47,113.235,3.0,4.0,2,103,baby,sao jose dos pinhais,PR,Muito bom,1,226.47,113.235,2
2080580f5f3893b30be049dc42c4bee3,1,591.34,295.67,10.0,5.0,2,62,baby,sao paulo,SP,"O produto chegou, bem antes da data prevista, bem embalado.O organizador é excelente, muito espaçoso e comporta muito bem os brinquedos.Adorei! | O produto chegou, bem antes da data prevista, bem embalado.O organizador é excelente, muito espaçoso e comporta muito bem os brinquedos.Adorei!",1,410.84875,295.67,2
208ed8bf578938c97d49b3429358a424,2,182.83,91.415,1.5,4.5,2,206,baby,sao paulo,SP,Muito bom,1,182.83,91.415,2
208fe9aa6033a77419f8f503b7698e03,2,608.72,202.90666666666667,2.0,5.0,2,22,stationery,sao leopoldo,RS,O Produto está e acordo com a sua propaganda. Tudo OK. | O Produto está e acordo com a sua propaganda. Tudo OK.,1,410.84875,202.90666666666667,2
20ae758fb6688386d9d1540f63d380e0,2,329.83,164.915,1.0,4.0,2,76,computers_accessories,osorio,RS,"Tudo correu como combinado, nada a reclamar.",1,329.83,164.915,2
20e575f507faf846b79d7dd349b247eb,1,240.5,40.083333333333336,1.0,3.0,2,101,housewares,niteroi,RJ,Ainda falta entregar um pedido | Ainda falta entregar um pedido | Ainda falta entregar um pedido | Ainda falta entregar um pedido | Ainda falta entregar um pedido | Ainda falta entregar um pedido,1,240.5,40.083333333333336,2
21421ba1bd92005a3b48e6a745e9b8bb,2,1146.95,286.7375,1.0,5.0,2,208,furniture_decor,guarulhos,SP,Muito bom,1,410.84875,286.7375,2
21559d7ff0ebff720e5e160184338fed,2,171.43,85.715,5.0,4.0,2,40,fashio_female_clothing,londrina,PR,"É muito lindo! chegou bem embalado e rapidinho. Adorei!  | Numeração muito pequena, o G parece um P!
Quanto a loja, tudo de bom! ",1,171.43,85.715,2
21560f93adbd9ada040a40909ac8619d,2,868.54,217.135,3.0,4.5,2,285,bed_bath_table,vitoria,ES,Muito bom,1,410.84875,217.135,2
216ab90e27f18940cfac8f9f02fb4239,2,302.94,151.47,2.0,5.0,2,38,baby,sao jose dos campos,SP,"Muito bom, e por ser dupla face é muito versátil  | Muito bom",1,302.94,151.47,2
21a2d9dc71459dbd3dad219cb9681964,2,608.39,304.195,9.0,4.0,2,190,housewares,uberlandia,MG,"entrega rápida, produto certo. Só não dou mais estrelas pra stark, pois uma vez comprei um produto que depois arrependi e eles nao trocaram p mim ate hj o produto esta parado fechado lacrado. | Varã grande, recomendo",1,410.84875,304.195,2
21bde4e982c4681021edabb899bcebfe,2,1304.36,652.1800000000001,6.5,3.5,2,254,fashion_bags_accessories,patos de minas,MG,"Faltaram algumas pequenas peças e muitas das peças enviadas foram de uma qualidade duvidosa, não recomendaria ninguém comprar bicicletas por internet sem antes conhecer o vendedor...",1,410.84875,345.73,2
21c3cb2e65b7575d9e079f7be7987d3c,2,123.99,61.995000000000005,6.0,5.0,2,314,fashion_shoes,barra do pirai,RJ,Muito bom,1,123.99,61.995000000000005,2
21c8aa0cb27943cbf33d75985e28da67,2,209.18,104.59,1.5,4.5,2,303,bed_bath_table,rio de janeiro,RJ,"Ótimo produto, linda a iluminária.",1,209.18,104.59,2
21de770aa4f3a60388b97b416ad38343,2,150.76,75.38,1.0,5.0,2,120,bed_bath_table,sao jose,SC,recebi bem antes do prazo em 3 dias. Ameeei! ,1,150.76,75.38,2
21e4d2c611e316d9af4b4457ea49c1e5,1,193.18,96.59,1.0,4.0,2,372,cool_stuff,mogi das cruzes,SP,Muito bom,1,193.18,96.59,2
221234182f828fb9f2a4ba9c89874ede,1,1532.96,383.24,3.0,5.0,2,693,bed_bath_table,cidade gaucha,PR,"Todo conforme o planejado, amei os produtos superou a minha expectativa! | Todo conforme o planejado, amei os produtos superou a minha expectativa! | Todo conforme o planejado, amei os produtos superou a minha expectativa! | Todo conforme o planejado, amei os produtos superou a minha expectativa!",1,410.84875,345.73,2
221d59abddcd719f3ec72c50078b9e31,2,192.04,96.02,6.5,5.0,2,35,bed_bath_table,petropolis,RJ,................ | Excelente!!,1,192.04,96.02,2
2280ecb8db2591c39d1c7d3e9caa115c,2,107.2,53.6,2.0,5.0,2,367,furniture_decor,mogi das cruzes,SP,Muito bom,1,107.2,53.6,2
22a93d651c1f3443f3547fcfd9619840,1,252.9,126.45,3.0,2.0,2,67,books_technical,esmeraldas,MG,Eu não recebi minha apostika e fui nos correios e ela não estava lah tambem | Eu não recebi minha apostika e fui nos correios e ela não estava lah tambem,1,252.9,126.45,2
22ac8971f405f9520b3e7cf37e042ee7,2,342.08,114.02666666666666,1.0,3.6666666666666665,2,16,garden_tools,belo horizonte,MG,"Produto bom, preço bom e entregue no prazo. Recomento!!! | Recebi 01 un. dia 19/02 com a NF informando que tinha 02 unidades. Enviei uma reclamação para a lannister, foi muito desagradável. No dia 20 recebi o restante, levei um susto por falta de informação. | Recebi 01 un. dia 19/02 com a NF informando que tinha 02 unidades. Enviei uma reclamação para a lannister, foi muito desagradável. No dia 20 recebi o restante, levei um susto por falta de informação.",1,342.08,114.02666666666666,2
22e2a6909c8debb64e8560df49a25260,1,735.36,245.12,1.0,4.0,2,38,auto,catalao,GO,Muito bom,1,410.84875,245.12,2
22f5499bc63c8ebcacf51cf02585eb37,1,121.5,60.75,1.0,2.0,2,454,bed_bath_table,itu,SP,"Ola
recebi meu produto parcial, recebi a manta mais a bolinha NAO | Ola
recebi meu produto parcial, recebi a manta mais a bolinha NAO",1,121.5,60.75,2
2311b108adb023be56ce88c35b66ddd1,1,821.04,410.52,8.0,3.0,2,300,baby,hortolandia,SP,Muito bom,1,410.84875,345.73,2
231d36f5c4b238c26f449ffd98c79180,2,1529.2600000000002,764.6300000000001,2.5,5.0,2,113,cine_photo,morro da fumaca,SC,Muito bom,1,410.84875,345.73,2
23539ab2fa3d6e255f96114be5d2dbd3,2,331.38,165.69,1.0,4.0,2,199,computers_accessories,guarulhos,SP,O produto não era bem o que eu pensei.... Mas foi entregue de acordo com o combinado... Até mais cedo do que a data prevista ,1,331.38,165.69,2
23ae1bfb4297222c1b522172809a7ca1,2,303.29,60.658,4.6,5.0,2,89,fashion_bags_accessories,sao paulo,SP,Muito bom,1,303.29,60.658,2
24115a0c9fc9115c586e54fd5f42e8d1,2,219.82,109.91,4.5,4.0,2,232,fashion_bags_accessories,sao paulo,SP,Muito bom,1,219.82,109.91,2
24259224caf748993c177ebf964c2e6e,2,213.07,106.535,3.0,5.0,2,225,bed_bath_table,brasilia,DF,Muito bom,1,213.07,106.535,2
246ef4748f64c4e716b4356d570967a1,2,272.26,90.75333333333332,7.333333333333333,5.0,2,84,furniture_decor,joinville,SC,Muito bom,1,272.26,90.75333333333332,2
247e0dcd20596bee51bd2b07f633fa04,2,175.27,87.635,5.0,5.0,2,228,garden_tools,teresina,PI,"tudo certo e bunito | EXCELENTE PRODUTO, PERFEITO",1,175.27,87.635,2
24a2aa45549d34a910425326c6e54e60,1,142.98,71.49,1.0,5.0,2,14,health_beauty,maua,SP,"Os produtos vieram bem embalados, atendendo as espectativas. | Os produtos vieram bem embalados, atendendo as espectativas.",1,142.98,71.49,2
24d27f115e367d9129a0e7a7a5d36866,2,754.23,377.115,4.5,5.0,2,287,perfumery,nova lima,MG,Muito bom,1,410.84875,345.73,2
24fb2954f8c6cdb4b900ed8db6dc88e2,2,375.97,75.194,1.0,4.2,2,277,luggage_accessories,fortaleza,CE,"Gostei muito | Gostei muito | Gostei muito | Gostei muito | Como posso avaliar algo que não recebi.
Já paguei o produto e no status diz que o produto não chegou ainda na unidade da minha cidade.
entrega para 21/12/2017.
cadê o produto?fico no prejuízo?",1,375.97,75.194,2
24fc2d6f4c3339820a1a3746a125f8c5,2,604.05,302.025,9.0,5.0,2,280,health_beauty,sorocaba,SP,Muito bom,1,410.84875,302.025,2
2516f43838c4892e066fec28143efa64,2,815.4300000000001,407.715,1.0,5.0,2,198,cool_stuff,sao luis,MA,Muito bom,1,410.84875,345.73,2
251bd18a6617e556d406a86ccf947c6c,1,1235.61,411.87000000000006,1.0,3.0,2,128,furniture_living_room,rio de janeiro,RJ,Muito bom,1,410.84875,345.73,2
251e658613a224723f8a077946183b20,2,355.19,177.595,1.0,4.5,2,282,consoles_games,sao paulo,SP,Muito bom,1,355.19,177.595,2
255ac312f5ceb97163ec60f0db2eee11,2,344.93,172.465,7.5,3.5,2,266,bed_bath_table,sao paulo,SP,"Cortina branca, com costura marrom , costuras torta.
Já comprei cortina nesse valor mais com bom acabamento | Adorei a pintura",1,344.93,172.465,2
256a818e4a419ff827a36a52252fb8f1,1,585.3,195.1,1.0,5.0,2,371,toys,divinopolis,MG,Ótimo produto. Comprei na terça e chegou na sexta ! Recomendo! | Ótimo produto. Comprei na terça e chegou na sexta ! Recomendo! | Ótimo produto. Comprei na terça e chegou na sexta ! Recomendo!,1,410.84875,195.1,2
256b3e7a939dddf3e40608cac69e88c7,2,273.83000000000004,91.27666666666669,1.0,3.0,2,497,bed_bath_table,marica,RJ,Muito bom,1,273.83000000000004,91.27666666666669,2
2587f2fbf466ff9e409952f2feba0005,2,142.64999999999998,71.32499999999999,1.0,5.0,2,8,baby,porto alegre,RS,"Bolsa simples, mas útil e boa!
",1,142.64999999999998,71.32499999999999,2
25a1ad8a564d758f233c587cc657aa4b,2,482.52,241.26,4.0,5.0,2,107,auto,paraiso,SP,"Recomendo 









 | Ótimo , entregou rápido ",1,410.84875,241.26,2
25bd804c580bc1ee0c93d073fae09a84,2,225.89,75.29666666666667,1.0,2.333333333333333,3,251,fashion_bags_accessories,sao paulo,SP,Muito bom,1,225.89,75.29666666666667,2
25e9454dd5930eccaa4f0e01ea3a7f49,1,1037.44,259.36,1.0,5.0,2,33,bed_bath_table,curitiba,PR,Produto exatamente conforme solicitação | Produto exatamente conforme solicitação | Produto exatamente conforme solicitação | Produto exatamente conforme solicitação,1,410.84875,259.36,2
266bd072600e898f80a34d654c51a643,1,2171.92,542.98,10.0,1.0,2,145,housewares,penapolis,SP,"as araras são boas, mas não recebi os cabides do mesmo pedido. | as araras são boas, mas não recebi os cabides do mesmo pedido. | as araras são boas, mas não recebi os cabides do mesmo pedido. | as araras são boas, mas não recebi os cabides do mesmo pedido.",1,410.84875,345.73,2
26a6e3e036636ef1d5636f98b66094cc,3,480.52,160.17333333333332,1.0,5.0,2,71,sports_leisure,sao joaquim da barra,SP,"Rápida entrega, e ótimo produto, porém vou devolver devido a meu engano no tamanho. | Tudo ok",1,410.84875,160.17333333333332,2
26d1b63e9b8478f84f87188c4877049e,2,1005.91,335.30333333333334,9.666666666666666,5.0,2,386,sports_leisure,itapira,SP,Produto excelente! ,1,410.84875,335.30333333333334,2
26e025af2347c3968f6a578f853a9da2,2,413.12,206.56,2.5,4.0,2,106,bed_bath_table,hidrolandia,CE, ,1,410.84875,206.56,2
26f06401a5374fd3d26b6eed06af675f,2,758.1,189.525,6.0,1.0,2,173,furniture_decor,piranguinho,MG,O site é bom mas não recebi todos produtos. | O site é bom mas não recebi todos produtos. | O site é bom mas não recebi todos produtos. | O site é bom mas não recebi todos produtos.,1,410.84875,189.525,2
26f97eaf9f9daed27155eb87109df5b9,1,1027.04,256.76,8.0,1.0,2,325,bed_bath_table,porto alegre,RS,"Falta produtos do pedido. Chegou 1 unid dos 2 panos de prato e veio somente 1 unid dos potes de vidro dos 2 requisitados. Falta pote vidro 1,7 l e 1 de pano de prato. Solicito providências. Obrigada. | Falta produtos do pedido. Chegou 1 unid dos 2 panos de prato e veio somente 1 unid dos potes de vidro dos 2 requisitados. Falta pote vidro 1,7 l e 1 de pano de prato. Solicito providências. Obrigada. | Falta produtos do pedido. Chegou 1 unid dos 2 panos de prato e veio somente 1 unid dos potes de vidro dos 2 requisitados. Falta pote vidro 1,7 l e 1 de pano de prato. Solicito providências. Obrigada. | Falta produtos do pedido. Chegou 1 unid dos 2 panos de prato e veio somente 1 unid dos potes de vidro dos 2 requisitados. Falta pote vidro 1,7 l e 1 de pano de prato. Solicito providências. Obrigada.",1,410.84875,256.76,2
270c0ad2a232e4a10be51000bc69eb03,2,86.35,43.175,1.0,4.0,2,13,electronics,martins soares,MG,Muito bom,1,86.35,43.175,2
271d3cdd872021b1b6669ad93e8b856b,2,1423.42,237.23666666666668,5.0,5.0,2,196,auto,carapicuiba,SP,Muito bom,1,410.84875,237.23666666666668,2
272f0ffe236b0bf765e14f5a2b577a6b,2,319.82,159.91,1.5,5.0,2,27,computers_accessories,sao bernardo do campo,SP,Muito bom,1,319.82,159.91,2
27635f54dce959dee4ab3a0f52608e68,1,195.2,97.6,1.0,5.0,2,349,furniture_decor,macae,RJ,Muito bom,1,195.2,97.6,2
2767f1bba0529fe3f48378c05ea40f0f,2,196.58,98.29,6.0,4.5,2,146,bed_bath_table,mogi mirim,SP,"Produto lindo, ótimo",1,196.58,98.29,2
27c2a1062dae3c0a6123e3ce934374a3,1,265.44,132.72,8.0,4.0,2,307,bed_bath_table,belo horizonte,MG,Tudo no prazo. | Tudo no prazo.,1,265.44,132.72,2
27e86d2ae0db33b8d242c9251067d97e,2,125.53,62.765,2.0,5.0,2,410,luggage_accessories,mostardas,RS,"Muito bom, produto entregue no prazo, embalado direitinho, tudo certo",1,125.53,62.765,2
280c34dc057ff9f3cd17360673d4b87c,2,251.2,83.73333333333333,6.666666666666667,1.6666666666666667,2,224,fashion_male_clothing,lajeado,RS,Muito bom,1,251.2,83.73333333333333,2
281e1e72207e518c29b249a1361a775d,2,437.67,218.835,6.0,5.0,2,397,air_conditioning,santo andre,SP,Produto entregue bem antes do prazo previsto,1,410.84875,218.835,2
282d49fddab8e95a8673a2a90072cf5c,2,655.09,327.545,5.5,4.5,2,60,telephony,sete lagoas,MG,Muito bom,1,410.84875,327.545,2
282dc4abbf2759fb9bb77217f5cd6c4c,2,311.86,155.93,6.5,2.0,2,266,bed_bath_table,pinheiral,RJ,Ainda não recebi minha compra. Já passou do prazo previsto! ,1,311.86,155.93,2
28693ecfa07672ed4eb44f8e6c0fd4a1,1,428.3,214.15,4.0,1.0,2,45,food,porto alegre,RS,Muito bom,1,410.84875,214.15,2
286d8f01f94a8061cef05c7c49efd8a9,2,116.11,58.055,4.5,3.5,2,220,fashion_bags_accessories,sao paulo,SP,Muito bom,1,116.11,58.055,2
2878289928927b75d078057c8d91405f,2,348.6,174.3,5.5,5.0,2,232,computers_accessories,brasilia,DF,bom produto,1,348.6,174.3,2
28989ef45087c96e5a4346e88216c2ba,2,1657.33,414.3325,4.0,2.0,2,584,bed_bath_table,rio branco,AC,Pedi uma colcha 100% algodão e veio 100% poliester. | Pedi uma colcha 100% algodão e veio 100% poliester. | Pedi uma colcha 100% algodão e veio 100% poliester. | Pedi uma colcha 100% algodão e veio 100% poliester.,1,410.84875,345.73,2
28ad66c8baf13c85d2a936d0b06e73f6,2,154.59,77.295,4.0,4.0,2,246,furniture_decor,paulinia,SP,Muito bom,1,154.59,77.295,2
28aea3e12549a3611bbd8d4e3310e4fa,2,225.12,112.56,2.0,5.0,2,84,fashion_bags_accessories,rio de janeiro,RJ,Nota 10 | Nota 10,1,225.12,112.56,2
28c7e3fb75d7ce1e496dc539443b71da,2,436.8,145.6,1.0,5.0,2,397,housewares,niteroi,RJ,Muito bom,1,410.84875,145.6,2
28cfa4471fab15695744e57ce3036694,2,150.31,75.155,6.5,5.0,2,212,bed_bath_table,sao jose dos campos,SP,"MEU PRODUTO VEIO ERRADO.

PAGUEI CASAL KING R$ 99,00 - NÂO CASAL PADRAO. QUERO TROCA URGENTE. | MEU PRODUTO VEIO ERRADO.

PAGUEI CASAL KING R$ 99,00 - NÂO CASAL PADRAO. QUERO TROCA URGENTE.",1,150.31,75.155,2
28e3b4a14a28881ebbdf5384e004d6fb,1,412.16,206.08,5.0,3.0,2,79,bed_bath_table,sao goncalo,RJ,"Eu encomendei 2e só veio 1
 | Eu encomendei 2e só veio 1
",1,410.84875,206.08,2
29196be5455e33f24dc8fcaa916f5a2b,1,215.58,107.79,6.0,5.0,2,5,sports_leisure,sao paulo,SP,Entrega muito rápida | Entrega muito rápida,1,215.58,107.79,2
294e0922aa06792eea5094656727c0bd,2,374.15,187.075,1.0,5.0,2,465,housewares,tremembe,SP,Muito bom,1,374.15,187.075,2
295c05e81917928d76245e842748184d,2,281.5,140.75,6.5,4.0,2,84,auto,sao paulo,SP,Recomendo tudo certo!? | Produto chegou no prazo o problema que veio na frente da capa danificado faltado couro embaixo por sinal falam que couro mas não muito ruim !!! Não recomendo essa loja !!!!,1,281.5,140.75,2
297ec5afd18366f5ba27520cc4954151,3,1499.68,374.92,4.25,5.0,2,108,auto,sao paulo,SP,Excelente | Excelente,1,410.84875,345.73,2
298c3e1a698283a45f1c94df3942bb3b,2,136.89,68.445,1.0,5.0,2,153,bed_bath_table,sao paulo,SP,"Ótimo produto! Produto de ótima qualidade, material bom, bem feito e cor muito bonita! E a entrega como sempre dentro do prazo!  | Produto bom! E a entrega como sempre dentro do prazo!",1,136.89,68.445,2
29c839031b46d4b0d8b3a4d29402259f,1,545.4,272.7,8.0,1.0,2,261,health_beauty,passo fundo,RS,"Recebi apenas o isqueiro zippo o balm, blend para barba de quase 100 reais ainda não recebi e consta como recebido. Como assim???
- eu paguei pelo produto e quero receber. | Recebi apenas o isqueiro zippo o balm, blend para barba de quase 100 reais ainda não recebi e consta como recebido. Como assim???
- eu paguei pelo produto e quero receber.",1,410.84875,272.7,2
29c9de8d2ffc5e76fe6b0e4a43da3f1f,1,317.92,158.96,5.0,1.0,2,134,baby,sao paulo,SP,Comprei dois produtos da mesma loja porem recebia apenas não recebi nenhum retorno da loja ate agora  | Comprei dois produtos da mesma loja porem recebia apenas não recebi nenhum retorno da loja ate agora ,1,317.92,158.96,2
2a34af7c4b1b83d78b14cf6b9c32c3b9,2,222.91,111.455,8.0,5.0,2,156,stationery,sao paulo,SP,Produro chegou super rápido !!!,1,222.91,111.455,2
2a36404701b15c414647a2ec2102baba,2,364.63,182.315,1.0,5.0,2,50,auto,comodoro,MT,Muito bom,1,364.63,182.315,2
2a3d4df1de5c9feee497328298916d41,2,233.53,116.765,2.0,3.5,2,243,bed_bath_table,sumare,SP,Muito bom,1,233.53,116.765,2
2a7f837de6a1999e457b8e3c5619156f,2,110.28,36.76,3.333333333333333,2.6666666666666665,2,28,telephony,maua,SP,Entrega dentro do prazo.Mais a película fica descolando as laterais  | Entrega dentro do prazo.Mais a película fica descolando as laterais  | Ainda não recebi o produto ,1,110.28,36.76,2
2a9c9698ae8fb45eee69ca8808382671,1,2120.4,353.3999999999999,5.0,5.0,2,344,bed_bath_table,rio de janeiro,RJ,Muito bom,1,410.84875,345.73,2
2ac4312997e09e6770fd4c3d52adf77a,2,276.37,55.274,1.0,4.8,3,232,bed_bath_table,taboao da serra,SP,"Acabei de receber o lençol, sempre recebo antes do prazo, dessa vez atrasou mais chegou, obrigada. | Acabei de receber o lençol, sempre recebo antes do prazo, dessa vez atrasou mais chegou, obrigada. | Acabei de receber o lençol, sempre recebo antes do prazo, dessa vez atrasou mais chegou, obrigada. | Acabei de receber o lençol, sempre recebo antes do prazo, dessa vez atrasou mais chegou, obrigada. | Gostei do produto, é bonito e recebi antes do prazo, recomendo a loja.",1,276.37,55.274,2
2ae6a57dcdd2f1424598fc480cbf698a,2,421.41,210.705,7.0,5.0,2,192,bed_bath_table,sao paulo,SP,"Os produtos são fofos , lindos!!! Parabéns !! ",1,410.84875,210.705,2
2b161eaf4956b131691842e87b3c39c7,3,412.96,82.59200000000001,1.0,4.6,2,169,computers_accessories,valinhos,SP,"Tudo em ordem, apenas como das vezes anteriores recomendaria embalagem mais amigável com menos fita plástica. | Tudo em ordem, apenas como das vezes anteriores recomendaria embalagem mais amigável com menos fita plástica.",1,410.84875,82.59200000000001,2
2b174670dbec666bbc68b6e2a4062740,2,331.94000000000005,165.97000000000003,6.5,5.0,2,415,home_confort,vila velha,ES,recebi o produto correto dentro do prazo | recebi o produto correto dentro do prazo,1,331.94000000000005,165.97000000000003,2
2b4871f788b44ee004ec2c7fc7cd420b,2,289.84000000000003,144.92000000000002,1.0,3.5,2,302,computers_accessories,chapeco,SC,Muito bom,1,289.84000000000003,144.92000000000002,2
2b4efa2bb0d9e62ee5e197cacd93c0d6,2,396.02,198.01,9.0,4.5,2,212,bed_bath_table,cambui,MG,"chegou rapido e tudo certinho, bom produto.",1,396.02,198.01,2
2b5ffb4c42d26e466ad575ecce365aa2,2,148.51,74.255,2.5,5.0,2,138,bed_bath_table,rio de janeiro,RJ,Produto adequado as minhas necessidades | Achei que o produto não esta de acordo com o mostruário.Bem inferior.,1,148.51,74.255,2
2b6ce149982204423f4efac29701255a,2,626.82,208.94000000000003,4.666666666666667,5.0,2,233,housewares,belo horizonte,MG,Muito bom,1,410.84875,208.94000000000003,2
2b775b75afa0be08220fb73a7e68df3b,2,126.72,63.36,1.5,5.0,2,302,health_beauty,nova venecia,ES,Recomendo muitoooo bom vendedor ,1,126.72,63.36,2
2b952792a20f6076f6e7a9c6a27ade02,2,177.68,59.22666666666667,3.0,4.666666666666667,2,277,telephony,itatiba,SP,"Ótimo produto, conforme o anúncio. ",1,177.68,59.22666666666667,2
2bd9d2f3cc5d99b1b3d9ff5acd81bd5e,2,103.11,51.555,4.5,5.0,2,295,health_beauty,santos dumont,MG,Muito bom,1,103.11,51.555,2
2bda8b5ca873c93f2e13ee19397429c8,1,1134.4,226.88,10.0,1.0,2,8,furniture_decor,santo andre,SP,"Pedido chegou incompleto, abri um chamado e disseram resolver em 48 horas, porém ja ultrapassou o prazo | Pedido chegou incompleto, abri um chamado e disseram resolver em 48 horas, porém ja ultrapassou o prazo | Pedido chegou incompleto, abri um chamado e disseram resolver em 48 horas, porém ja ultrapassou o prazo | Pedido chegou incompleto, abri um chamado e disseram resolver em 48 horas, porém ja ultrapassou o prazo | Pedido chegou incompleto, abri um chamado e disseram resolver em 48 horas, porém ja ultrapassou o prazo",1,410.84875,226.88,2
2be5dce8b491a7bc6a65d6e91bf49812,2,150.61,75.305,6.0,5.0,2,5,health_beauty,aracatuba,SP,Muito bom,1,150.61,75.305,2
2c45ab66a3dae52960147e76a35740ff,2,228.59,114.295,5.5,5.0,2,27,electronics,amambai,MS,Produto entregue muito antes do prazo.,1,228.59,114.295,2
2c619dc3ca4a084ab5da04bfb1b01192,1,243.82,121.91,8.0,1.0,2,102,stationery,macaubal,SP,Só foi entregue um produto o outro não recebi | Só foi entregue um produto o outro não recebi,1,243.82,121.91,2
2c6a91479a7dc00d8c9d650d8dee88ca,2,399.53,199.765,4.0,5.0,2,224,bed_bath_table,navegantes,PR,Muito bom,1,399.53,199.765,2
2c961ee955abb3ac9a80babd54ed4156,2,160.44,80.22,1.0,4.5,2,214,computers_accessories,sao paulo,SP,Muito bom,1,160.44,80.22,2
2ccc5d0620e07e3b54b83848c31a08fa,2,180.35,90.175,1.0,3.0,2,165,fashion_bags_accessories,vila velha,ES,"Bom dia o problema não é a loja e sim os correios 
se vcs mandasse por transportador não teria tanto trastorno gastei o dia todo pra buscar a minha encomenda.A mercadoria já estava retornando ",1,180.35,90.175,2
2cf396c9e24e7627ff042cccb209b9e6,2,429.3,214.65,4.0,3.5,2,344,baby,irape,SP,otimo produto | ta de parabens,1,410.84875,214.65,2
2d0301ff4c32ef70647295dfbaba7116,1,330.28,82.57,3.5,5.0,2,382,luggage_accessories,russas,CE,Muito bom,1,330.28,82.57,2
2d0b5c3a0b200f10d09a3927412a9203,1,883.0,441.5,7.0,5.0,2,28,drinks,sao paulo,SP,Muito bom,1,410.84875,345.73,2
2d14556024f4bbe01f147576097c42fe,2,320.4,160.2,3.5,5.0,2,23,health_beauty,piacabucu,AL,Gostei chegou bem antes do pra prazo  | Recomendo para todos ,1,320.4,160.2,2
2d1685d91e7c5959eba292c2a484ab05,1,220.36,110.18,2.0,5.0,2,105,baby,campinas,SP,Entrega muito mais rápida do que o indicado! Recomendo. | Entrega muito mais rápida do que o indicado! Recomendo.,1,220.36,110.18,2
2d49eaf79111ff286fe657aadbed5a28,2,150.95,75.475,2.0,5.0,2,114,luggage_accessories,cianorte,PR,Muito bom,1,150.95,75.475,2
2d5e5796e7901464c00407e69739c6db,2,217.39,108.695,2.5,5.0,2,86,garden_tools,nilopolis,RJ,"Bom preço, e boa qualidade. Testado pelo Inmetro. | Bom produto, resistente, bom acabamento, ótimo espaço interno.",1,217.39,108.695,2
2dacd79aa5d1a86240b37b6c588de551,2,459.08,153.02666666666667,1.0,2.333333333333333,2,181,furniture_decor,itabuna,BA,UM DOS PRODUTOS (ENTREGA02) COMPRADOS NESTE PEDIDO NAO RECEBI AINDA E OUTRO (ENTREGA01) RECEBI EMAIL QUE ESTA COM DIFICULDADES NA ENTREGA E NÃO TIVE MAIS NOTICIAS  | ja reclamei varias vezes e ate hoje não sei onde foi parar o produto que comprei. quero cancelar esta compra e quero meu dinheiro de volta. | UM DOS PRODUTOS (ENTREGA02) COMPRADOS NESTE PEDIDO NAO RECEBI AINDA E OUTRO (ENTREGA01) RECEBI EMAIL QUE ESTA COM DIFICULDADES NA ENTREGA E NÃO TIVE MAIS NOTICIAS ,1,410.84875,153.02666666666667,2
2dadad4fa1de0a1738fab580efa219f2,1,418.68,209.34,1.0,5.0,2,118,baby,sete lagoas,MG,Ótimo  | Ótimo ,1,410.84875,209.34,2
2dc7f51f05ba1b1a92608e45e55d1fe1,2,105.14,52.57000000000001,2.0,4.5,2,250,drinks,sao paulo,SP,Muito bom,1,105.14,52.57000000000001,2
2dd7f52683f631651a5d94056935e1e1,2,171.14,85.57,1.0,5.0,2,197,baby,sao paulo,SP,Muito bom,1,171.14,85.57,2
2ddc001b620bd90d0f4378cfde1db887,4,483.33,96.666,1.4,5.0,2,147,housewares,osasco,SP,Muito bom,1,410.84875,96.666,2
2e08911037fe7ec67377711eee1fdbf3,2,672.46,224.1533333333333,5.666666666666667,4.666666666666667,2,180,computers_accessories,bento goncalves,RS,Muito bom,1,410.84875,224.1533333333333,2
2e0a2166aa23da2472c6a60c4af6f7a6,2,299.53,149.765,4.5,5.0,2,304,bed_bath_table,sao paulo,SP,Excelente produto  | Excelente produto,1,299.53,149.765,2
2e2d56c7ec46904b382aee224a3e4bdb,1,2073.48,1036.74,8.0,4.0,2,92,health_beauty,sao paulo,SP,Muito bom,1,410.84875,345.73,2
2e8451f99c0515636908ff1f6ba45449,1,217.0,108.5,1.0,4.0,2,236,stationery,sao paulo,SP,Muito bom,1,217.0,108.5,2
2e875ea57961ad115cec13fef0920ae6,1,187.24,93.62,9.0,5.0,2,390,consoles_games,porto alegre,RS,Muito bom,1,187.24,93.62,2
2e9399fc2fe209771a6f719e14bdb6fe,2,380.04,95.01,9.0,5.0,2,277,furniture_decor,curitiba,PR,Muito bom,1,380.04,95.01,2
2e9e0d2396e2ed1a9b9180a1e8300cfd,1,2456.06,1228.03,2.0,5.0,2,144,electronics,blumenau,SC,"O produto chegou em menos de uma semana, vários dias antes do previsto, e muito bem acomodado no pacote. O produto é excelente, estou muito satisfeito e voltaria a comprar com certeza. | O produto chegou em menos de uma semana, vários dias antes do previsto, e muito bem acomodado no pacote. O produto é excelente, estou muito satisfeito e voltaria a comprar com certeza.",1,410.84875,345.73,2
2f1ae2ed6bbc4661d04c271560570c54,2,111.29,55.645,1.0,4.5,2,150,bed_bath_table,sao paulo,SP,"Produto entregue antes do prazo, em perfeito estado, recomendo o site.",1,111.29,55.645,2
2f3f6dccce404d1c38be34db1fe4c34e,1,3060.57,1020.19,10.0,1.0,2,166,housewares,sao paulo,SP,"Recebi somente a Grella oriental.
Não recebi as duas panelas.
 | Recebi somente a Grella oriental.
Não recebi as duas panelas.
 | Recebi somente a Grella oriental.
Não recebi as duas panelas.
",1,410.84875,345.73,2
2f41863e0922b8d1fbb756691b5c315b,2,272.64,136.32,8.0,4.0,2,509,bed_bath_table,sao paulo,SP,Muito bom,1,272.64,136.32,2
2f47072309ad4f98ae752ee4a30ba34a,1,245.3,122.65,8.0,2.0,2,485,housewares,capinopolis,MG,"a caçarola veio, mas as bolinhas não. | a caçarola veio, mas as bolinhas não.",1,245.3,122.65,2
2f7c8c8386941ce0ef458ca7ff304123,2,247.93,123.965,8.5,4.5,2,374,baby,feira nova,PE,Produto e um pouco difrente da foto mas tudo certo | Demora na entrega por causa dos correios mas produto de ótima qualidade super recomendo,1,247.93,123.965,2
2faf4a1d502b10555a9f39353ea20148,1,283.8,141.9,1.0,5.0,2,258,furniture_living_room,araras,SP,Muito bom,1,283.8,141.9,2
2fb6dae4fb3a2f917940978144362cd2,2,189.36,94.68,2.5,5.0,2,136,cool_stuff,ibaiti,PR,Muito bom,1,189.36,94.68,2
2fc5e667ccf2a1c87a798be23f1c920a,2,657.04,219.0133333333333,4.0,2.333333333333333,2,298,cool_stuff,sumidouro,RJ,"nao posso avaliar, sem ter recebido  | nao posso avaliar, sem ter recebido ",1,410.84875,219.0133333333333,2
2fe074ea3cc24b8fd57d29effc995f8b,2,1043.06,521.53,2.0,5.0,2,271,bed_bath_table,sao paulo,SP,Muito bom,1,410.84875,345.73,2
2ff1b818fb048c44dc6629f013cceae6,2,483.72,161.24,9.666666666666666,5.0,2,389,furniture_living_room,itabuna,BA,Muito bom,1,410.84875,161.24,2
30064bf53a90a5f47e4ab33632e41b69,1,803.3399999999999,267.78,1.0,1.0,2,270,garden_tools,belo horizonte,MG,Muito bom,1,410.84875,267.78,2
300b4fbe132eb27cb930a4bf0b9c835d,1,772.34,386.17,1.0,5.0,2,27,bed_bath_table,porto alegre,RS,Muito bom,1,410.84875,345.73,2
3052fa07cdb3c836b158402ea4ee6fb8,1,408.12,204.06,6.0,5.0,2,416,bed_bath_table,sao paulo,SP,Muito bom,1,408.12,204.06,2
3074d9559c8da1c065b79c6174c00dd9,1,1063.46,531.73,1.0,5.0,2,27,construction_tools_lights,jundiai,SP,Excelente !!! | Excelente !!!,1,410.84875,345.73,2
3094e3bc9f2c62e51fe92505c9bfd853,1,1148.0,574.0,10.0,2.0,2,164,health_beauty,patos,PB,"So recebi a cola NF 001063, o iten estufa ainda nao chegou.. por favor me de.um retorno o quanto antes | So recebi a cola NF 001063, o iten estufa ainda nao chegou.. por favor me de.um retorno o quanto antes",1,410.84875,345.73,2
30b782a79466007756f170cb5bd6bbd8,2,551.23,110.246,1.8,4.0,2,29,furniture_decor,sao paulo,SP,"Chegou antes do prazo previsto, o produto é bonito. | Chegou antes do prazo previsto, o produto é bonito. | Chegou antes do prazo previsto, o produto é bonito. | Chegou antes do prazo previsto, o produto é bonito. | O PRODUTO É BONITO.",1,410.84875,110.246,2
30d2d6693d77801c2bcdfafbba202462,2,174.92,87.46,4.0,4.0,2,169,auto,cabo frio,RJ,O produto tem que vir com os parafusos para fixação do mesmo na moto. Pra ser completo na questão de compra sem ir nas lojas físicas. | Muito bom,1,174.92,87.46,2
30d600f278c689c07360b4124cb9a73d,1,519.96,259.98,3.0,5.0,2,66,health_beauty,ipatinga,MG,Muito bom,1,410.84875,259.98,2
310647380793836bfa5b7b6b3f518423,3,1954.46,195.446,1.0,5.0,2,315,bed_bath_table,ribeirao preto,SP,"amei | amei | amei | amei | amei | amei | amei | amei | amei | adorei a capa,muito linda",1,410.84875,195.446,2
311095a4ee35aef6817083718f97e1c4,1,565.9,282.95,8.0,2.0,2,128,housewares,sao paulo,SP,Recebi só a fruteira e nao recebi o cesto | Recebi só a fruteira e nao recebi o cesto,1,410.84875,282.95,2
314259ece6a9207c6fc02d925fc996b9,2,326.48,108.82666666666668,1.0,2.333333333333333,2,162,watches_gifts,sao paulo,SP,Produto bonito e muito bem acabado.,1,326.48,108.82666666666668,2
3170ebd8b32a5e2102c9d75e0a7f6d74,2,276.48,138.24,1.5,5.0,2,369,stationery,sao paulo,SP,Muito bom,1,276.48,138.24,2
318dd674b6e789249337a1edca1b0cc1,1,431.12,215.56,8.0,5.0,2,382,bed_bath_table,itaocara,RJ,"Produto Top.
 | Produto Top.
",1,410.84875,215.56,2
31bfa97f1ea0663a50ebc5c811ebdf4d,2,937.36,468.68,1.0,2.5,2,299,office_furniture,diadema,SP,"Mandei uma reclamação para a Americanad também, não me retornaram. Ao invés de vir cadeira cromada, veio com base de plástico.",1,410.84875,345.73,2
31d332d20895c5c0baefe55207a0fead,3,276.07,92.02333333333333,6.666666666666667,4.0,3,43,bed_bath_table,ubatuba,SP,"Boa | Aparentemente bom produto, só terei a certeza depois de lava louças.",1,276.07,92.02333333333333,2
31d93d58bb9db4942b13135a914733a7,1,353.76,176.88,8.0,4.0,2,531,bed_bath_table,sao paulo,SP,Muito bom,1,353.76,176.88,2
31d958dffbf0b744375b5ff0393e6fb3,2,213.74,106.87,6.0,3.0,2,343,perfumery,aracatuba,SP,"Recebi o produto todo amassado com marcas de uso já começando a enferrujar, não recomendo, muito mal embalado, caixa veio rasgada e amassada prejudicando o produto.",1,213.74,106.87,2
321e1a0fba6c906bb8aaa2b7db6cf89d,1,345.86,172.93,2.0,2.0,2,242,cool_stuff,jatai,GO,Muito bom,1,345.86,172.93,2
323f8f14acb90e50f86f1885b6b53c6d,2,451.59,150.53,8.0,5.0,2,576,bed_bath_table,jundiai,SP,Muito bom,1,410.84875,150.53,2
323ff9fd6b4a3edcdf3039e1fb213eb6,2,384.86,192.43,4.5,5.0,2,55,computers_accessories,uruacu,GO,"Chegou antes da data. Muito lindo | Chegou rapidíssimo. Adorei o produto. A única coisa que achei ruim, porém sem um conceito totalmente formado, é sobre a duração da bateria. Fora isso perfeito. A imagem super nítida.",1,384.86,192.43,2
326489271c23dd3128b4480220e5232a,2,673.8399999999999,336.92,1.0,5.0,2,105,housewares,uberlandia,MG,Muito bom,1,410.84875,336.92,2
327a01a6885ecfda06a3d5c50fb515c3,2,180.78,90.39,1.0,5.0,2,118,health_beauty,mage,RJ,"Melhor do que eu imaginava produto muito bom
 | Muito bom .",1,180.78,90.39,2
32c3312cd5a2dddfdcbd359694cd7ae8,2,255.11,127.555,5.5,4.5,2,248,bed_bath_table,nova granada,SP,Foi muito bom a entrega super rapida foi otimo eu super recomendo,1,255.11,127.555,2
32c8a33ddd22427d707685f155234d1d,1,565.17,188.39,3.0,4.0,2,365,baby,mogi das cruzes,SP,Gostei.  | Gostei.  | Gostei. ,1,410.84875,188.39,2
32ea3bdedab835c3aa6cb68ce66565ef,3,137.16,34.29,1.0,4.75,2,62,watches_gifts,sao paulo,SP,Gostei do produto e a entrega foi bem antes do prazo | Gostei do produto e a entrega foi bem antes do prazo | O produto é exatamente como imaginei | Facilidade em manusear o aparelho.,1,137.16,34.29,2
32fb60e2ce6a1f62eeccbc2d33046072,2,481.25,240.625,14.0,5.0,2,23,construction_tools_construction,sao paulo,SP,Muito bom,1,410.84875,240.625,2
330fdaa06f93c0c6ffb4af7d79c1ef12,2,107.19,53.595,1.0,1.5,2,69,computers_accessories,campinas,SP,Muito bom,1,107.19,53.595,2
33176de67c05eeed870fd49f234387a0,3,7006.1900000000005,467.07933333333335,1.0,1.8666666666666667,2,85,computers_accessories,cachoeirinha,RS,"AINDA NÃO ENTREGOU TODO O PEDIDO, ALÉM DE TER MANDADO A NOTA FISCAL COM O TOTAL DOS ITENS, MANDOU NO FISICO EMBALAGENS SEPARADAS PARA 05UN. 03 CHEGARAM NUM DIA, 01 EM OUTRO E ESTÁ FALTANDO 01UN. | AINDA NÃO ENTREGOU TODO O PEDIDO, ALÉM DE TER MANDADO A NOTA FISCAL COM O TOTAL DOS ITENS, MANDOU NO FISICO EMBALAGENS SEPARADAS PARA 05UN. 03 CHEGARAM NUM DIA, 01 EM OUTRO E ESTÁ FALTANDO 01UN. | AINDA NÃO ENTREGOU TODO O PEDIDO, ALÉM DE TER MANDADO A NOTA FISCAL COM O TOTAL DOS ITENS, MANDOU NO FISICO EMBALAGENS SEPARADAS PARA 05UN. 03 CHEGARAM NUM DIA, 01 EM OUTRO E ESTÁ FALTANDO 01UN. | AINDA NÃO ENTREGOU TODO O PEDIDO, ALÉM DE TER MANDADO A NOTA FISCAL COM O TOTAL DOS ITENS, MANDOU NO FISICO EMBALAGENS SEPARADAS PARA 05UN. 03 CHEGARAM NUM DIA, 01 EM OUTRO E ESTÁ FALTANDO 01UN.",1,410.84875,345.73,2
33188271ca5851d079e5fce96fd10dac,1,312.74,156.37,2.0,1.0,2,139,computers_accessories,niteroi,RJ,Falta ser entregue o suporte para os pés. Só chegou as vasilhas | Falta ser entregue o suporte para os pés. Só chegou as vasilhas,1,312.74,156.37,2
33416ee3d4fa56400ec814d7b24bde02,2,394.56,131.52,8.0,4.666666666666667,2,111,watches_gifts,rio de janeiro,RJ,Muito bom,1,394.56,131.52,2
334293c291f43a6aa85020f8597a171f,2,762.5400000000001,190.635,1.0,5.0,2,327,home_construction,tambau,SP,Tudo Ok! | Tudo Ok! | Tudo Ok! | Otimo vendedor,1,410.84875,190.635,2
339c527109c4c03e8e09bd4b593dab5f,2,403.99,201.995,4.5,5.0,2,336,cool_stuff,urania,SP,Muito bom,1,403.99,201.995,2
33b141e373b4f251b033f9ed33d6974d,2,221.98,110.99,4.5,5.0,2,121,bed_bath_table,casa nova,BA,Muito bom,1,221.98,110.99,2
340d924858c395848c127b3e772b6bfd,2,496.9500000000001,82.825,4.0,5.0,2,181,costruction_tools_garden,belo horizonte,MG,Muito bom,1,410.84875,82.825,2
3442a61b2d5bfd9d605d6943701ad650,2,2429.56,607.39,5.0,1.0,2,156,construction_tools_construction,campinas,SP,"Não recebi o braço de ducha com desviador, somente a ducha 20x20 com braço de 30cm. | Não recebi o braço de ducha com desviador, somente a ducha 20x20 com braço de 30cm. | Comprei 02 nichos e só recebi o nicho preto 40x30. Faltou o nicho travertino 60x30. O que aconteceu? | Comprei 02 nichos e só recebi o nicho preto 40x30. Faltou o nicho travertino 60x30. O que aconteceu?",1,410.84875,345.73,2
3443f8095ad309eebbdc8caa8b2bf936,2,164.9,82.45,2.0,5.0,2,442,baby,sao paulo,SP,Muito bom,1,164.9,82.45,2
345759b8cb3d30586551de1ca6905df0,2,1056.12,528.06,1.0,4.5,2,56,construction_tools_construction,aracaju,SE,"aparelho util, bom, pratico, poderia ser mais robusto e mais silencioso, na faixa de preço sem concorencia | mercadoria boa",1,410.84875,345.73,2
345817899c325d8b41c9e88011a8ab43,2,125.66,62.83,2.5,4.0,2,167,bed_bath_table,rio de janeiro,RJ,Produto com um bom custo benefício. Estampa igual à da foto.,1,125.66,62.83,2
346fce1712054d4339be023a27c38f13,2,147.97000000000003,73.98500000000001,3.0,1.0,2,183,furniture_decor,formoso do araguaia,TO,Muito bom,1,147.97000000000003,73.98500000000001,2
34b0cd95480e55c2a701293a2b9671b3,3,531.49,132.8725,6.25,4.25,3,1,health_beauty,sao paulo,SP,"Primeira vez que comprei lente de contato pela stark e adorei, pois comprava em um ótica e demorava a entrega. Muito bom 👏👏👏 | Primeira vez que comprei lente de contato pela stark e adorei, pois comprava em um ótica e demorava a entrega. Muito bom 👏👏👏",1,410.84875,132.8725,2
34c0fc031160b0ccaa79df4fff464db5,1,389.92,194.96,1.0,5.0,2,513,bed_bath_table,sao paulo,SP,Muito bom,1,389.92,194.96,2
34cd0f2f38a66796cfbc8a33ece7448c,1,4629.75,1543.25,12.0,1.0,2,15,furniture_decor,sao paulo,SP,Comprei 2 puffs e um chromebook. A entrega foi incompleta. Os puffs nao foram entregues. Tento telefonar para reclamar e nenhum dos telefones consigo falar com um atendente. Lastimável. | Comprei 2 puffs e um chromebook. A entrega foi incompleta. Os puffs nao foram entregues. Tento telefonar para reclamar e nenhum dos telefones consigo falar com um atendente. Lastimável. | Comprei 2 puffs e um chromebook. A entrega foi incompleta. Os puffs nao foram entregues. Tento telefonar para reclamar e nenhum dos telefones consigo falar com um atendente. Lastimável.,1,410.84875,345.73,2
3504bea0c72ad9e945b63f889702d2d4,2,160.19,80.095,1.0,5.0,2,252,garden_tools,sao manuel,SP,"A transação ocorreu normalmente, conforme pedido.",1,160.19,80.095,2
35825208c1a9b2d7cccd2eee08d8cbc6,2,89.54,44.77,1.0,5.0,2,185,health_beauty,guarulhos,SP,Muito bom,1,89.54,44.77,2
35a82f280655f621b4257db3c7c4b086,1,462.68,231.34,1.0,3.0,2,292,air_conditioning,dores do indaia,MG,"comprei os produtos, ar, transformador e suporte. Recebi o ar e o transformador. Não recebi o suporte até o momento. | comprei os produtos, ar, transformador e suporte. Recebi o ar e o transformador. Não recebi o suporte até o momento.",1,410.84875,231.34,2
35b45b906d1450b3540dc96692f58583,2,662.16,220.72,1.0,4.333333333333333,2,62,furniture_living_room,bauru,SP,Muito bom,1,410.84875,220.72,2
35dd6fdbd3caca7333ef2c6675547bd1,1,616.95,205.65,10.0,4.0,2,371,luggage_accessories,campinas,SP,Chegou no prazo e o produto corresponde ao preço. Só a cor que veio errada. Nota regular. | Chegou no prazo e o produto corresponde ao preço. Só a cor que veio errada. Nota regular. | Chegou no prazo e o produto corresponde ao preço. Só a cor que veio errada. Nota regular.,1,410.84875,205.65,2
35de25c73544f00e8adde226a4d1bdcc,2,347.38,173.69,2.5,3.0,2,332,cool_stuff,sao paulo,SP,"Nada a declarar | Eu solicitei uma fôrma de bolo para uma fritadeira elétrica, e na descrição na compra informou o modelo da fritadeira no site, mas me entregaram uma forma minúscula para outro tipo de fritadeira.",1,347.38,173.69,2
35e9d2caa31b87cc3d1ad10d72271140,2,89.99,44.995,1.0,4.0,2,414,health_beauty,guarulhos,SP,Muito bom,1,89.99,44.995,2
35ecdf6858edc6427223b64804cf028e,5,1027.46,114.16222222222224,9.11111111111111,3.7777777777777777,5,150,sports_leisure,sao luis,MA,"Comprei 2 unidades. Apos atraso na entrega , recebi apenas 1 unidade. O grave é que o produto vem em embalagem individual e com nota fisc que aponta na nota fiscal 2 unidades. Recebi ontem com atras | Comprei 2 unidades. Apos atraso na entrega , recebi apenas 1 unidade. O grave é que o produto vem em embalagem individual e com nota fisc que aponta na nota fiscal 2 unidades. Recebi ontem com atras",1,410.84875,114.16222222222224,2
360e5466682fd1c155990ebea3d3af5c,1,432.18,216.09,4.0,5.0,2,111,fashion_bags_accessories,sao paulo,SP,"Parabéns aos envolvidos!
Produto foi entregue corretamente e até antes do prazo estabelecido!! | Parabéns aos envolvidos!
Produto foi entregue corretamente e até antes do prazo estabelecido!!",1,410.84875,216.09,2
3617efb115f44e927be4777c5a72bd9a,1,289.08,144.54,10.0,1.0,2,272,telephony,vera,MT,"falta a capa do celular, o skate chegou | falta a capa do celular, o skate chegou",1,289.08,144.54,2
3633902a0addd1ffc74cbc13d96da288,2,362.81000000000006,120.93666666666668,1.0,4.0,2,38,furniture_living_room,guarulhos,SP,Comprei um jogo de ps3 e foi entregue outro totalmente diferente do que eu comprei.,1,362.81000000000006,120.93666666666668,2
3648f9e5f51f679ed24deff1f031a093,2,228.35,114.175,1.5,4.5,2,265,baby,erechim,RS,"Recebi antes do prazo e em ótimas condições. O produto igual a descrição
Amei, facilita a vida  | recebi antes do prazo e em ótimas condições",1,228.35,114.175,2
3672d762029f6a1869ac18325abf4795,1,589.42,294.71,6.0,2.0,2,22,baby,sao paulo,SP,Eu não recebi minha cortina ainda | Eu não recebi minha cortina ainda,1,410.84875,294.71,2
36daea52b0391fe31b9f5696e227beef,1,306.46,153.23,2.0,3.0,2,47,baby,sao paulo,SP,Muito bom,1,306.46,153.23,2
370cd3b09ea745fe047fd11db7430441,2,353.1,88.275,6.0,5.0,2,274,bed_bath_table,olinda,PE,"Muito Bom! Gostei Bastante! Tecido Ótimo! Atendeu Minhas Espectativas! 👏👏👏 Super Recomendo! 👍 | Ótimo produto! Chegou antes do prazo!!!
 | Muito Bom! Gostei Bastante! Tecido Ótimo! Atendeu Minhas Espectativas! 👏👏👏 Super Recomendo! 👍 | Ótimo produto! Chegou antes do prazo!!!
",1,353.1,88.275,2
37266d5c6bf5cb0700372d16599a9b21,2,310.05,155.025,2.0,4.0,2,72,health_beauty,coronel fabriciano,MG,Muito bom,1,310.05,155.025,2
372b41e8faa2819e0b6346b16cdf402b,2,144.44,72.22,6.5,3.0,2,34,bed_bath_table,pirauba,MG,produto não funciona ,1,144.44,72.22,2
372c5519d40e30b96734fec213649f25,1,281.84,140.92,1.0,5.0,2,131,garden_tools,perdizes,MG,Gostei dos produtos e do prazo de entrega | Gostei dos produtos e do prazo de entrega,1,281.84,140.92,2
374fcbbfcf189ae177b2f955f9e74b3d,2,102.63,51.315,2.0,5.0,2,98,baby,tatui,SP,Valeu a pena a compra. Fica muito bonito na cama,1,102.63,51.315,2
37669671d35808111ab0d229e546221f,2,275.52,137.76,2.0,5.0,2,124,bed_bath_table,brasilia,DF,eu gosto de comprar os produtos de vcs. ,1,275.52,137.76,2
378c06babf08c70f32e748ac24ea33e0,2,140.75,46.91666666666666,1.0,5.0,2,225,home_appliances,barretos,SP,Demora porem sao correto.gostei.,1,140.75,46.91666666666666,2
379a5698aeca26ff55abca9bc7fcaa4f,2,322.19,107.39666666666666,6.666666666666667,5.0,2,181,bed_bath_table,sao paulo,SP,Muito bom,1,322.19,107.39666666666666,2
37cc3e75e39bb11d75a1982ac0d07c17,2,108.48,36.16,1.0,5.0,2,550,cool_stuff,porto seguro,BA,"valeu, as carlotas vieram intatas | tudo 100% | tudo 100%",1,108.48,36.16,2
37d7a8654918a844ec0ce4b049cca9b0,1,414.36,207.18,6.0,2.0,2,21,electronics,contagem,MG,"Boa tarde, nessa entrega estão 2 pedidos e chegou para mim somente a mochila, o controle air mouse não veio.  | Boa tarde, nessa entrega estão 2 pedidos e chegou para mim somente a mochila, o controle air mouse não veio. ",1,410.84875,207.18,2
37dfc03a111d12adb03a699829213af4,1,297.06,148.53,8.0,1.0,2,313,bed_bath_table,governador valadares,MG,Frete muito caro | Frete muito caro,1,297.06,148.53,2
37f8e7062a53c1a0fca4f59f4c6b1429,2,164.87,82.435,1.0,5.0,2,316,fashion_bags_accessories,canapolis,MG,Muito bom,1,164.87,82.435,2
382ad79426068e4ba6ed73491d4441cb,2,149.18,37.295,3.0,5.0,2,451,furniture_decor,itu,SP,Muito bom,1,149.18,37.295,2
384d6654ad80e9f1426b7a4ef9e40997,2,1423.7,237.28333333333333,1.0,3.5,2,161,bed_bath_table,paulinia,SP,"Então Gostei Mais veio diferente do que eu pedi, mais Gostei também, a entrega foi bem rápida | Então Gostei Mais veio diferente do que eu pedi, mais Gostei também, a entrega foi bem rápida | Então Gostei Mais veio diferente do que eu pedi, mais Gostei também, a entrega foi bem rápida",1,410.84875,237.28333333333333,2
38e74ef4e3bcf3019fd22b84649bf90d,2,273.88,91.29333333333334,4.0,3.333333333333333,2,415,bed_bath_table,prudente de morais,MG,"O produto é bom. É maior q eu imaginava, mas os documentos não cabem. Quem tem CNH tem q tirar o plástico pra guardar na carteira, pois não cabe com o plástico. Identidade não cabe. No geral é boa | O produto é bom. É maior q eu imaginava, mas os documentos não cabem. Quem tem CNH tem q tirar o plástico pra guardar na carteira, pois não cabe com o plástico. Identidade não cabe. No geral é boa",1,273.88,91.29333333333334,2
39104edef5e46d7b8c61848cc95e6d97,3,126.27,42.09,2.333333333333333,4.666666666666667,3,332,baby,suzano,SP,Muito bom,1,126.27,42.09,2
3941d548b98c232be3b02321648523ad,1,291.9,145.95,1.0,5.0,2,38,construction_tools_construction,pocoes de paineiras,MG,Muito bom,1,291.9,145.95,2
394ac4de8f3acb14253c177f0e15bc58,5,1022.15,170.35833333333332,1.0,5.0,2,13,health_beauty,sao paulo,SP,Muito bom,1,410.84875,170.35833333333332,2
39618678c9395910a7d675df2b0af941,2,423.8,141.26666666666668,1.0,5.0,2,37,fashion_shoes,conquista,MG,Tô santfeita por chegar 12 dias antes. Mais a cafeteira ainda não chegou era para chega dia 6/8,1,410.84875,141.26666666666668,2
396adb4d8570f382a271ba14a73d0190,1,446.0,223.0,3.0,5.0,2,138,furniture_decor,sao paulo,SP,desde pedido não vieram as almofadas ainda | desde pedido não vieram as almofadas ainda,1,410.84875,223.0,2
3991c84b618da2e02b44ba48aba925d1,2,120.21,40.07,4.0,5.0,2,196,books_technical,varginha,MG,Muito bom,1,120.21,40.07,2
399a2a06a7ddefb3b09460ba6a1bcf12,2,81.68,40.84,1.0,4.0,2,113,fashion_bags_accessories,hortolandia,SP,Produtos de qualidades ta aprovado...,1,81.68,40.84,2
39fff7cb5873a7116b02234bd1e6c6dc,2,125.54,62.77,5.5,4.0,2,117,health_beauty,sao vicente,SP,Muito bom,1,125.54,62.77,2
3a4acf4c4c97cc25075d29f8d29f405b,2,919.21,229.8025,9.5,5.0,2,100,furniture_decor,itaju,SP,"muito bom, foi o esperado | muito bom, foi o esperado | muito bom, foi o esperado | Produto que esperava, original e perfeito.",1,410.84875,229.8025,2
3a73ce6fc3b392e1ca609b5548418c36,2,455.45,151.81666666666666,1.0,5.0,2,218,bed_bath_table,natal,RN,Muito bom,1,410.84875,151.81666666666666,2
3aa71d539bb760f054b280604391602a,2,228.71,76.23666666666666,4.0,3.6666666666666665,2,270,watches_gifts,salvador,BA,"O produto foi entregue antes do prazo . Obrigada por acatar nosso apelo. Nota 10. | Não credito todo o erro ao fornecedor.
A baratheon também tem responsabilidade. Comprei na baratheon. Obrigada. | Não credito todo o erro ao fornecedor.
A baratheon também tem responsabilidade. Comprei na baratheon. Obrigada.",1,228.71,76.23666666666666,2
3ab0efc5b3ecd6ede7565b1f7d7516a5,1,252.52,126.26,1.0,5.0,2,352,furniture_decor,rio de janeiro,RJ,Muito bom,1,252.52,126.26,2
3ad4f7f719b511802d7a94093d055e72,1,2614.56,653.64,7.0,2.0,2,558,furniture_decor,vilhena,RO,"Produtos vieram incompletos,estou aguardando entrarem em contato comigo | Produtos vieram incompletos,estou aguardando entrarem em contato comigo | Produtos vieram incompletos,estou aguardando entrarem em contato comigo | Produtos vieram incompletos,estou aguardando entrarem em contato comigo",1,410.84875,345.73,2
3ad84abcfa9a58f9ede403889421500b,1,408.12,204.06,4.0,3.0,2,403,bed_bath_table,sao paulo,SP,Muito bom,1,408.12,204.06,2
3ae522de6b23a3699ef105d4c4b3b82d,2,82.19,41.095,3.5,4.0,2,329,telephony,florianopolis,SC,Entrega rápida  | Sempre no prazo ,1,82.19,41.095,2
3af90f255e824d1d53b3584a4e89ad58,2,302.68,100.89333333333332,4.666666666666667,2.333333333333333,2,110,housewares,ipatinga,MG,serviço ruim,1,302.68,100.89333333333332,2
3b92b8617254e581d164b5d213d437a2,2,180.06,90.03,5.5,5.0,2,233,stationery,barbacena,MG,Muito bom,1,180.06,90.03,2
3b93b770a314d48d7f698a09cab03370,2,223.1,111.55,1.0,5.0,2,55,sports_leisure,sao bernardo do campo,SP,Muito bom,1,223.1,111.55,2
3bcd0ddf751cb9542efe9f6299fad626,2,208.92,104.46,3.0,5.0,2,53,computers_accessories,brasilia,DF,Chegou bem embalado e no prazo. Recomendo o produto é o vendedor.,1,208.92,104.46,2
3be412c1321c061d6f85c5e41530ce2d,2,379.17,126.39,2.333333333333333,2.0,2,160,bed_bath_table,porto alegre,RS,"O produto veio com a estampa desbotada.
Não faz justiça ao que foi mostrado no site de compras.
Medidas corretas mas deixou a desejar no quesito beleza. ",1,379.17,126.39,2
3bfda42ef722cb59c430e6be0b68628c,2,189.08,94.54,1.0,4.0,2,403,perfumery,macae,RJ,Lindo o kit de mochila e lancheira frozen. Produto de muita qualidade. | Chegou bem rapidinho. Produto razoável ,1,189.08,94.54,2
3c166bd80203dfb723ba32f64bedd87b,2,328.4,164.2,5.0,3.0,2,113,computers_accessories,barra do bugres,MT,bao,1,328.4,164.2,2
3c25f47ab68536a1d3d6b29b9c8b7e63,2,117.14,58.57,1.0,5.0,2,274,electronics,indaiatuba,SP,Atendimento rápido e no prazo! | Mercadorias bem embaladas e entregues no prazo estabelecido.,1,117.14,58.57,2
3c801d053bcdee6a0d8bd452e2f54e23,1,198.04,33.00666666666667,1.0,1.0,2,188,bed_bath_table,franca,SP,"BOA TARDE EU NÃO RECEBI O PEDIDO COMPLETO, ENTREGARAM SOMENTE O VARÃO. A CORTINA NÃO FOI ENTREGUE, ESTOU NO AGUARDO DE UMA RESOLUÇÃO ARA ESTE PROBLEMA | BOA TARDE EU NÃO RECEBI O PEDIDO COMPLETO, ENTREGARAM SOMENTE O VARÃO. A CORTINA NÃO FOI ENTREGUE, ESTOU NO AGUARDO DE UMA RESOLUÇÃO ARA ESTE PROBLEMA | BOA TARDE EU NÃO RECEBI O PEDIDO COMPLETO, ENTREGARAM SOMENTE O VARÃO. A CORTINA NÃO FOI ENTREGUE, ESTOU NO AGUARDO DE UMA RESOLUÇÃO ARA ESTE PROBLEMA | BOA TARDE EU NÃO RECEBI O PEDIDO COMPLETO, ENTREGARAM SOMENTE O VARÃO. A CORTINA NÃO FOI ENTREGUE, ESTOU NO AGUARDO DE UMA RESOLUÇÃO ARA ESTE PROBLEMA | BOA TARDE EU NÃO RECEBI O PEDIDO COMPLETO, ENTREGARAM SOMENTE O VARÃO. A CORTINA NÃO FOI ENTREGUE, ESTOU NO AGUARDO DE UMA RESOLUÇÃO ARA ESTE PROBLEMA | BOA TARDE EU NÃO RECEBI O PEDIDO COMPLETO, ENTREGARAM SOMENTE O VARÃO. A CORTINA NÃO FOI ENTREGUE, ESTOU NO AGUARDO DE UMA RESOLUÇÃO ARA ESTE PROBLEMA",1,198.04,33.00666666666667,2
3c884190b71bbb36aab161465ff1d2c7,2,124.78,62.39,1.0,4.0,2,193,furniture_decor,arroio do meio,RS,Muito bom,1,124.78,62.39,2
3cc9db37d3df6c5b00e68a8f28d76f71,1,146.14,73.07,1.0,5.0,2,478,arts_and_craftmanship,francisco badaro,MG,Muito bom,1,146.14,73.07,2
3cd4207d6ce944798257ac5953640a40,2,174.18,87.09,3.0,4.0,2,156,luggage_accessories,niteroi,RJ,Muito bom,1,174.18,87.09,2
3cf33c394bf39b538eacf3d4ce394b74,1,495.9,247.95,6.0,4.0,2,417,consoles_games,palmas,PR,Muito bom,1,410.84875,247.95,2
3d4f12dece1264e5d6321f1b7f003336,2,58.39,29.195,1.0,5.0,2,4,electronics,sao paulo,SP,"ok, novinho.
Ainda nao instalei.  | Funcionou perfeitamente.",1,58.39,29.195,2
3d50a44231c2a153219cef76ee3e445d,2,817.7,204.425,1.0,3.25,2,188,toys,rio de janeiro,RJ,Recomendo | Recomendo | Recomendo,1,410.84875,204.425,2
3d740e7cbf7e5b18027f204bd01b0be4,2,178.82999999999998,59.60999999999999,5.666666666666667,3.0,2,382,furniture_decor,belford roxo,RJ,Muito bom,1,178.82999999999998,59.60999999999999,2
3d75cbf8643a1c15723adb850fb5f928,2,121.55,60.775000000000006,5.5,4.0,2,178,baby,sao paulo,SP,Muito bom,1,121.55,60.775000000000006,2
3d88eb9dbdae62a25db397df10cec4ec,1,712.12,356.06,6.0,2.0,2,23,furniture_decor,porto alegre,RS,Muito bom,1,410.84875,345.73,2
3d93772915efa454a89bf52047b0b285,2,747.41,93.42625,1.125,4.75,2,54,furniture_decor,contagem,MG,Muito bom,1,410.84875,93.42625,2
3db6e5afa8e8178a29afc729855315e2,3,779.34,259.78000000000003,1.0,1.0,2,277,auto,rio de janeiro,RJ,Ainda não chegou o que faço,1,410.84875,259.78000000000003,2
3df4912077693dc7933267da9542825c,2,245.69,122.845,6.0,3.0,2,199,cool_stuff,rio do sul,SC,Muito bom,1,245.69,122.845,2
3e27ee3f48cb9cabeabd93885de3fd09,1,236.98,118.49,1.0,1.0,2,40,sports_leisure,rio de janeiro,RJ,O relógio está com defeito onde efetuo a troca do mesmo ou seu reparo. | O relógio está com defeito onde efetuo a troca do mesmo ou seu reparo.,1,236.98,118.49,2
3e3d56f9737c010ccb5b67c601a18b53,2,265.21000000000004,88.40333333333335,1.0,5.0,2,29,housewares,guarulhos,SP,Muito bom,1,265.21000000000004,88.40333333333335,2
3e43e6105506432c953e165fb2acf44c,9,1963.58,140.25571428571428,7.571428571428571,2.642857142857143,5,182,bed_bath_table,praia grande,SP,Muito bom,1,410.84875,140.25571428571428,2
3e5306add1209e5ba184092dd1587282,3,209.79,69.93,6.666666666666667,5.0,3,229,auto,brasilia,DF,Muito bom,1,209.79,69.93,2
3e6658866cc636c1762c080ed56f44e6,2,291.67,145.835,1.0,3.0,2,162,garden_tools,porto alegre,RS,"Produto chegou conforme o anunciado e antes do prazo, super recomendo | Não tenho nem o que opinar! Não recebi o objeto comprado.",1,291.67,145.835,2
3e7bb77746c1489704b3e041860dfb6d,2,154.09,77.045,1.0,5.0,2,65,health_beauty,aparecida de goiania,GO,Muito bom,1,154.09,77.045,2
3ea4185126195c34ed9949d8e406d570,3,806.63,268.87666666666667,7.0,5.0,3,41,auto,belo horizonte,MG,Muito bom,1,410.84875,268.87666666666667,2
3ea746ba5ce82f2fba077e4ce378c5f7,1,593.28,296.64,1.0,1.0,2,152,industry_commerce_and_business,passos,MG,Não chegou tudo o que eu pedi e consta como se estivesse entregue  | Não chegou tudo o que eu pedi e consta como se estivesse entregue ,1,410.84875,296.64,2
3ec1be9f245928e43aa7bc87fa547ea4,1,1096.56,548.28,10.0,3.0,2,226,baby,joinville,SC,"Nao recebi a cadeirinha de carro, apenas o tapete apenas o tapete. | Nao recebi a cadeirinha de carro, apenas o tapete apenas o tapete.",1,410.84875,345.73,2
3ef33af26f37a0104f7e0e942c5188ac,1,759.44,189.86,10.0,1.0,2,449,construction_tools_construction,rio de janeiro,RJ,Ate o momento nao chegou meu produto... informado pela lannister que estava como entregue. Aguardando uma posicao a respeito ! | Ate o momento nao chegou meu produto... informado pela lannister que estava como entregue. Aguardando uma posicao a respeito ! | Ate o momento nao chegou meu produto... informado pela lannister que estava como entregue. Aguardando uma posicao a respeito ! | Ate o momento nao chegou meu produto... informado pela lannister que estava como entregue. Aguardando uma posicao a respeito !,1,410.84875,189.86,2
3f00548d480f59bdac5e1ad8a68dcfe1,2,230.21,115.105,9.5,5.0,2,225,health_beauty,macae,RJ,Muito bom,1,230.21,115.105,2
3f00e82898c6f4746ce5c78d9e29c7ce,1,297.76,148.88,1.0,1.0,2,397,telephony,nova monte verde,MT,A película veio completamente destruida. | A película veio completamente destruida.,1,297.76,148.88,2
3f43659f3039db937e17c9b26a3ce7b0,1,532.64,266.32,3.0,1.0,2,341,bed_bath_table,cacapava do sul,RS,"Efetuei a compra de duas cortinas, mas recebi somente uma. | Efetuei a compra de duas cortinas, mas recebi somente uma.",1,410.84875,266.32,2
3f591bdca999989260411d00a0bcd57e,1,140.0,70.0,1.0,5.0,2,6,baby,sao paulo,SP,Muito bom,1,140.0,70.0,2
3f6ac9a49767899814866524054ba779,2,186.39,93.195,9.0,4.0,2,509,bed_bath_table,euclides da cunha paulista,SP,Muito bom,1,186.39,93.195,2
3f7df0cc6ed016660b9408f9e3fe16df,1,345.18,172.59,1.0,5.0,2,412,food_drink,campinas,SP,Muito bom,1,345.18,172.59,2
3fe3e628c6c7a15ae96416826a4c5952,2,390.93,195.465,3.0,5.0,2,10,toys,poa,SP,"Relógio muito bonito..gostei muito 
Chegou antes do prazo em perfeito estado tudo funcionado recomendo | otimo recomendo",1,390.93,195.465,2
3ff874206f1d7d1e3ffe12bc9c88c27c,2,122.51,61.255,1.5,4.0,2,29,furniture_decor,porto alegre,RS,Muito bom,1,122.51,61.255,2
4046cc9e4828038b58ee191e1f713466,2,391.98,130.66,3.0,5.0,2,79,housewares,sao paulo,SP,Muito bom,1,391.98,130.66,2
40730ca1af9742bd0bdbcef270ff4c76,2,179.98,89.99,3.0,5.0,2,273,computers_accessories,para de minas,MG,Muito bom,1,179.98,89.99,2
407a6773db6e845737d04a6e27e653b4,2,244.78,122.39,7.0,5.0,2,346,furniture_decor,assis,SP,Produto em perfeito estado entrega antes do prazo.. recomendo.. | Produto lindo cm na foto recomendo... Chegou bem antes do prazo,1,244.78,122.39,2
408aee96c75632a92e5079eee61da399,2,419.4,209.7,4.5,5.0,2,68,baby,rio de janeiro,RJ,Excelente | Atendimento de primeiro mundo. Fiquei muito satisfeita.,1,410.84875,209.7,2
409fffcdaf4d0eb689458f1df6b2c240,2,406.15,203.075,3.0,1.0,2,223,furniture_mattress_and_upholstery,sao caetano do sul,SP,"Comprei o produto e quando chegou veio na cor rosa, ao invez da cor vermelha como na foto... Pedi o cancelamento do produto ja tem mais de 1 mes e ate agora nada do reembolso... muito demorado | Comprei o produto e quando chegou veio na cor rosa, ao invez da cor vermelha como na foto... Pedi o cancelamento do produto ja tem mais de 1 mes e ate agora nada do reembolso... muito demorado",1,406.15,203.075,2
40e3c65c63fb2f9399614d7c25b7b4ee,1,872.8,436.4,3.0,1.0,2,14,furniture_decor,rio de janeiro,RJ,Não recebi a mesa só o traviseiro  | Não recebi a mesa só o traviseiro ,1,410.84875,345.73,2
410a0462acba9ae869f84450fae8a4ea,2,276.57,138.285,1.0,5.0,2,92,construction_tools_construction,sao paulo,SP,Recebi antes da data prevista. E o produto era realmente o esperado.,1,276.57,138.285,2
41348c09a551501117e31f8a4149950c,2,289.11,144.555,1.5,3.5,2,259,bed_bath_table,nova friburgo,RJ,"demorou muito a chegar, mas não sei se a culpa foi do vendedor...",1,289.11,144.555,2
4191bcfd448dc07138d2951ea4d10008,2,178.01,89.005,3.5,4.5,2,295,bed_bath_table,nova friburgo,RJ,Sempre compro com baratheon e sempre vem na datas certa. | Recomendo esse produto. Lindo,1,178.01,89.005,2
419fa4c55bcc7754a965e67a57fb3f7d,1,151.02,75.51,1.0,1.0,2,160,books_technical,mococa,SP,"Comprei dois livros, mas só me entregaram um, e com a nota fiscal dos dois! | Comprei dois livros, mas só me entregaram um, e com a nota fiscal dos dois!",1,151.02,75.51,2
41b4af321ed477242aebe74652fd8219,2,1218.43,174.0614285714286,7.0,5.0,2,78,bed_bath_table,sao paulo,SP,Produto entregue antes do prazo. | Produto entregue antes do prazo. | Produto entregue antes do prazo. | Produto entregue antes do prazo. | Produto entregue antes do prazo. | Produto entregue antes do prazo.,1,410.84875,174.0614285714286,2
41d57ab847e5ccbe403f46b07ee577d6,2,153.12,76.56,7.5,5.0,2,1,sports_leisure,cotia,SP,"Produto de boa qualidade, fácil de montar e espaçosa! Minha pequena amou!  | Gostei muito é bem mais forte do que esperava! Enche super rápido! ",1,153.12,76.56,2
4220ae19dee604e8c1dddccd4e535502,2,60.82,20.273333333333333,1.0,5.0,2,109,christmas_supplies,tejupa,SP,"Bom produto,gostei muito | Bom produto,gostei muito",1,60.82,20.273333333333333,2
425634deb94b1080fc7d283f3a644941,2,145.35,72.675,2.0,3.0,2,320,auto,paragominas,PA,"Bem embalado, e entregue no prazo | Demora pra envio e ainda não chegou, problema pra despachar e tbm pra envio da parte dos correios 
",1,145.35,72.675,2
4279dc495a38ef8fb0ea0a9201c6ee30,1,194.7,97.35,1.0,5.0,2,353,bed_bath_table,porto alegre,RS,Muito bom,1,194.7,97.35,2
4291db0da71914754618cd789aebcd56,2,627.74,209.24666666666667,1.6666666666666667,4.333333333333333,2,28,stationery,conchas,SP,Muito bom,1,410.84875,209.24666666666667,2
429de3d8004cbe46652a0e069fc545e3,2,73.18,36.59,1.0,4.5,2,215,computers_accessories,rio de janeiro,RJ,Muito bom,1,73.18,36.59,2
42befda568ea0df110b6cec63c233bea,2,236.76,78.92,1.0,5.0,2,159,sports_leisure,sao paulo,SP,Muito bom,1,236.76,78.92,2
43103ed378c67d1df45d3028173f68f7,1,345.62,172.81,1.0,1.0,2,261,garden_tools,paraibano,MA,"Chegou o produto atrasado, faltando outro. Falta chegar os demais. O cliente está zangado. | Chegou o produto atrasado, faltando outro. Falta chegar os demais. O cliente está zangado.",1,345.62,172.81,2
43255e3df6cda368809baa2fc72872c8,2,127.88,63.94,1.0,3.5,2,200,sports_leisure,rio de janeiro,RJ,"Foi tudo perfeito, tirando o sabor do produto que pedi baunilha e veio chocolate. Mas como não ligo mto pra isso e o sabor não tem tanta importância pra mim, nem liguei. ",1,127.88,63.94,2
4329ca9025968ae028dd7eb9106750fa,1,1307.88,435.96,12.0,1.0,3,23,bed_bath_table,porto alegre,RS,Só Chegou um produto | Só Chegou um produto | Só Chegou um produto,1,410.84875,345.73,2
432aa6200ee9673be90863a912dc91dc,2,224.53000000000003,74.84333333333335,6.666666666666667,5.0,2,169,bed_bath_table,sao paulo,SP,otimo | Otimo | Otimo,1,224.53000000000003,74.84333333333335,2
439624e26bc73309799fd718773bdb8a,2,150.14,75.07,1.0,2.0,2,268,electronics,rio de janeiro,RJ,"O prazo apresentado no momento da compra era um, mas depois que efetuei o pagamento mudou sendo postergado para após o natal. E mesmo assim chegou dois dias depois do informado.",1,150.14,75.07,2
43a1d7fce4fffa3adb9d81586f5f3ecd,1,543.28,271.64,10.0,1.0,2,112,baby,brasilia,DF,"Só recebi um item e já está marcado como recebido no site das lannister e nos correios, além de a loja não responder o contato. | Só recebi um item e já está marcado como recebido no site das lannister e nos correios, além de a loja não responder o contato.",1,410.84875,271.64,2
43c73f9043398f0dd2163fc5f825e61a,2,243.37,121.685,3.0,5.0,2,293,bed_bath_table,belo horizonte,MG,"Kit bolsa muito bonita e ótimo material, a targaryen eu recomendo, sempre entregou os produtos bem embalados e na metade do tempo previsto.",1,243.37,121.685,2
43da534e5e6c052df9993df486f342b6,1,794.85,158.97,3.0,1.0,3,107,computers_accessories,belo horizonte,MG,"O pedido, não chegou com a quantidade correta. Faltou o Suporte De Peito Cinta Peitoral Para Camera Gopro Go Pro, faltou um Adaptador Conector P2 Macho P10 Femea Estereo Microfone sendo 3. | O pedido, não chegou com a quantidade correta. Faltou o Suporte De Peito Cinta Peitoral Para Camera Gopro Go Pro, faltou um Adaptador Conector P2 Macho P10 Femea Estereo Microfone sendo 3. | O pedido, não chegou com a quantidade correta. Faltou o Suporte De Peito Cinta Peitoral Para Camera Gopro Go Pro, faltou um Adaptador Conector P2 Macho P10 Femea Estereo Microfone sendo 3. | O pedido, não chegou com a quantidade correta. Faltou o Suporte De Peito Cinta Peitoral Para Camera Gopro Go Pro, faltou um Adaptador Conector P2 Macho P10 Femea Estereo Microfone sendo 3. | O pedido, não chegou com a quantidade correta. Faltou o Suporte De Peito Cinta Peitoral Para Camera Gopro Go Pro, faltou um Adaptador Conector P2 Macho P10 Femea Estereo Microfone sendo 3.",1,410.84875,158.97,2
43f9d5ace80c6d3c5c09544bc2fa8484,2,107.76,53.88,5.0,2.0,2,260,housewares,taubate,SP,Produto entregue fora do prazo mas chegou corretamente. | Ainda não recebi o produto ,1,107.76,53.88,2
44714c3d8e5b4a5ff2564f338dd5a5f6,1,234.14,117.07,1.0,1.0,2,110,furniture_decor,birigui,SP,"Nota fiscal com divergências ao pedido...de dois itens comprados veio somente um...
 | Nota fiscal com divergências ao pedido...de dois itens comprados veio somente um...
",1,234.14,117.07,2
44adda057b51a700d1e287783b02516e,2,659.98,329.99,1.0,4.5,2,107,drinks,sao paulo,SP,Muito bom,1,410.84875,329.99,2
44b49176f1aca9533b67f3eedab0b2de,2,211.63,105.815,6.5,4.0,2,64,furniture_decor,niteroi,RJ,Bom entregou no domingo | Eu paguei o frete e gostaria de ter recebido em casa como todos os produtos que ja comprei.,1,211.63,105.815,2
44bd7571a7dad968306f7776bd5a5745,2,423.0,105.75,1.0,4.0,2,190,electronics,santa isabel,SP,Muito bom,1,410.84875,105.75,2
44dbd08cc06662e0ca8ac504aac75f18,2,882.8399999999999,294.28,8.0,2.0,2,128,bed_bath_table,sao jose dos pinhais,PR,Recebi apenas um cobertor de casal. O de solteiro não é a mercadoria foi deixado do lado de fora de casa sem ninguém que receber.  | Recebi apenas um cobertor de casal. O de solteiro não é a mercadoria foi deixado do lado de fora de casa sem ninguém que receber. ,1,410.84875,294.28,2
44eadd61f5969a169e595dc9b9dd4d3b,1,493.0,246.5,5.0,1.0,2,533,bed_bath_table,sao paulo,SP,não recebi minha cortina | não recebi minha cortina,1,410.84875,246.5,2
455b49402053f170c64a3ae7fced73d4,2,209.87,104.935,4.0,4.5,2,193,bed_bath_table,sao paulo,SP,GOSTEI MUITO!,1,209.87,104.935,2
455c17b35969ca198c17f2fc9e8eba1b,3,1150.71,230.142,2.2,2.6,2,172,health_beauty,salvador,BA,"Os correios já saíram da greve? | Os correios já saíram da greve? | O produto foi entregue na casa errada. Minha vizinha foi quem recebeu. peço que verifiquem com a empresa que entregou, pois não é primeira vez que isso acontece | No dia 30/03/2017. foi entregue apenas (1) um pote do produto 'PRO Femina+E'.
Quando o outro pote será entregue?
Pois eu fiz o pedido de (2) dois produtos.
Fico aguardando uma resposta! | No dia 30/03/2017. foi entregue apenas (1) um pote do produto 'PRO Femina+E'.
Quando o outro pote será entregue?
Pois eu fiz o pedido de (2) dois produtos.
Fico aguardando uma resposta!",1,410.84875,230.142,2
4577881f7a6c10d8eb6bd7f7a82ffa86,2,858.17,429.085,1.0,5.0,2,40,bed_bath_table,sao paulo,SP,Muito bom,1,410.84875,345.73,2
46014217dceae9154e4f85ae292bc9d0,2,129.73000000000002,64.86500000000001,1.0,5.0,2,41,baby,belo horizonte,MG,Muito bom,1,129.73000000000002,64.86500000000001,2
4658b26bcea972ed0b86a5f8c61718be,2,900.56,300.18666666666667,2.6666666666666665,1.6666666666666667,2,80,drinks,apucarana,PR,"esperava pelo preço que o produto fosse melhor.
o material é de baixa qualidade e a tampa fica meio solta. não gostei pelo preço absurdo. nao vale a pena.  | Recebi apenas um produto, e não dois, como paguei. Quero urgente o resto do pedido, pois tenho pressa  | Recebi apenas um produto, e não dois, como paguei. Quero urgente o resto do pedido, pois tenho pressa ",1,410.84875,300.18666666666667,2
4666e7be827bb14bf746a56f740e62c5,2,152.32999999999998,76.16499999999999,6.0,5.0,2,465,health_beauty,dois vizinhos,PR,Confiável e super indico  | Confiável e super indico ,1,152.32999999999998,76.16499999999999,2
4681829483318507ed55682649de6571,2,1485.56,371.39,2.0,4.5,2,211,bed_bath_table,sao paulo,SP,"A nf chegou informando dos dois jogos, porém chegou apenas um jogo! Faltou o jogo branco! Como proceder? | A nf chegou informando dos dois jogos, porém chegou apenas um jogo! Faltou o jogo branco! Como proceder? | Excelente!!!! | Excelente!!!!",1,410.84875,345.73,2
46ad2eaee2eff1f20b8632d4929177ea,1,449.66,224.83,8.0,5.0,2,392,garden_tools,blumenau,SC,"entrega rapida e produto veio em perfeito estado, comprarei de novo | entrega rapida e produto veio em perfeito estado, comprarei de novo",1,410.84875,224.83,2
46b061196b47dfe9318d38bab6a40ee7,2,196.77,98.385,4.5,4.5,2,228,fashion_bags_accessories,praia grande,SP,tudo certo  | Certinho ,1,196.77,98.385,2
46b52cfe48b6e0ad44df00fa06ee853f,1,1520.91,506.97,8.0,5.0,2,80,bed_bath_table,rio de janeiro,RJ,Muito bom,1,410.84875,345.73,2
46bb69f1b7665b472b77bdeee838fbd0,1,1791.86,895.93,10.0,4.0,2,299,cool_stuff,fortaleza,CE,"bom,chegou dentro do prazo,estou satisfeito. | bom,chegou dentro do prazo,estou satisfeito.",1,410.84875,345.73,2
46c1baa293bee229fa7c3205135a357f,1,285.78,142.89,8.0,5.0,2,363,furniture_decor,rio de janeiro,RJ,"Excelente 
chegou super rápido e o produto é ótimo
 | Excelente 
chegou super rápido e o produto é ótimo
",1,285.78,142.89,2
46da36c3df7118852b770394d1ba2be5,2,125.0,62.5,2.0,4.5,2,25,housewares,sao paulo,SP,Muito bom,1,125.0,62.5,2
46df035936a01945ecb6227ee2f55215,1,464.0,232.0,1.0,2.0,2,236,health_beauty,rio de janeiro,RJ,"A entrega está demorada (20 dias), comprei 2 produtos e mandaram separado, só recebi 1 deles até agora. Não consigo saber quando irei e se irei receber meu Whey pq os Correios já deram baixa no código | A entrega está demorada (20 dias), comprei 2 produtos e mandaram separado, só recebi 1 deles até agora. Não consigo saber quando irei e se irei receber meu Whey pq os Correios já deram baixa no código",1,410.84875,232.0,2
46ed126bcf1df6e195dbc63d7c320983,2,260.38,130.19,5.5,5.0,2,8,fashion_bags_accessories,barra mansa,RJ,"produto conforme anunciado, entrega super rapida",1,260.38,130.19,2
4702ba5faa8283e0f6b6a545cdaf8a9f,2,296.53,148.265,4.5,5.0,2,21,telephony,triunfo,PE,Muito bom,1,296.53,148.265,2
4711348768db55c57a67aba080ead566,2,1478.1999999999998,739.0999999999999,5.5,5.0,2,82,garden_tools,vitoria,ES,Muito bom,1,410.84875,345.73,2
473d9165586cfc6708841d07adf6c020,2,1608.36,321.672,1.0,4.4,3,105,bed_bath_table,sao paulo,SP,"Dos itens destacados, não recebi a saia para cama box. As toalhas foram recebidas. | Dos itens destacados, não recebi a saia para cama box. As toalhas foram recebidas. | Dos itens destacados, não recebi a saia para cama box. As toalhas foram recebidas.",1,410.84875,321.672,2
47544c4d42f988172faedb4b05231671,2,172.23,86.115,5.0,5.0,2,87,fashion_shoes,papagaios,MG,Produto de qualidade excelente e muito bonito!,1,172.23,86.115,2
4754e3b66497719a91b36268ed9c5718,2,881.11,440.555,1.0,5.0,2,264,home_construction,tapiratiba,SP,Muito bom,1,410.84875,345.73,2
4755e6cf97a25760ab159e0457c84a29,2,368.49,122.83,2.0,5.0,2,69,computers_accessories,sao paulo,SP,"Produto bom recebi bem antes do esperado tudo perfeito, super recomendo. | Comprei 2 produtos veio somente 1 mas no dia seguinte veio o segundo, dentro do prazo de entrega. | Comprei 2 produtos veio somente 1 mas no dia seguinte veio o segundo, dentro do prazo de entrega.",1,368.49,122.83,2
4757b4d81eaab4d270e585126410dc5c,2,91.72,45.86,2.0,4.0,2,484,fashion_bags_accessories,arcos,MG,Gostei muito da pulseira | Muito bom excelente ,1,91.72,45.86,2
475d4eb16efe698064c2966acd62584c,2,140.39,70.195,1.0,5.0,2,161,consoles_games,sao paulo,SP,Muito bom,1,140.39,70.195,2
477f7f182e8da105ba6713c0d5a24f15,2,271.11,135.555,6.5,3.0,2,552,sports_leisure,juiz de fora,MG,"o produto veio com defeito, aparência de usado!",1,271.11,135.555,2
47a891a1662c1f27cd66c574ad2f4c95,1,114.14,57.07,1.0,3.0,2,169,electronics,itapevi,SP,Muito bom,1,114.14,57.07,2
47bf59d74df990d3aaec20b76a2c9964,1,639.76,319.88,1.0,3.0,2,35,auto,tres lagoas,MS,"Preciso do meu produto"" urgente!!!
Aguardo resposta?? | Preciso do meu produto"" urgente!!!
Aguardo resposta??",1,410.84875,319.88,2
47c1a3033b8b77b3ab6e109eb4d5fdf3,6,1139.89,142.48624999999998,1.0,4.875,5,216,auto,jandira,SP,Muito bom,1,410.84875,142.48624999999998,2
47c89a36acb8a73127ec91d0542289b5,2,243.43,81.14333333333333,1.0,4.666666666666667,2,116,sports_leisure,sao paulo,SP,"ultra rapido | ultra rapido | Excelente
",1,243.43,81.14333333333333,2
481060b29de0e9b3d7f4b2991cfb0767,2,299.47,149.735,2.5,5.0,2,102,construction_tools_lights,sao joaquim da barra,SP,Muito bom,1,299.47,149.735,2
4820f42c8203dcad5d2c17cf363048b0,2,318.69,159.345,5.5,3.0,2,236,home_appliances,sao paulo,SP,Demorou um a entrega | Excelente comora amei eu recomendo,1,318.69,159.345,2
4827d6a02f010b9505e4af04c7fac522,2,100.7,50.35,4.0,5.0,2,67,fashion_bags_accessories,guarulhos,SP,Muito bom,1,100.7,50.35,2
484ebf9e88a9ea286cba257eca428310,1,255.72,127.86,10.0,1.0,2,276,housewares,sao paulo,SP,Nao posso opinar aind nao recebi 🤔 | Nao posso opinar aind nao recebi 🤔,1,255.72,127.86,2
48625b68a29dcfc3aba4b5147e0625aa,2,370.32,185.16,1.0,4.0,2,204,construction_tools_lights,rio de janeiro,RJ,Muito bom,1,370.32,185.16,2
4897a3c64a635a703a71dd2d9189bffa,2,419.47,209.735,3.5,5.0,2,334,telephony,brusque,SC,Muito bom,1,410.84875,209.735,2
48c1b34a2d23e13b8967caa478d9c428,1,460.08,230.04,2.0,1.0,2,537,bed_bath_table,uruoca,CE,"vou terminar de pagar a mercadoria e não recebi, muito insatisfeito com a compra. | vou terminar de pagar a mercadoria e não recebi, muito insatisfeito com a compra.",1,410.84875,230.04,2
48dba87aaffe7709daf57e38ec5d375f,1,164.32,82.16,2.0,5.0,2,112,musical_instruments,sao paulo,SP,Muito bom,1,164.32,82.16,2
4923b8ab746ce20a1fd5e6cb567a948b,1,427.44,213.72,10.0,5.0,2,12,bed_bath_table,capao da canoa,RS,"
 | 
",1,410.84875,213.72,2
49257d143ec6384f53a6648062252966,2,244.35,81.45,3.0,5.0,2,164,baby,mogi mirim,SP,Muito bom,1,244.35,81.45,2
494e887fef923d79982b3c0e1ab49cdd,2,475.64,158.54666666666668,5.333333333333333,3.6666666666666665,2,31,construction_tools_safety,sao paulo,SP,Muito bom,1,410.84875,158.54666666666668,2
495fe7ae31686381c8145b2936e761dc,2,303.2,33.68888888888889,1.1111111111111112,4.111111111111111,2,23,garden_tools,rio de janeiro,RJ,Muito bom,1,303.2,33.68888888888889,2
4962136f755981b83b03f476e66eea7d,2,535.08,133.77,4.75,4.25,2,290,furniture_decor,gaspar,SC,"Recebi os produtos, são iguais conforme a descrição, mas a cor dos pendentes veio errada... | Recebi os produtos, são iguais conforme a descrição, mas a cor dos pendentes veio errada... | Recebi os produtos, são iguais conforme a descrição, mas a cor dos pendentes veio errada...",1,410.84875,133.77,2
49b702edd43e581908cdd191e75c35da,1,135.52,67.76,1.0,3.0,2,147,auto,cajamar,SP,Muito bom,1,135.52,67.76,2
49c6b1ee895e59043bcd5e2135f08355,2,220.28,110.14,1.0,5.0,2,96,garden_tools,sao luis,MA,O PRODUTO É MUITO BOM. | Produto recebido com conforme anunciado. Cliente satisfeito. ,1,220.28,110.14,2
49d1599dd80dedc213037342bbe43fd7,2,196.37,65.45666666666666,4.666666666666667,5.0,2,255,sports_leisure,atibaia,SP,"ÓTIMO PRODUTO | ÓTIMO PRODUTO | ÓTIMO SERVIÇO , RÁPIDO E EFICIENTE",1,196.37,65.45666666666666,2
49d602890c664bcee124fa70e94d9fb1,2,128.44,42.81333333333333,1.0,1.0,2,258,furniture_decor,campinas,SP,entrega errada!! | entrega errada!! | Vou deixar mha opinião assim q receber.,1,128.44,42.81333333333333,2
49e32d4f13ac76d97d32f1a6e2b37df4,1,674.4000000000001,224.80000000000004,6.0,1.0,3,85,auto,colombo,PR,Vieram somente 2 dos 3 itens que pedi | Vieram somente 2 dos 3 itens que pedi | Vieram somente 2 dos 3 itens que pedi,1,410.84875,224.80000000000004,2
49e6749fd8bf4a9218457eb19a92e200,2,497.84,248.92,2.0,5.0,2,267,furniture_decor,jacaraci,BA,Gostei muito | Gostei!,1,410.84875,248.92,2
49eb3e27a6fc361609658d710948cef7,2,177.74,88.87,1.0,4.5,2,109,electronics,cerquilho,SP,Muito bom,1,177.74,88.87,2
4a055e75b893bfa3d72f550bc325cf76,1,467.66,233.83,2.0,1.0,2,193,furniture_decor,pirai,RJ,As almofadas ainda não chegaram  | As almofadas ainda não chegaram ,1,410.84875,233.83,2
4ad4d9be004941fb8e0ffd31ddbf1f3c,2,142.6,71.3,1.0,5.0,2,44,furniture_decor,brasilia,DF,Muito bom,1,142.6,71.3,2
4b10b6d55dae649f09c66c0e3b6969a8,1,558.92,279.46,5.0,1.0,2,260,auto,sao paulo,SP,Até o momento recebi apenas a lixeira. Nao recebi o relógio. | Até o momento recebi apenas a lixeira. Nao recebi o relógio.,1,410.84875,279.46,2
4b384b778ebc0449d0244902bfce7beb,2,187.4,93.7,4.0,4.0,2,283,bed_bath_table,belo horizonte,MG,Muito bom,1,187.4,93.7,2
4b7f26d90bb264ade7e4281db1b739f1,1,74.94,37.47,1.0,1.0,2,43,arts_and_craftmanship,campinas,SP,"Recebi um pacote com apenas um item do que comprei, estou com o recibo. O outro item não foi enviado e não consigo uma resposta do vendedor | Recebi um pacote com apenas um item do que comprei, estou com o recibo. O outro item não foi enviado e não consigo uma resposta do vendedor",1,74.94,37.47,2
4b96250d39a7ee5420aed8dd0c0946ea,1,413.55,137.85,1.0,1.0,2,251,cool_stuff,para de minas,MG,"Este foi o pedido
Balde Com 128 Peças - Blocos De Montar 2 un - R$ 25,00 cada (NÃO FOI ENTREGUE)
Vendido e entregue targaryen
Tapete de Eva Nº Letras 36 Peças Crianças 1 un - R$ 35,90 (ESTE FOI ENTREG | Este foi o pedido
Balde Com 128 Peças - Blocos De Montar 2 un - R$ 25,00 cada (NÃO FOI ENTREGUE)
Vendido e entregue targaryen
Tapete de Eva Nº Letras 36 Peças Crianças 1 un - R$ 35,90 (ESTE FOI ENTREG | Este foi o pedido
Balde Com 128 Peças - Blocos De Montar 2 un - R$ 25,00 cada (NÃO FOI ENTREGUE)
Vendido e entregue targaryen
Tapete de Eva Nº Letras 36 Peças Crianças 1 un - R$ 35,90 (ESTE FOI ENTREG",1,410.84875,137.85,2
4bbaf6f7a10a7e26a8777aa5cb6d5864,3,1499.79,214.25571428571428,3.4285714285714284,4.428571428571429,3,165,bed_bath_table,rio de janeiro,RJ,Muito bom,1,410.84875,214.25571428571428,2
4c353c56435ffa61897f3f012efd4aae,1,244.98,122.49,10.0,1.0,2,22,bed_bath_table,rio de janeiro,RJ,Não entregaram os lençóis comprados  | Não entregaram os lençóis comprados ,1,244.98,122.49,2
4c93744516667ad3b8f1fb645a3116a4,2,565.88,282.94,1.0,5.0,2,318,sports_leisure,jaragua do sul,SC,Loja responsável | Produtos de primeira linha.,1,410.84875,282.94,2
4c9f7850ecd8952525191c444fe9079a,1,284.24,142.12,10.0,5.0,2,154,baby,itabira,MG,"São lindos, como na foto! | São lindos, como na foto!",1,284.24,142.12,2
4cd05fe0191aed72cf80d81a729d2078,1,245.94,122.97,4.0,5.0,2,374,home_comfort_2,sao paulo,SP,Muito bom,1,245.94,122.97,2
4ce423721c74231c174d0bb22367645a,2,531.76,177.25333333333333,6.0,5.0,2,81,health_beauty,embu das artes,SP,Muito bom,1,410.84875,177.25333333333333,2
4cfa5155cf7cff8eb15e0b12041d058e,2,222.04,111.02,1.0,5.0,2,25,garden_tools,francisco morato,SP,Muito bom,1,222.04,111.02,2
4d191bb8e1eea602e77b4ab62cf4daac,2,152.69,50.89666666666667,2.0,5.0,2,161,baby,belo horizonte,MG,"recomendo sim! | EU RECOMENDO SIM!
 | recomendo sim!",1,152.69,50.89666666666667,2
4d28234ccc945685ca892f6184032215,2,85.07,42.535,1.0,5.0,2,112,electronics,santo antonio de posse,SP,Muito bom | muito bom,1,85.07,42.535,2
4d2a058cead19bc1e7b3580be5893b2b,2,193.27,96.635,1.0,4.0,2,218,furniture_decor,sao caetano do sul,SP,Muito bom,1,193.27,96.635,2
4d5cbb095f36a674f6f4a852959ad11d,2,80.47,40.235,1.0,3.5,2,145,furniture_decor,sao paulo,SP,Muito bom,1,80.47,40.235,2
4d6bd0eb9e942d7ecd71731ebc321e23,1,823.96,411.98,1.0,3.0,2,31,furniture_decor,juazeiro,BA,Favor procurar utra transportadora...Correios sem qualidade. | Favor procurar utra transportadora...Correios sem qualidade.,1,410.84875,345.73,2
4d9e104764077f7dfae917c7cc803212,2,140.36,70.17999999999999,1.0,4.5,2,36,furniture_living_room,vila velha,ES,Muito bom,1,140.36,70.17999999999999,2
4dcabe94c61f202327839a734955b0cf,2,1037.4,259.35,2.5,4.0,3,174,furniture_decor,sao paulo,SP,Muito bom,1,410.84875,259.35,2
4df3e96de11dfaec386adf64df85e9b8,1,506.04,253.02,1.0,5.0,2,281,stationery,porto alegre,RS,Muito bom,1,410.84875,253.02,2
4e15fee963523774998876e3624952f4,2,465.7,155.23333333333332,2.6666666666666665,4.0,2,11,furniture_decor,sao jose dos pinhais,PR,"Bom dia, consta no site da lannister que recebi os dois produtos que comprei porém ainda falta o quadro do leão.
Rastreei e tbm consta entregue mas não foi.
Quero o meu quadro! | Bom dia, consta no site da lannister que recebi os dois produtos que comprei porém ainda falta o quadro do leão.
Rastreei e tbm consta entregue mas não foi.
Quero o meu quadro!",1,410.84875,155.23333333333332,2
4e1cce07cd5937c69dacac3c8b13d965,3,2486.01,621.5025,7.0,4.25,2,29,housewares,mococa,SP,otimo | otimo | otimo,1,410.84875,345.73,2
4e23e1826902ec9f208e8cc61329b494,2,187.77,62.59,1.0,5.0,2,168,perfumery,rio de janeiro,RJ,Muito bom,1,187.77,62.59,2
4e2d666f4bbc94a8ded712172a433d65,3,178.65,59.55,1.0,5.0,2,133,bed_bath_table,rio de janeiro,RJ,lindo!!!Ótima qualidade!!!,1,178.65,59.55,2
4e39429218dac10ad4e57dafee3d92d4,2,190.24,95.12,5.5,5.0,2,277,furniture_decor,limeira,SP,"Produto excelente,veio como descrito e dentro do prazo ",1,190.24,95.12,2
4e5aba2c9b150920c8c7b5b4ee0c197d,2,249.5,124.75,1.5,5.0,2,34,bed_bath_table,sao paulo,SP,"Muito bom o produto, mas se estiver procurando uma cortina blackout essa não é a cortina. Do restante é ótimo! | Ótima loção para o corpo!",1,249.5,124.75,2
4e65032f1f574189fb793bac5a867bbc,5,530.97,88.495,4.333333333333333,5.0,4,76,auto,sao caetano do sul,SP,Recomendo!! | Recomendo  | Recomendo  | Recomendo  | Recomendo  | Recomendo!!!!!!!!,1,410.84875,88.495,2
4e6588068c000d6f539cf24c66a96816,2,990.5,495.25,2.0,5.0,2,191,small_appliances_home_oven_and_coffee,brasilia,DF,xxx | xxx,1,410.84875,345.73,2
4e7d90791af7ac2024f8b978fa4fc095,1,156.14,78.07,1.0,4.0,2,190,books_general_interest,encantado,RS,Muito bom,1,156.14,78.07,2
4ef6c02126b21225e011b242f9f79c6f,2,528.29,176.09666666666666,1.3333333333333333,4.666666666666667,2,259,sports_leisure,sao jose do rio preto,SP,Muito bom,1,410.84875,176.09666666666666,2
4f011f45db425dcd3be79d4c11e9ad05,2,218.0,109.0,6.5,3.0,2,443,bed_bath_table,toledo,PR,"Chegou antes do prazo, tudo certinho. Gostei. | PRODUTO COM AS ESPECIFICAÇÕES DIFERENTES DO ANUNCIADO. 80% ALGODÃO AO INVÉS DE 100% COMO DIZIA NO ANUNCIO",1,218.0,109.0,2
4f223a62631b82cfb22241007bbd60dc,2,103.69,51.845,1.5,4.5,2,107,pet_shop,salvador,BA,Muito bom,1,103.69,51.845,2
4f390e1c2c37c847e3c6aaa76121aa0d,1,498.18,249.09,5.0,1.0,2,414,bed_bath_table,sao paulo,SP,"Recebi apenas a rede, não foi enviado os ganchos. Favor entrar em contato. | Recebi apenas a rede, não foi enviado os ganchos. Favor entrar em contato.",1,410.84875,249.09,2
4f477c554c5bd165f95d62b409ac6425,2,141.64,70.82000000000001,2.5,5.0,2,80,computers_accessories,sao paulo,SP,Muito bom,1,141.64,70.82000000000001,2
4f4943d1a8ac2c4a65d4fba25ee8c0bb,2,91.35,45.675,4.0,5.0,2,71,furniture_decor,jundiai,SP,O PEDIDO FOI PARCELADO EM 10 VEZES MAS O CARTÃO baratheon PASSOU EM 3 VEZES. POR ISSO NÃO COMPRARIA NOVAMENTE  | Entrega muito antes do prazo! Isso é muito bom!,1,91.35,45.675,2
4f4d2fe2987efa0b9e4e61a466e8ed8b,2,131.47,65.735,5.0,5.0,2,208,fashion_bags_accessories,jacarezinho,PR,"Entrega antes do prazo. Recomendo.  | Produto de qualidade, entregue no prazo",1,131.47,65.735,2
4f68539934cb2c65aa146ff5ddc62646,1,1148.52,574.26,7.0,1.0,2,196,construction_tools_construction,barueri,SP,"Ainda está no prazo, produto está incompleto | Ainda está no prazo, produto está incompleto",1,410.84875,345.73,2
4f793397b023eaae3a6a0799c56a422d,1,708.0,177.0,10.0,1.0,2,558,furniture_decor,santana de parnaiba,SP,Muito bom,1,410.84875,177.0,2
4f88e6285f805c9a823ba23291a65ca3,2,133.31,66.655,2.5,3.0,2,276,bed_bath_table,nova iguacu,RJ,Péssimo  | Apaixonado ,1,133.31,66.655,2
4ffd7cf05f22d7a320750a2f9e73f665,2,276.23,138.115,5.5,5.0,2,300,garden_tools,taubate,SP,Muito bom,1,276.23,138.115,2
50344414b85e2dc2ef9fc59c456aab28,1,830.3399999999999,276.78,8.0,3.0,2,21,garden_tools,taubate,SP,"Meu produto foi entregue parcialmente, falta 01 produto e consta no status que foi entregue. | Meu produto foi entregue parcialmente, falta 01 produto e consta no status que foi entregue. | Meu produto foi entregue parcialmente, falta 01 produto e consta no status que foi entregue.",1,410.84875,276.78,2
5036f4227f2e546879f581d8fd3e6ec6,2,281.9,46.98333333333333,2.833333333333333,4.0,2,395,furniture_decor,monte aprazivel,SP,"Produto bom, entrega excelente . | Produto bom, entrega excelente . | Produto bom, entrega excelente . | Produto bom, entrega excelente . | Produto bom, entrega excelente . | Produto bom, entrega excelente .",1,281.9,46.98333333333333,2
507dc9becd4fc65635d90682dfa9d3a3,2,204.46,102.23,6.0,5.0,2,278,health_beauty,santa rosa,RS,o produto veio correto dentro do prazo tudo ok,1,204.46,102.23,2
50ad9fb3ba7f8cf336529fe94a182996,2,570.43,190.1433333333333,7.333333333333333,5.0,2,332,cool_stuff,rio de janeiro,RJ,"Produto excelente.
Entregue antes do prazo.
Super recomendo. | Produto excelente.
Entregue antes do prazo.
Super recomendo.",1,410.84875,190.1433333333333,2
50ce48286901a5caa70471ce58cab6f5,1,347.3,173.65,4.0,5.0,2,266,health_beauty,curitiba,PR,Muito bom,1,347.3,173.65,2
50e1b12ee1e2eab6157d9c0b035136af,2,68.63,22.876666666666665,1.0,5.0,2,201,computers_accessories,vila velha,ES,Muito bom,1,68.63,22.876666666666665,2
51378a8908cdc12c6545fdf842383c97,2,922.19,461.095,3.5,5.0,2,529,perfumery,sao paulo,SP,"Vendedor correto e rápido. Envio perfeito e no prazo. Parabéns, recomendado.",1,410.84875,345.73,2
514f8ca0f04813ed414874f8f422e6c3,2,290.05999999999995,96.68666666666664,2.333333333333333,3.6666666666666665,2,182,fashion_bags_accessories,sao paulo,SP,Muito bom,1,290.05999999999995,96.68666666666664,2
5182c0939da37d2f3acd9f2fb8b60d4f,1,437.6,218.8,1.0,4.0,2,275,bed_bath_table,rio de janeiro,RJ,Faltou produto | Faltou produto,1,410.84875,218.8,2
51c23d1b01aebce5a1e32e3d9b312aa3,2,132.02,66.01,1.0,4.0,2,203,computers_accessories,diamantino,MT,Muito bom,1,132.02,66.01,2
51c2f039f08424330a6bbba4c9949d98,2,556.1700000000001,185.39,8.666666666666666,5.0,2,429,cool_stuff,indaiatuba,SP,Muito bom,1,410.84875,185.39,2
51d121ddc025c1b70f8f62a1b727aecf,2,1231.66,205.27666666666664,8.0,5.0,2,363,agro_industry_and_commerce,ariquemes,RO,Muito bom,1,410.84875,205.27666666666664,2
51d8d985d769925b981b4a34ddf6dfc6,2,381.33,190.665,6.5,5.0,2,118,bed_bath_table,bom jesus do galho,MG,Muito bom,1,381.33,190.665,2
51d91326ffc0688da14a001de38c264b,3,1250.23,250.046,4.4,4.0,2,367,bed_bath_table,catalao,GO,Muito bom,1,410.84875,250.046,2
51dc56123336c573f2977f5da81b17b9,2,769.24,384.62,10.5,4.5,2,335,luggage_accessories,rio de janeiro,RJ,So não vale entregador pedindo unzinho pro guaraná...,1,410.84875,345.73,2
5212c50e79fe1349b9894f6508b401d8,1,1196.5,598.25,1.0,5.0,2,7,bed_bath_table,sao paulo,SP,Bom | Bom,1,410.84875,345.73,2
523730e4b2ef7654c243699b81763112,2,229.83,114.915,1.0,5.0,2,478,housewares,redentora,RS,"Produto conforme descrito, entregue no prazo.",1,229.83,114.915,2
523b7915f240831d06b34ab9b804a200,2,212.13,106.065,4.0,5.0,2,103,furniture_decor,itaporanga,SP,Muito bom,1,212.13,106.065,2
525236008daa62b6022f35142ef864d3,2,244.41,122.205,7.0,4.0,2,207,auto,minacu,GO,"Devo ter equivocado quanto ao tipo de aluminio da mesma. esperava um e chegou outro tipo.
Mas nada a reclamar além disso.",1,244.41,122.205,2
525cda9909aa001ebed396f6e55eae01,2,3371.82,1123.94,4.333333333333333,4.333333333333333,2,21,small_appliances,timbo,SC,Muito bom,1,410.84875,345.73,2
5275b2f97b9c995d3d05a58610c0bb67,2,237.94,118.97,1.0,2.5,2,268,baby,brasilia,DF,Muito bom,1,237.94,118.97,2
527c6fbbe85cdf78ff1645e0a71e266f,2,404.27,202.135,6.0,5.0,2,218,furniture_decor,sao paulo,SP,Muito bom,1,404.27,202.135,2
52e05f52b2ccd1945aafaae6ceff7ba1,2,242.7,121.35,5.5,3.0,2,278,electronics,sao bernardo do campo,SP,"Bandeja não é estável. É presa apenas por um único eixo central, que gira com um mínimo de esforço. Elementos de fixação de plástico. Parafusos e porcas de difícil aperto. Falta manual. Mal embalado. | Preço adequado ao produto. Entrega do produto feita em um prazo menor que o estabelecido no momento da compra. Chegou bem embalado e bem protegido.",1,242.7,121.35,2
53100f780630b0755dcdec40f673abfb,2,104.54,52.27,2.0,5.0,2,172,construction_tools_construction,diadema,SP,Muito bom,1,104.54,52.27,2
532cf2c292f2ff4130af5fc27adc9493,1,242.34,121.17,8.0,1.0,2,157,computers_accessories,salvador,BA,Produto ainda não foi entregue! | Produto ainda não foi entregue!,1,242.34,121.17,2
53beace9d0aa08b64d759d5f5a66550c,2,290.54,145.26999999999998,2.0,5.0,2,267,garden_tools,santo andre,SP,entregue bem embalado,1,290.54,145.26999999999998,2
53cc7338a7d5994fe8baa28a039d2343,2,416.25,83.25,1.0,3.4,3,13,bed_bath_table,santana de parnaiba,SP,Ainda nao recebi o banquinho. Quanto aos cobertores. Tudo perfeito. | Ainda nao recebi o banquinho. Quanto aos cobertores. Tudo perfeito. | Ainda nao recebi o banquinho. Quanto aos cobertores. Tudo perfeito. | Ainda nao recebi o banquinho. Quanto aos cobertores. Tudo perfeito. | Produto excelente. Facil uso. Recomendo.,1,410.84875,83.25,2
53e4d5ab8287848319f0220d47ee7ca0,2,305.61,101.87,4.666666666666667,1.6666666666666667,2,84,health_beauty,ipiabas,RJ,Cancelei o produto antes e eles me enviaram bem tempo depois | Cancelei o produto antes e eles me enviaram bem tempo depois,1,305.61,101.87,2
53f34954c078f5034197993c0e109b95,2,316.38,79.095,7.5,4.0,2,485,computers_accessories,arapiraca,AL,Muito bom,1,316.38,79.095,2
5416f8ad5bc33953624084ebc8738307,2,402.74,201.37,2.5,5.0,2,277,bed_bath_table,rio de janeiro,RJ,Muito bom,1,402.74,201.37,2
544bd839b4e7f92a077c7bf2410f8b02,2,188.3,94.15,6.5,2.0,2,373,sports_leisure,salvador,BA,como posso avaliar o produto? só posso avaliar o tempo de entrega que por sinal está atrasado.,1,188.3,94.15,2
5457ae2c352c18e3bf5cba68301d96a8,2,1274.03,637.015,2.0,4.0,2,33,consoles_games,americo brasiliense,SP,Muito bom,1,410.84875,345.73,2
5461338ea772177374bcf3f23665178f,2,718.75,143.75,1.0,3.2,3,309,sports_leisure,guarulhos,SP,"foi feito uma compra com três itens, mas chegou dois falta um, com a loja targaryen, estou aguardando o ultimo um Cachecol São Paulo FC 04 estações Mod.01 este ainda não chegou | foi feito uma compra com três itens, mas chegou dois falta um, com a loja targaryen, estou aguardando o ultimo um Cachecol São Paulo FC 04 estações Mod.01 este ainda não chegou | foi feito uma compra com três itens, mas chegou dois falta um, com a loja targaryen, estou aguardando o ultimo um Cachecol São Paulo FC 04 estações Mod.01 este ainda não chegou",1,410.84875,143.75,2
547d0504ca415eb4864fa3030f73d3f3,2,68.77000000000001,34.385000000000005,1.0,5.0,2,219,audio,sao paulo,MG,"Chegou tudo certinho, produto em prrfeito estado, recomendo! ",1,68.77000000000001,34.385000000000005,2
548a09978548d2e347d494793e34c797,1,464.28,232.14,8.0,1.0,2,54,health_beauty,barueri,SP,Recebi um produto velho  | Recebi um produto velho ,1,410.84875,232.14,2
549a24530925587e2faddb35f667e458,3,448.5,149.5,7.666666666666667,4.666666666666667,3,27,christmas_supplies,amparo,SP,Muito bom,1,410.84875,149.5,2
54b716ecf36f372ca6a585a68025e8a1,2,773.3,154.66,11.6,5.0,2,510,bed_bath_table,sao carlos,SP,Tudo excelente | muito bom | Tudo excelente | muito bom | Tudo excelente,1,410.84875,154.66,2
54bf1780705493f3224d73bd48e53186,2,132.85,66.425,1.0,3.0,2,198,computers_accessories,joinville,SC,Muito bom comprar nesta loja a entrega foi boa e o preço foi bom também | A transportadora que a loja escolheu é muito incompetente ainda não entregou o produto,1,132.85,66.425,2
54e0a7cc9c09c591bd186e4569c7bf30,2,318.13,159.065,7.0,4.5,2,110,fashion_shoes,guaira,SP,Muito bom,1,318.13,159.065,2
54ed3f082c9e7725a0e26e9e682fc825,2,524.8199999999999,262.41,4.5,3.0,2,228,cool_stuff,recife,PE,Muito bom,1,410.84875,262.41,2
552fc05a13d28356a38e8b13f64cbe4f,2,180.31,90.155,8.5,5.0,2,303,bed_bath_table,aruana,GO,Produto ótimo | Produto entregue como combinado,1,180.31,90.155,2
556ffcdd6185be1c44ea83be3b1b5f86,2,340.68,170.34,9.0,5.0,2,69,bed_bath_table,araucaria,PR,Vendedor correto. Mercadoria entregue antes do prazo e em perfeitas condições. ,1,340.68,170.34,2
557b158701bedbb76b856eb5f3af51b1,2,859.81,286.6033333333333,3.333333333333333,3.0,2,140,telephony,joao pessoa,PB,"Pedi dois produtos mais Recebi uma caixa apenas com um, logo em seguida recebi um e-mail da lannister perguntando se eu recebi os dois produtos.  | Pedi dois produtos mais Recebi uma caixa apenas com um, logo em seguida recebi um e-mail da lannister perguntando se eu recebi os dois produtos.  | Produto bom e entregue no prazo. Parabéns lannister e empresa terceirizada. Bela parceria.",1,410.84875,286.6033333333333,2
557b75f940a01e7ba17ffbf9cc02bb9b,1,886.08,221.52,1.0,5.0,2,113,sports_leisure,ibia,MG,Muito bom,1,410.84875,221.52,2
55886b0da0e1a4c9e753f3250419c0fa,1,755.0,377.5,3.0,2.0,2,158,cool_stuff,salvador,BA,"não vou confirmar uma entrega como essa
onde de dois produtos comprado
so chegou um
so que que o codigo de da compra e rastreamento diz que foi entregue as duas mercadorias
complicado isso | não vou confirmar uma entrega como essa
onde de dois produtos comprado
so chegou um
so que que o codigo de da compra e rastreamento diz que foi entregue as duas mercadorias
complicado isso",1,410.84875,345.73,2
558e83cbe6bde610b528833d16ba588e,1,1056.36,264.09,6.0,1.0,2,406,bed_bath_table,vassouras,RJ,Então realizei a compra toda nunta e apenas chegou 1 item sendo que comprei 4 itens! | Então realizei a compra toda nunta e apenas chegou 1 item sendo que comprei 4 itens! | Então realizei a compra toda nunta e apenas chegou 1 item sendo que comprei 4 itens! | Então realizei a compra toda nunta e apenas chegou 1 item sendo que comprei 4 itens!,1,410.84875,264.09,2
55b488a273c6ec9ca293736e9a69d0b3,2,139.88,69.94,1.5,5.0,2,8,stationery,sorocaba,SP,Muito bom,1,139.88,69.94,2
55efe0d41e47d41465ea4fb5f8badee0,2,80.2,40.1,1.0,5.0,2,123,baby,bauru,SP,Muito bom,1,80.2,40.1,2
55f21db4f9a353dcee5b774f750c65a1,2,499.35,249.675,1.0,4.0,2,87,bed_bath_table,alfredo chaves,ES,"As cortinas são bonitas, porem o material não é dos melhores, e o acabamento deixa um pouco a desejar. Mas no geral deixa o ambiente mais elegante. ",1,410.84875,249.675,2
56181f89940ab3c08ebc6e7749ec6f3d,1,1129.53,376.51,4.0,5.0,2,493,furniture_decor,penapolis,SP,"Entrega antes do prazo, em perfeito estado! Eu fiquei muito satisfeita! | Entrega antes do prazo, em perfeito estado! Eu fiquei muito satisfeita! | Entrega antes do prazo, em perfeito estado! Eu fiquei muito satisfeita!",1,410.84875,345.73,2
562b3bca5a8903b7451462b6e7aa6082,2,99.34,49.67,1.5,4.0,2,16,computers_accessories,rio de janeiro,RJ,Muito bom,1,99.34,49.67,2
56c8638e7c058b98aae6d74d2dd6ea23,5,1261.07,180.15285714285716,4.857142857142857,3.857142857142857,3,131,bed_bath_table,guaxupe,MG,"Eu fiz a compra de 2 cobertores a loja me manda só um , fiz uma reclamação é até agora não fui atendida se caso , não for atendida tomarei providências  | Eu fiz a compra de 2 cobertores a loja me manda só um , fiz uma reclamação é até agora não fui atendida se caso , não for atendida tomarei providências ",1,410.84875,180.15285714285716,2
56e3a158ef88285f2c15a83db0b13d93,2,270.52,135.26,1.0,4.0,2,122,computers_accessories,sao paulo,SP,"Os produtos chegaram no prazo previsto, na embalagem original e bem acondicionados. | O produto chegou conforme o pedido e o único senão foi a demora. ",1,270.52,135.26,2
56f77ee91e06fb36402afa524deee676,2,144.69,72.345,1.0,4.0,2,209,food,ibiruba,RS,entrega no prazo . recomendo . | entrega rápida e produto muito bom.,1,144.69,72.345,2
5735fac0e3e12fee0b0545828a977acd,2,380.76,190.38,5.5,3.5,2,425,garden_tools,sao paulo,SP,"ATENDEU MINHA NECESSIDADE, ELA É BEM ACABADA, COMO TAMBEM SEUS ACÉSSORIOS, BOA A GRELHAS, QUE INCLUSIVE POSSUE PEGADOR, OCUPA POUCO ESPAÇO, FOI UMA DAS BOAS AQUISIÇÃO QUE COMPREI!!! | O PRODUTO E RAZOAVEL, MAS OUVE UM PROBLEMA, A GRELHA ESTAVA MAU SOLDADA, TIVE QUE CORRIGIR ESTA PEÇA.",1,380.76,190.38,2
574e36a816bf7a295404e686062fc0de,2,318.42,106.14,4.0,4.333333333333333,2,124,fashion_bags_accessories,sao jose dos campos,SP,Só foi entregue uma aliança a numeração 28 não venho | Só foi entregue uma aliança a numeração 28 não venho,1,318.42,106.14,2
578035514ad8238fa724f24b4aabc1df,2,154.7,77.35,1.0,5.0,2,402,computers_accessories,tubarao,SC,Muito bom,1,154.7,77.35,2
57b5d9f9fa4f1ff41befbfbf0fcbc3ca,2,234.07,78.02333333333334,3.0,4.666666666666667,2,306,watches_gifts,belo horizonte,MG,Muito bom,1,234.07,78.02333333333334,2
57c6a5ac88fde55944675cc79c4d5db7,2,120.32,60.16,1.0,4.5,2,143,auto,sao paulo,SP,"Foi excelente entregou o produto antes do prazo determinado,  | Só achei estranho receber um e-mail informando que haveria ar raso na entrega, diz o cancelamento e logo em seguida recebi o produto no mesmo dia",1,120.32,60.16,2
57fd460d41d0befa7ab834f3c06dc731,1,302.34000000000003,100.78000000000002,4.0,1.0,2,162,auto,contagem,MG,o produto não veio c a quantidade certa de 3 produtos so veio um. não recomendo. | o produto não veio c a quantidade certa de 3 produtos so veio um. não recomendo. | o produto não veio c a quantidade certa de 3 produtos so veio um. não recomendo.,1,302.34000000000003,100.78000000000002,2
58075e17e770fc08571c3e0f452f6a11,2,356.83,118.94333333333331,4.666666666666667,5.0,2,419,furniture_decor,bento goncalves,RS,Recomendo | Ótima qualidade | Ótima qualidade,1,356.83,118.94333333333331,2
580e86cc6d0c8eafede3d6f2fa4bf9ab,2,106.03,53.015,4.5,3.5,2,79,sports_leisure,camaragibe,PE,"O material não é tão bom
Os detalhes são grosseiros 
A pulseira não permite regulagem adequada ",1,106.03,53.015,2
585ba6a115792c0b0483d65e5ab1f4b6,2,101.69,50.845,1.0,5.0,2,263,housewares,niteroi,RJ,Produto entregue corretamente e antes do prazo marcado.  | Entrega correta e antes do prazo acertado.,1,101.69,50.845,2
589211c7448e6c3b58b0ba98ce089ee7,2,122.57,61.285,5.5,5.0,2,243,telephony,fortaleza,CE,Muito bom,1,122.57,61.285,2
58b8d526170c90c755aef183eb67182b,1,248.68,124.34,5.0,5.0,2,223,computers_accessories,sorocaba,SP,Muito bom,1,248.68,124.34,2
58e2253f083d42930c64ca32b510a512,2,131.08,65.54,1.0,4.5,2,25,pet_shop,carapicuiba,SP,Muito bom,1,131.08,65.54,2
5925dfa8cd87ab4d852383f7039c8bc2,2,182.32,91.16,1.0,4.0,2,153,baby,sao paulo,SP,sempre compro no stark,1,182.32,91.16,2
5936fabf5dfeaa6c31d9f649b5794e2c,2,206.13,103.065,3.0,5.0,2,31,construction_tools_safety,paranagua,PR,Muito bom,1,206.13,103.065,2
593cb774409e5239a1946d1c88e0813d,3,612.3,87.47142857142856,5.285714285714286,5.0,2,420,fashion_bags_accessories,maringa,PR,"quero agradecer pela atenção que me foi dada, o brinco de argola que pedi não tinha, então a loja entrou em contato comigo e me deu toda a atenção necessária, só tenho a agradecer. Muito obrigada. | quero agradecer pela atenção que me foi dada, o brinco de argola que pedi não tinha, então a loja entrou em contato comigo e me deu toda a atenção necessária, só tenho a agradecer. Muito obrigada.",1,410.84875,87.47142857142856,2
595ee036d3a69e80934a9b3618834085,2,313.71,156.855,8.5,3.0,2,159,home_confort,vespasiano,MG,"Ótima qualidade!  | Ainda não recebi o produto e solicitei que a loja verificasse o que ocorreu entre as transferência entre correios e esperei 48 horas e até agora não me deram um retorno,é um presente para Páscoa",1,313.71,156.855,2
598ef1f13aba15f2b88387184f6c25ec,2,358.84000000000003,119.61333333333334,4.0,2.0,2,157,bed_bath_table,brusque,SC,produto cortina nao veio e agora? | produto cortina nao veio e agora?,1,358.84000000000003,119.61333333333334,2
59d1cfd58ed06d41f21cddc4c761f9bb,1,236.76,118.38,1.0,3.0,2,462,baby,varzea grande,MT,Não recebi todos os protudos Em uma só entrega. No aguardo de uma mercadoria.  | Não recebi todos os protudos Em uma só entrega. No aguardo de uma mercadoria. ,1,236.76,118.38,2
5a21363c92f912e70cb482c96bc03af3,2,246.57,123.285,6.0,5.0,2,444,art,atibaia,SP,Muito bom,1,246.57,123.285,2
5a25131d21b035dd0b84c17056e7f0a5,1,348.7,174.35,5.0,1.0,2,62,cool_stuff,sao jose do rio preto,SP,"Sou cliente há anos, porém sempre há divergências e problemas na entrega, consta como produto entregue, porém foi entregue apenas 1 produto, aguardo solução! | Sou cliente há anos, porém sempre há divergências e problemas na entrega, consta como produto entregue, porém foi entregue apenas 1 produto, aguardo solução!",1,348.7,174.35,2
5a73cc26ef1d615432abc79e05ad7981,1,376.72,94.18,8.0,2.0,2,80,auto,sao paulo,SP,"Comprei 3 cabos RCA + 1 suporte de celular.
Só me foi entregue 1 cabo RCA. | Comprei 3 cabos RCA + 1 suporte de celular.
Só me foi entregue 1 cabo RCA. | Comprei 3 cabos RCA + 1 suporte de celular.
Só me foi entregue 1 cabo RCA. | Comprei 3 cabos RCA + 1 suporte de celular.
Só me foi entregue 1 cabo RCA.",1,376.72,94.18,2
5a85f706b2059c3cd55287e105d8d5ea,2,1879.34,234.9175,1.0,3.5,2,274,furniture_decor,monte siao,MG,Muito bom,1,410.84875,234.9175,2
5ad96d7a95788923e8ff455366a90015,2,626.1800000000001,313.09000000000003,5.5,5.0,2,437,sports_leisure,cacapava,SP,Muito bom,1,410.84875,313.09000000000003,2
5af103d3f12fd83434cb97578a1e8d49,2,278.93,139.465,3.0,4.0,2,542,housewares,linhares,ES,Muito bom,1,278.93,139.465,2
5af895ee7ff98368a5bf6faeddd18cec,2,2367.51,263.0566666666667,1.0,1.4444444444444444,2,182,garden_tools,rio de janeiro,RJ,"Comprei 5 itens, me chega 1 item que nem rastreio tem no site lannister e o vendedor vêm me perguntar se recebi o lote os 5 itens...fico preocupado com minha compra ao me colocarem nessa posição... | Fiz uma única compra de vários produtos desta empresa, e a mesma divide minha entrega em 3 envios separados, sendo que 1 desses, nem notificado eu fui sobre o número do rastreio, descobri ao receber. | Comprei 5 itens, me chega 1 item que nem rastreio tem no site lannister e o vendedor vêm me perguntar se recebi o lote os 5 itens...fico preocupado com minha compra ao me colocarem nessa posição... | Fiz uma única compra de vários produtos desta empresa, e a mesma divide minha entrega em 3 envios separados, sendo que 1 desses, nem notificado eu fui sobre o número do rastreio, descobri ao receber. | Comprei 5 itens, me chega 1 item que nem rastreio tem no site lannister e o vendedor vêm me perguntar se recebi o lote os 5 itens...fico preocupado com minha compra ao me colocarem nessa posição... | Fiz uma única compra de vários produtos desta empresa, e a mesma divide minha entrega em 3 envios separados, sendo que 1 desses, nem notificado eu fui sobre o número do rastreio, descobri ao receber. | Comprei 5 itens, me chega 1 item que nem rastreio tem no site lannister e o vendedor vêm me perguntar se recebi o lote os 5 itens...fico preocupado com minha compra ao me colocarem nessa posição... | Fiz uma única compra de vários produtos desta empresa, e a mesma divide minha entrega em 3 envios separados, sendo que 1 desses, nem notificado eu fui sobre o número do rastreio, descobri ao receber. | Comprei 5 itens, me chega 1 item que nem rastreio tem no site lannister e o vendedor vêm me perguntar se recebi o lote os 5 itens...fico preocupado com minha compra ao me colocarem nessa posição...",1,410.84875,263.0566666666667,2
5afbb1d2cc7c072e60088e682aa600a3,1,228.22,114.11,2.0,2.0,2,125,furniture_decor,belo horizonte,MG,Muito bom,1,228.22,114.11,2
5b09c620db60411b0be6f1817c6cbe71,3,273.7,91.23333333333332,2.333333333333333,3.0,3,220,bed_bath_table,arraial do cabo,RJ,Muito bom,1,273.7,91.23333333333332,2
5b1d012dcf628dd34fe51613d4f6288b,1,218.2,109.1,8.0,3.0,2,143,health_beauty,cubatao,SP,"Recebi apenas o colágeno no sabor limonada suíça, o outro sabor eu não recebi. | Recebi apenas o colágeno no sabor limonada suíça, o outro sabor eu não recebi.",1,218.2,109.1,2
5b2c2b2a8d9e890debe309928d321f20,2,358.98,89.745,3.0,3.5,2,429,fashion_shoes,sao paulo,SP,"Chegou um pouco amassada, mas nada de mais, e chegou antes do prazo. | Chegou um pouco amassada, mas nada de mais, e chegou antes do prazo.",1,358.98,89.745,2
5b3186d7cf904f2f9369aec26faba4d2,3,418.21,139.40333333333334,6.0,5.0,2,277,health_beauty,montes claros,MG,Produto entregue antes do prazo,1,410.84875,139.40333333333334,2
5b55b379fb13d3bb7570b308b99f0255,1,270.24,135.12,1.0,3.0,2,292,furniture_decor,niteroi,RJ,Meu pedido continha dois produtos comercializados pela targaryen. Apenas o saca-rolhas chegou. As prateleiras para livros infantis Quarto Bebê-60 cm - 2 peças ainda não chegaram. | Meu pedido continha dois produtos comercializados pela targaryen. Apenas o saca-rolhas chegou. As prateleiras para livros infantis Quarto Bebê-60 cm - 2 peças ainda não chegaram.,1,270.24,135.12,2
5b59166412dd5595f77a43b217c39132,2,72.96,36.48,2.0,3.0,2,111,fashion_bags_accessories,sao paulo,SP,"Pedido entregue foi diferente do da imagem do produto da venda. Inclusive produto foi removido do site depois da entrega. | Produto pedido estava esgotado. Porém a loja entrou em contato, foi super atenciosa e enviou outro produto de minha preferência.",1,72.96,36.48,2
5b881f1b0bea55f5933b61c9a99c9ecc,2,500.06,125.015,1.0,4.0,2,195,auto,nao-me-toque,RS,Muito bom,1,410.84875,125.015,2
5b952e3dc4849109f9b9287dfafdec45,1,332.08,166.04,4.0,1.0,2,23,baby,belo horizonte,MG,"Boa tarde

Recebi o tapete de eva e não recebi o boneco authentic games.

Como faço?? | Boa tarde

Recebi o tapete de eva e não recebi o boneco authentic games.

Como faço??",1,332.08,166.04,2
5bad02ee81a2002eb3b5b84d32bfc15f,2,296.84000000000003,148.42000000000002,5.5,2.5,2,187,housewares,louveira,SP,Muito bom,1,296.84000000000003,148.42000000000002,2
5bb6a9aec28722e554d2d205d5f825d0,1,264.68,132.34,5.0,4.0,2,533,drinks,sao paulo,SP,Muito bom,1,264.68,132.34,2
5bc8c5d5447bbc14693f42df5ed88fbc,1,152.56,38.14,1.5,5.0,2,260,furniture_decor,sao paulo,SP,Muito bom,1,152.56,38.14,2
5c00e849b56a56ea31560d5d66f933e9,2,135.7,67.85,5.5,4.0,2,17,garden_tools,rio de janeiro,RJ,Muito bom,1,135.7,67.85,2
5c2b5c09534917d37857557d37ed9205,2,366.0,122.0,1.3333333333333333,3.333333333333333,2,73,housewares,espera feliz,MG,"Comprei um produto e não foi entregue sob alegação de que não havia mais no estoque.
Em seguida o mesmo produto estava sendo propagado com um valor maior.resultado adquiri aquilo que não era meu plan | Comprei um produto e não foi entregue sob alegação de que não havia mais no estoque.
Em seguida o mesmo produto estava sendo propagado com um valor maior.resultado adquiri aquilo que não era meu plan | Atendeu minha expectativa.",1,366.0,122.0,2
5c309a04ba98c8099726ca9297f40e13,1,599.08,299.54,6.0,5.0,2,272,garden_tools,goiania,GO,Muito bom,1,410.84875,299.54,2
5c5a99e5ef172fbf5fc8a68e6bb2e0ab,2,316.37,158.185,1.0,5.0,2,191,furniture_decor,sao luis,MA,Muito bom,1,316.37,158.185,2
5c6158b528bf0eaa8115b298d4af28c8,1,266.74,133.37,1.0,1.0,2,281,cool_stuff,guarulhos,SP,Faltou a capa Case com a película só entregaram o cartão de memória. | Faltou a capa Case com a película só entregaram o cartão de memória.,1,266.74,133.37,2
5c77da09750b42091c93c331d544ab53,2,319.18,159.59,4.5,5.0,2,39,construction_tools_safety,joao monlevade,MG,Muito bom,1,319.18,159.59,2
5cbfdb85ec130898108b32c50d619c39,2,483.81000000000006,161.27,1.6666666666666667,5.0,2,168,garden_tools,canarana,MT,Muito bom,1,410.84875,161.27,2
5cc1eb5a94ab59494d63f06a5c7eec15,2,484.69,161.56333333333333,8.0,4.0,2,178,furniture_decor,limeira,SP,Muito bom,1,410.84875,161.56333333333333,2
5ce049f2479d3d89913200539bedf131,1,697.58,348.79,10.0,4.0,2,105,baby,taiobeiras,MG,recebi so a bolsa  | recebi so a bolsa ,1,410.84875,345.73,2
5d1344e71e0b84add677e9a77c0d95b2,1,892.72,446.36,5.0,4.0,2,315,baby,cosmopolis,SP,"Recebi somente um item do pedido 
O kit bolsas 
O kit berço não recebi | Recebi somente um item do pedido 
O kit bolsas 
O kit berço não recebi",1,410.84875,345.73,2
5d1732050eefd91d4c005a4adce0eed2,1,366.74,183.37,1.0,5.0,2,201,baby,rio de janeiro,RJ,Produtos de qualidade entregues dentro do prazo. | Produtos de qualidade entregues dentro do prazo.,1,366.74,183.37,2
5d323409404dee6bdb0f6cf9ef828dae,2,407.58,135.86,4.333333333333333,3.6666666666666665,3,57,bed_bath_table,rio de janeiro,RJ,"Recebi no dia 09/07/2018 apenas o relógio, a luminária não  | Recebi no dia 09/07/2018 apenas o relógio, a luminária não  | Parabéns pelo respeito ao consumidor, sempre comunicando o caminho do produto, prazo de entrega e o produto entregue corretamente. ",1,407.58,135.86,2
5d63628c95182301765aa1482b0293aa,2,269.88,89.96,2.333333333333333,4.666666666666667,2,18,cool_stuff,sao jose dos campos,SP,Muito bom,1,269.88,89.96,2
5dbba6c01268a8ad43f79157bf4454a0,2,496.87,248.435,5.5,3.5,2,192,furniture_decor,rio branco,AC,Muito bom,1,410.84875,248.435,2
5e0aa142dc4760e62a74c1830cbf91b1,2,438.55,219.275,2.5,4.5,2,194,garden_tools,boa esperanca,ES,"O produto é bonito, material bom e bem acabado. | Fui muito bem atendida e estou satisfeita com minha aquisição. O site de compra mais uma vez me enviou o produto dentro do prazo que eu necessitava receber meu produto. 
",1,410.84875,219.275,2
5e24610c5a55f0b6ffdaf9e846d02362,2,244.22,122.11,2.5,5.0,2,377,housewares,anapolis,GO,Eu recomendo  | entrega feita no prazo,1,244.22,122.11,2
5e33331e26d0a4e1f3fe84b3f9c5549b,1,990.18,82.515,1.0,2.0,2,404,bed_bath_table,uba,MG,Só recebi um dois itens encomendados!!! | Só recebi um dois itens encomendados!!! | Só recebi um dois itens encomendados!!! | Só recebi um dois itens encomendados!!! | Só recebi um dois itens encomendados!!! | Só recebi um dois itens encomendados!!! | Só recebi um dois itens encomendados!!! | Só recebi um dois itens encomendados!!! | Só recebi um dois itens encomendados!!! | Só recebi um dois itens encomendados!!! | Só recebi um dois itens encomendados!!! | Só recebi um dois itens encomendados!!!,1,410.84875,82.515,2
5e492797fbeb54fb3e96629a55cdd480,2,148.41,74.205,1.0,4.0,2,448,bed_bath_table,curitiba,PR,Muito bom,1,148.41,74.205,2
5e8f38a9a1c023f3db718edcf926a2db,5,1114.18,222.836,3.8,3.8,3,176,watches_gifts,feira de santana,BA,O produto anunciado é visto na foto do Site não corresponde ao que foi enviado pela Empresa Markplase e recebir o mesmo aborrecido. | Produto foi entregue no prazo. | O produto chegou no prazo certo. | O produto foi entregue no prazo. | O produto não foi entrgue anda e não recebíamos nenhum contato da Empresa justificando o motivo da não entrega do produto,1,410.84875,222.836,2
5ec4c90f549177a8cbbbc7419353e66a,2,322.01,161.005,7.5,3.0,2,390,baby,sao paulo,SP,Muito bom,1,322.01,161.005,2
5eefd8328b4437dcbf0104e89c8fa305,1,130.64,65.32,1.0,5.0,2,237,books_general_interest,jundiai,SP,Muito bom,1,130.64,65.32,2
5efcc46e1fee22373a28eb2b0f26a6fc,2,301.56,75.39,1.0,4.5,2,470,bed_bath_table,porto alegre,RS,Muito bom,1,301.56,75.39,2
5f435bbe57e905e19378fa56b60e9d16,2,151.94,75.97,1.0,3.0,2,237,electronics,itatiaia,RJ,não testei ainda | ..,1,151.94,75.97,2
5f45aa4ef9b8fb99b95d33a970bb64a7,3,185.83,61.94333333333333,1.0,5.0,2,119,garden_tools,sao paulo,SP,"Ótimo | recebi no prazo, ainda nao pode instalar para conferir o funcionamento.",1,185.83,61.94333333333333,2
5f7f2f316d856064acee6f1db7c9f63f,2,423.91,141.30333333333334,1.0,1.6666666666666667,2,367,furniture_decor,rio de janeiro,RJ,Muito bom,1,410.84875,141.30333333333334,2
5f80e1b868be57e4d50ae6bbeae78d77,2,442.42,147.47333333333333,4.666666666666667,5.0,2,183,perfumery,sao paulo,SP,Muito bom,1,410.84875,147.47333333333333,2
5faabfe6772088c4d906b63fa81ac63d,2,167.17000000000002,83.58500000000001,8.0,4.0,2,46,drinks,caxias do sul,RS,Muito bom,1,167.17000000000002,83.58500000000001,2
5fb5bf48cd408d971f873069e5178898,2,237.71,118.855,1.5,5.0,2,308,computers_accessories,sao paulo,SP,Muito bom,1,237.71,118.855,2
5fe117882be55ee9ad0d6c6c56d11019,2,402.76,201.38,1.5,3.0,2,16,health_beauty,porto alegre,RS,Um produto não entregue...,1,402.76,201.38,2
5ff0e0544a91bbb2958305bd29657484,1,1112.82,185.47,1.0,3.0,2,63,furniture_decor,sorocaba,SP,"Até o momento só recebi parte da compra. Recebi apenas os lustres quadrados, como a NF só consta os dois, imagino que o lustre meia lua ainda esta vindo. Só gostaria de ter sido avisa q seria separado | Até o momento só recebi parte da compra. Recebi apenas os lustres quadrados, como a NF só consta os dois, imagino que o lustre meia lua ainda esta vindo. Só gostaria de ter sido avisa q seria separado | Até o momento só recebi parte da compra. Recebi apenas os lustres quadrados, como a NF só consta os dois, imagino que o lustre meia lua ainda esta vindo. Só gostaria de ter sido avisa q seria separado | Até o momento só recebi parte da compra. Recebi apenas os lustres quadrados, como a NF só consta os dois, imagino que o lustre meia lua ainda esta vindo. Só gostaria de ter sido avisa q seria separado | Até o momento só recebi parte da compra. Recebi apenas os lustres quadrados, como a NF só consta os dois, imagino que o lustre meia lua ainda esta vindo. Só gostaria de ter sido avisa q seria separado | Até o momento só recebi parte da compra. Recebi apenas os lustres quadrados, como a NF só consta os dois, imagino que o lustre meia lua ainda esta vindo. Só gostaria de ter sido avisa q seria separado",1,410.84875,185.47,2
5ff3b50583f44ecf55b7e7f704ca97bd,1,1425.12,475.04,6.0,1.0,2,22,bed_bath_table,londrina,PR,"Estou aguardando a dupla de quadros, pois so foram entregues as cortinas!! Apos receber, altero minha avaliação!!! | Estou aguardando a dupla de quadros, pois so foram entregues as cortinas!! Apos receber, altero minha avaliação!!! | Estou aguardando a dupla de quadros, pois so foram entregues as cortinas!! Apos receber, altero minha avaliação!!!",1,410.84875,345.73,2
601bf929b8d0a8feecab068a2110ae1f,2,168.95,84.475,1.0,5.0,2,254,pet_shop,aparecida de goiania,GO,Muito bom,1,168.95,84.475,2
606441378b517f9eeb89f9154a1c4d4f,2,207.61,103.805,9.0,5.0,2,444,housewares,sao paulo,SP,Muito bom,1,207.61,103.805,2
6084496782926c56bf04c556331bf884,2,250.08,125.04,1.5,5.0,2,49,luggage_accessories,urbano santos,MA,Ótimo produto. Entrega antes do previsto.,1,250.08,125.04,2
608646d3514cc48a27d666e313cfe0cc,2,692.51,230.83666666666667,1.0,1.0,2,410,bed_bath_table,varzea paulista,SP,"Deveria colocar mais detalhes do produto no site... Eu comprei pensando que o tapete era daquele tradicional, não parecendo um cobertor... Não tinha foto da parte de trás do tapete no site...  | Deveria colocar mais detalhes do produto no site... Eu comprei pensando que o tapete era daquele tradicional, não parecendo um cobertor... Não tinha foto da parte de trás do tapete no site...  | Nas fotos do produto não tinha mostrando a parte de trás do tapete.. Eu comprei pensando que era o tapete com as costas tradicional... ",1,410.84875,230.83666666666667,2
60ca7b9a3d66cbc1568e81f3f8332c11,1,2274.78,758.2599999999999,10.0,1.0,2,97,home_construction,cuiaba,MT,"Comprei um plafon com cristal e dois pendentes, consta no e-mail que me encaminharam que foi entregue, mas os pendentes não recebi, somente o plafon.  | Comprei um plafon com cristal e dois pendentes, consta no e-mail que me encaminharam que foi entregue, mas os pendentes não recebi, somente o plafon.  | Comprei um plafon com cristal e dois pendentes, consta no e-mail que me encaminharam que foi entregue, mas os pendentes não recebi, somente o plafon. ",1,410.84875,345.73,2
60d2dc24e6a89bd218f646df03674e5b,2,282.3,141.15,7.5,3.5,2,47,baby,embu das artes,SP,Meio pedido veio faltando boa parte das perças. Estou tentando entrar em contato com a loja e nao consigo! ,1,282.3,141.15,2
60e6fe581610db699ac03fec61f4d53f,2,303.76,151.88,9.0,5.0,2,203,sports_leisure,belo horizonte,MG,Muito bom,1,303.76,151.88,2
60f874c577dc096ecd52bd0bf6bd5942,2,138.49,69.245,4.5,5.0,2,134,luggage_accessories,astolfo dutra,MG,Muito bom,1,138.49,69.245,2
6120fada9a5891d3f9b94a57a17da892,1,604.47,201.49,1.0,3.0,2,265,construction_tools_construction,sao paulo,SP,Não recebi os produtos completo ainda veio faltando o um rolo de fio. | Não recebi os produtos completo ainda veio faltando o um rolo de fio. | Não recebi os produtos completo ainda veio faltando o um rolo de fio.,1,410.84875,201.49,2
613db60f8eb01a6fe89ad6e8574126cd,1,691.72,345.86,6.0,5.0,2,227,furniture_living_room,rio de janeiro,RJ,Muito bom. | Muito bom.,1,410.84875,345.73,2
615922c430abddd368735199c38e735d,3,501.5,125.375,4.5,3.75,2,317,bed_bath_table,macae,RJ,Muito bom,1,410.84875,125.375,2
618753607eae5ce77280f5a82a2a730a,1,977.1,488.55,10.0,5.0,2,58,furniture_decor,pouso alegre,MG,"Eu recebi somente os quadros, até o momento. Faltam os lustres, mas ainda está dentro do prazo de entrega. | Eu recebi somente os quadros, até o momento. Faltam os lustres, mas ainda está dentro do prazo de entrega.",1,410.84875,345.73,2
618ea9a8cb3ce57899efbd62532ba6e7,1,443.84,221.92,8.0,3.0,2,314,bed_bath_table,barbacena,MG,So recebi uma das cortinas | So recebi uma das cortinas,1,410.84875,221.92,2
6197167907273be5ee2c7ab59d4ec8e1,2,516.43,172.14333333333332,6.0,5.0,2,213,bed_bath_table,pinhao,PR,Muito bom,1,410.84875,172.14333333333332,2
61e55a4c5ac0890968648505e89a0dd5,1,465.62,232.81,1.0,1.0,2,13,kitchen_dining_laundry_garden_furniture,santos,SP,Comprei 2 itens...uma rede de dormir e mesa com 2 cadeiras infantis .Só recebi a rede. | Comprei 2 itens...uma rede de dormir e mesa com 2 cadeiras infantis .Só recebi a rede.,1,410.84875,232.81,2
6204c4e582a95b6a350adf6988623bfb,3,638.05,127.61,7.6,1.8,3,178,baby,sao jose do rio pardo,SP,Ainda não recebi todos os produtos | Ainda não recebi todos os produtos | Ainda não recebi todos os produtos | Não recebi o produto e estou sem informações. ,1,410.84875,127.61,2
62059f8c18d0d9915439ff6d0c0038c4,1,159.78,79.89,4.0,1.0,2,107,consoles_games,guarulhos,SP,A caixa transporte não foi entregue e o pedido aparece baixado | A caixa transporte não foi entregue e o pedido aparece baixado,1,159.78,79.89,2
620b2eae304c046f8945c3a326807307,1,182.2,91.1,4.0,2.0,2,297,housewares,sao luis,MA,veio faltando itens | veio faltando itens,1,182.2,91.1,2
6222ef69df52b4ed71be551725551cc0,3,56.86,18.953333333333333,1.0,5.0,3,601,baby,curitiba,PR,"Entrega rapida, produto com qualidade e otimo preço.",1,56.86,18.953333333333333,2
6287d15cdf992224e7bb7010c69c4095,2,95.08,47.54,1.0,4.0,2,42,bed_bath_table,tres lagoas,MS,Muito bom,1,95.08,47.54,2
628bdd93abd27fbdd50f4e2e91ec64b3,2,325.05,162.525,4.0,3.5,2,75,furniture_decor,ribeirao preto,SP,Muito bom,1,325.05,162.525,2
62b8761192c86f4ead06f4a433096a2b,2,3508.09,701.618,1.0,5.0,2,56,computers_accessories,navegantes,SC,Adquiri 4 cartuchos 41 Canon e recebi somente 2 até o momento. | Adquiri 4 cartuchos 41 Canon e recebi somente 2 até o momento. | Adquiri 4 cartuchos 41 Canon e recebi somente 2 até o momento. | Adquiri 4 cartuchos 41 Canon e recebi somente 2 até o momento.,1,410.84875,345.73,2
62faa9161d76613338c9216581e7ee1e,1,4491.44,1122.86,1.0,5.0,2,382,health_beauty,picarra,PA,Muito bom,1,410.84875,345.73,2
630331e73a79ae9a2ba821bd326ea298,2,796.24,132.70666666666668,8.666666666666666,5.0,3,420,furniture_decor,forquilhinha,SC,Muito bom,1,410.84875,132.70666666666668,2
6321cbc5ca73fae88f1acccaa086ecdf,2,353.79999999999995,176.89999999999998,1.0,5.0,2,175,furniture_decor,uberaba,MG,Muito bom,1,353.79999999999995,176.89999999999998,2
63387fd3e05eab4e51cf704f233db5a2,2,304.6,101.53333333333336,1.0,5.0,2,218,health_beauty,pouso alegre,MG,Muito bom,1,304.6,101.53333333333336,2
633aa358e90a435dc47a30af5a0a832d,2,804.12,402.06,3.5,3.0,2,38,consoles_games,colombo,PR,"Produto de qualidade, entrega antes do prazo. Excelente  | O controle remoto do play 2 não é Sonic como anunciado, não veio o suporte pra deixar o aparelho em pé como na ilusão, e a garantia de 90 dias, oque é Isso? A garantia tem que ser de um ano.",1,410.84875,345.73,2
6345e3b3ba5ee47685e29ec5febc8155,2,479.08,159.69333333333336,1.0,5.0,2,129,housewares,barueri,SP,Muito bom,1,410.84875,159.69333333333336,2
636443768344855307bfe5f2f2f6ba2e,2,973.58,243.395,1.0,4.75,2,41,furniture_living_room,guarulhos,SP,Muito bom,1,410.84875,243.395,2
63669b3731dcc014feec668c3d888aa0,2,308.39,102.79666666666668,4.333333333333333,2.333333333333333,2,191,sports_leisure,sao paulo,SP,Não entregaram os 2 itens comprados  | Não entregaram os 2 itens comprados ,1,308.39,102.79666666666668,2
636f22218f8430a8463c5ddc5f68fc62,2,204.36,102.18,5.5,5.0,2,415,garden_tools,araraquara,SP,excelente produto e veio rapido,1,204.36,102.18,2
63adc4def3cd3c39bd83083d737d98b5,2,197.21,98.605,1.5,5.0,2,7,computers_accessories,sao paulo,SP,Muito bom,1,197.21,98.605,2
63b13fc15bc8996323ba9375d95547ad,1,281.42,140.71,1.0,5.0,2,400,baby,ribeirao preto,SP,Muito bom,1,281.42,140.71,2
63b4253e688c57bdaa18741b3fea5a01,2,126.1,63.05,3.5,5.0,2,170,health_beauty,sao paulo,SP,Muito bom,1,126.1,63.05,2
63cfc61cee11cbe306bff5857d00bfe4,6,1437.88,130.71636363636364,8.454545454545455,4.363636363636363,4,92,construction_tools_construction,rio de janeiro,RJ,"Comprei 3 almofadas e só recebi 2, sem a respectiva Nota Fiscal. | Comprei 3 almofadas e só recebi 2, sem a respectiva Nota Fiscal. | Comprei 3 almofadas e só recebi 2, sem a respectiva Nota Fiscal.",1,410.84875,130.71636363636364,2
6409bccd4062c7105e9fd94c9a72082c,2,150.42,75.21,5.0,5.0,2,119,baby,jundiai,SP,Muito bom,1,150.42,75.21,2
6428403ac3b03984c38fd083fa1647b0,2,251.22000000000003,83.74000000000001,5.333333333333333,4.666666666666667,2,139,books_general_interest,sao goncalo,RJ,Muito bom,1,251.22000000000003,83.74000000000001,2
6457b2cb5462c1217e8e6d36b0ff39d2,2,1039.84,115.5377777777778,2.0,5.0,2,284,drinks,sao paulo,SP,Muito bom,1,410.84875,115.5377777777778,2
64df076fb557552498049bb07ed1cd5f,3,1536.28,192.035,1.0,5.0,2,111,housewares,rio de janeiro,RJ,Já é o meu segundo pedido com essa loja e tudo funcionou muito bem. | Já é o meu segundo pedido com essa loja e tudo funcionou muito bem. | Já é o meu segundo pedido com essa loja e tudo funcionou muito bem.,1,410.84875,192.035,2
64eb50e030a9cfc25970028888990054,1,2267.7,755.9,3.0,4.0,2,375,furniture_decor,salvador,BA,Recebi somente 1 dos 3 produtos adquiridos e consta no site que a entrega está finalizada. Não consegui ainda contato com a loja | Recebi somente 1 dos 3 produtos adquiridos e consta no site que a entrega está finalizada. Não consegui ainda contato com a loja | Recebi somente 1 dos 3 produtos adquiridos e consta no site que a entrega está finalizada. Não consegui ainda contato com a loja,1,410.84875,345.73,2
64fbafb2935c7a2588d6a26a9d750487,2,881.29,293.7633333333333,8.0,4.0,2,579,bed_bath_table,sao paulo,SP,"A entrega foi rápida, porém a tampa de uma panela veio cortada. Preciso que façam a troca. | A entrega foi rápida, porém a tampa de uma panela veio cortada. Preciso que façam a troca. | A entrega foi rápida, porém a tampa de uma panela veio cortada. Preciso que façam a troca.",1,410.84875,293.7633333333333,2
65663adf8c7a498b79e57ff84ab2b654,2,200.07,100.035,1.0,4.5,2,277,computers_accessories,rio de janeiro,RJ,Muito bom,1,200.07,100.035,2
657a35b64b54d9b754bbfaba56d255bc,1,674.18,337.09,8.0,4.0,2,153,bed_bath_table,marilia,SP,"Recebi antes do prazo, em perfeitas condições, super recomendo, o preço é bem acessível e o produto com ótimos acabamentos! | Recebi antes do prazo, em perfeitas condições, super recomendo, o preço é bem acessível e o produto com ótimos acabamentos!",1,410.84875,337.09,2
6581c5cc675ed5887994ebb682aa569b,1,711.56,355.78,10.0,5.0,2,57,health_beauty,sao bernardo do campo,SP,"Adorei. Entrega super rápida. 
Super indico. | Adorei. Entrega super rápida. 
Super indico.",1,410.84875,345.73,2
65859c1624b7642ec285b4a71efd9506,2,160.06,80.03,2.5,5.0,2,120,drinks,sao jose dos campos,SP,"Entregue conforme pedido, e funcionando bem! | Entregue em em boa embalagem e dentro do prazo!",1,160.06,80.03,2
6594a65023bcb47539aa91b0f8e98e00,2,254.52,63.63,1.0,3.25,2,173,garden_tools,niteroi,RJ,entrega demorou precisei reclamar mas chegou tudo bem são parceiros e não entrega pela americana que é rapida | entrega demorou precisei reclamar mas chegou tudo bem são parceiros e não entrega pela americana que é rapida | entrega demorou precisei reclamar mas chegou tudo bem são parceiros e não entrega pela americana que é rapida | Mais uma vez compro o mêsmo produto em loja diferente não recebo ,1,254.52,63.63,2
65a6ec5d6e6e86bc43a2cbf235be4675,2,206.02,103.01,3.5,4.0,2,122,pet_shop,contagem,MG,"Conforme foto. Chegou bem antes do previsto. Recomendo | Tamanho meio pequeno e a grama sintética tem pouca qualidade, esperava algo um pouco mais resistente. Mas pelo valor compensou. Conforme a imagem ",1,206.02,103.01,2
65cb8ff2ee739f679b88f1e85abf489b,1,996.36,332.12,6.0,4.0,2,205,office_furniture,massaranduba,SC,Muito bom,1,410.84875,332.12,2
65d6b6a1113bd6152e3307e99c5104c9,2,608.02,202.6733333333333,6.0,5.0,2,183,small_appliances,osasco,SP,"Entrega no prazo e amei meu produto. | Entregue no prazo.... Lindo produto, grande do jeito que precisava. | Entrega no prazo e amei meu produto.",1,410.84875,202.6733333333333,2
65e2735427dedd6a787e5b065b3cc41e,2,145.46,72.73,2.0,5.0,2,280,bed_bath_table,praia grande,SP,Muito bom,1,145.46,72.73,2
662d88cbd178177a50141111d3a6932c,2,128.61,42.870000000000005,1.0,5.0,2,211,computers_accessories,brasilia,DF,Muito bom,1,128.61,42.870000000000005,2
664fe7916cb8709c6b848383c6361dcc,2,409.33,204.665,3.5,5.0,2,308,health_beauty,maua,SP,Muito bom,1,409.33,204.665,2
6668e1ae499e2e9be475b7f708580232,3,281.18,93.72666666666667,1.3333333333333333,5.0,2,443,sports_leisure,parauapebas,PA,Muito bom,1,281.18,93.72666666666667,2
668ddbdd3ee99d4339eadfef21531d45,2,222.84,111.42,8.5,1.0,2,396,furniture_decor,rio de janeiro,RJ,Produto veio com defeito | Produto veio com defeito,1,222.84,111.42,2
66e56177b9bf464a930e57edc3694403,3,331.11,110.37,7.333333333333333,3.6666666666666665,2,96,bed_bath_table,sao paulo,SP,Muito bom,1,331.11,110.37,2
66f4eec9da64df09009a7f397c2a32b1,2,3528.4700000000003,352.84700000000004,1.0,4.6,2,217,construction_tools_construction,sao paulo,SP,Porém chegou sem as baterias. | Porém chegou sem as baterias. | Recebimento parcial dos produtos | Porém chegou sem as baterias. | Recebimento parcial dos produtos | Porém chegou sem as baterias. | Recebimento parcial dos produtos | Porém chegou sem as baterias. | Recebimento parcial dos produtos | Porém chegou sem as baterias.,1,410.84875,345.73,2
673dcf90d05656ebc9f5aa4a9709f245,1,508.18,127.045,1.0,5.0,2,345,furniture_decor,sao miguel do anta,MG,Muito bom,1,410.84875,127.045,2
67806996190d3af60247f64e1d03877f,2,131.56,65.78,1.5,2.5,2,30,furniture_decor,belo horizonte,MG,Muito bom,1,131.56,65.78,2
67bddde1844b238fe25995cde1612b4e,2,222.65,111.325,1.5,3.0,2,63,furniture_decor,fortaleza,CE,"Eu amei o produto, ele veio exatamente como na descrição, ou melhor 👏👏 prazo de entrega correntinho, antes até da data! Ameiii, super recomendo  | A impressão do quadro é péssima. Detestei e estou tentando fazer a devolução do produto",1,222.65,111.325,2
6832bd3ca1bf89c9e60bf3c91d846ec9,2,350.86,116.95333333333332,1.0,5.0,2,217,auto,campinas,SP,Muito legal chegou antes do prazo e em perfeita ordem | Muito legal chegou antes do prazo e em perfeita ordem,1,350.86,116.95333333333332,2
68497ce04e9b12cb402671a29acdf6a2,2,1047.15,523.575,1.0,5.0,2,110,furniture_decor,xaxim,SC,boa,1,410.84875,345.73,2
684fdd89d877968793cfb9c8f7ef7874,2,366.15,183.075,4.0,2.5,2,107,auto,braganca paulista,SP,"a descrição do produto estava errada e não consegui usar o produto ,pedi o cancelamento fazem 15 dias e ainda não obtive resposta",1,366.15,183.075,2
68519bc41532d0f1a6613d278f86a5bd,2,114.9,57.45,1.5,3.5,2,226,bed_bath_table,navegantes,SC,"Nada a reclamar recebi com antecencia ao marcado. | Bem embalado,e na data prevista.
Super recomendo,super confiáveis.",1,114.9,57.45,2
6856178ce177496369e3a83fd143e621,2,134.66,67.33,1.0,5.0,2,276,perfumery,niteroi,RJ,Muito bom,1,134.66,67.33,2
685fe057427e2f584aadce80ca79dd98,1,186.34,93.17,1.0,5.0,2,162,electronics,jales,SP,Muito bom,1,186.34,93.17,2
687c8082beea27b62d88da5d0885f5fa,1,142.7,71.35,5.0,2.0,2,255,drinks,sao paulo,SP,Muito bom,1,142.7,71.35,2
68cfb2c12fe97983b3e00aac4c177eb1,1,839.78,419.89,1.0,1.0,2,121,cool_stuff,sao paulo,SP,Comprei 2 relógios mas só chegou 1. Já mandei mensagens informando e até agora não tive respostas. | Comprei 2 relógios mas só chegou 1. Já mandei mensagens informando e até agora não tive respostas.,1,410.84875,345.73,2
68f412bbb674141ab49ef13b501baf45,2,120.14,40.04666666666667,2.333333333333333,5.0,2,42,health_beauty,piedade de caratinga,MG,Muito bom,1,120.14,40.04666666666667,2
6954a50b9d0de5b2c747f12743915254,1,1369.52,342.38,3.0,1.0,2,9,housewares,sao paulo,SP,Muito bom,1,410.84875,342.38,2
695cb366a3030919b19a244401a8f017,1,183.06,91.53,4.0,5.0,2,138,furniture_decor,osasco,SP,Muito bom,1,183.06,91.53,2
69768afd389429f6ec48199e5fb8e61a,2,806.9300000000001,201.7325,3.25,1.75,2,143,bed_bath_table,sao paulo,SP,"Comprei 2 capas de travesseiro e um de colchão, mas chegou apenas 1 capa de travesseiro | Comprei 2 capas de travesseiro e um de colchão, mas chegou apenas 1 capa de travesseiro | Comprei 2 capas de travesseiro e um de colchão, mas chegou apenas 1 capa de travesseiro",1,410.84875,201.7325,2
698118425f0afbd4bee557e51b6bd49b,2,300.47,150.235,1.0,2.5,2,149,auto,indiara,GO,Muito bom,1,300.47,150.235,2
699003f10173022740145aa4aaeaccd5,2,1022.44,255.61,6.0,4.0,2,276,sports_leisure,salvador,BA,Muito bom,1,410.84875,255.61,2
69aab61687fa416ef601af332bd0ff0d,2,134.47,67.235,1.0,5.0,2,229,bed_bath_table,mongagua,SP,Muito bom,1,134.47,67.235,2
69e4074cb5368c1539397e4ea570757a,2,190.68,95.34,2.0,5.0,2,198,books_general_interest,sao paulo,SP,Muito bom,1,190.68,95.34,2
69f2934ad8b50cc05587a94cc7d68fc9,2,228.02,114.01,5.5,1.0,2,176,perfumery,francisco beltrao,PR,"Ainda não recebi o produto. | Não estou satisfeita, pois ainda não recebi o produto.",1,228.02,114.01,2
69f7e342c28eb22ef6845facd926e810,2,692.32,173.08,3.25,4.25,2,65,bed_bath_table,sao paulo,SP,"Veio menor do que o anúncio.
0.90x1.40m",1,410.84875,173.08,2
6a0d68294a58730f94eab8de2abcf050,2,258.4,129.2,2.5,3.5,2,48,auto,irani,SC,Muito bom,1,258.4,129.2,2
6a2ae83cded378a462e86a2e4885e750,2,292.37,146.185,5.0,3.5,2,176,furniture_decor,florianopolis,SC,Muito bom,1,292.37,146.185,2
6a6a7141119ceaeca4dfbae7a580a515,3,330.0,66.0,1.0,3.8,3,40,housewares,petropolis,RJ,"Excelente vendedor, produto novo na embalagem, entrega dentro do prazo estipulado  | A travessa retangular só veio uma. E eu comprei duas. | A travessa retangular só veio uma. E eu comprei duas. | A travessa retangular só veio uma. E eu comprei duas. | Excelente vendedor, produto novo na embalagem e entrega dentro do prazo estipulado ",1,330.0,66.0,2
6a9e15d6fa8ce1cabf193c21aa577f64,3,527.44,131.86,1.0,5.0,2,24,sports_leisure,lorena,SP,"muito bom, recomendo, já é a segunda vez que compro... | muito bom, recomendo, já é a segunda vez que compro... | muito bom, recomendo.,.,.,.,.,.,.,.,.,.,.,.,.,.,.,.,.,.,.,.,.,.,.,.,.,.,.,.,.,.,.,.,.,.,.,.,.,.,.,.,.,.,.,.,.,.,.,.,.,.,.,.,.,.,.,.,.,.,.,.,.,.,.,.,.,.,.,,.,.,.,.,.,.,.,.,.,.,,.,.,.,.,.,.,.,.,.,.,.,., | muito muito bom",1,410.84875,131.86,2
6aa14366984bcc5f1ea760928283d451,2,346.6,173.3,10.0,5.0,2,212,baby,penapolis,SP,Muito bom,1,346.6,173.3,2
6aa2294d9975e319365a586ba919de73,2,190.57,95.285,5.5,3.0,2,178,computers_accessories,sao paulo,SP,Muito bom,1,190.57,95.285,2
6abd878bb355f29f91678a8c7512da0d,1,3291.6,822.9,1.0,1.0,2,232,home_construction,eusebio,CE,"O pedido foi entregue parcialmente, ficando faltando ainda três itens. | O pedido foi entregue parcialmente, ficando faltando ainda três itens. | O pedido foi entregue parcialmente, ficando faltando ainda três itens. | O pedido foi entregue parcialmente, ficando faltando ainda três itens.",1,410.84875,345.73,2
6ac3770209c7cf2e5b54d47abb41063a,1,416.4,208.2,1.0,1.0,2,17,construction_tools_lights,petropolis,RJ,"Só o pendente de madeira que veio, o outro não veio. Junto ao correio só existe um número para rastreamento com um item inclusive na nota fiscal e no pedido são dois itens. | Só o pendente de madeira que veio, o outro não veio. Junto ao correio só existe um número para rastreamento com um item inclusive na nota fiscal e no pedido são dois itens.",1,410.84875,208.2,2
6b1b676621a55a12546f8eeeaa12d4a7,2,649.6,162.4,1.0,4.0,2,299,bed_bath_table,santa rosa,RS,Produto igual da foto!! Recomendo! Entrega bem antes do previsto!! | Produto igual da foto!! Recomendo! Entrega bem antes do previsto!! | Comprei 2 unidades e recebi apenas 1 unidade!! | Comprei 2 unidades e recebi apenas 1 unidade!!,1,410.84875,162.4,2
6b27bfed0a7785feb3bb08725e057947,1,109.84,54.92,5.0,5.0,2,418,auto,sao paulo,SP,Muito bom,1,109.84,54.92,2
6b663f38a6b717c09f4dca07f546fe4b,1,463.76,231.88,7.0,1.0,2,39,furniture_decor,macae,RJ,"Chegou 1 produto e o outro nao ! 
Quero saber pq se esta os dois no mesmo vendedor e mesmo pedido... por favor  | Chegou 1 produto e o outro nao ! 
Quero saber pq se esta os dois no mesmo vendedor e mesmo pedido... por favor ",1,410.84875,231.88,2
6b7c6ef4d91a0cadb24d7f1df90158fe,1,479.85,159.95,1.0,4.0,2,147,furniture_decor,imbe,RS,Muito bom,1,410.84875,159.95,2
6bb0bebc0758e1a834cb5bf96b6d8feb,2,175.81,87.905,1.0,5.0,2,113,computers_accessories,itapeva,SP,ok,1,175.81,87.905,2
6bb535b0906b43e0041916897667aeed,3,2390.46,398.41,8.666666666666666,3.6666666666666665,2,345,bed_bath_table,garopaba,SC,Eu só recebi um lustre e comprei dois anota veio dois e só recebi um  | Eu só recebi um lustre e comprei dois anota veio dois e só recebi um  | Ótimo recomendo é ótimo | Ótimo recomendo é ótimo | Ótima a sim que presizar compra vou comprar  | Ótimo recomendo é ótimo,1,410.84875,345.73,2
6bbed249de21777c6f7d5074e6c469e9,2,77.97,38.985,1.0,3.0,2,134,health_beauty,pirapora,MG,muito satisfeito | minha mercadoria veio errado como vcs vao resolver o meu problema,1,77.97,38.985,2
6bd33258105ef24dbf6d82bb7e3a06b2,2,155.69,77.845,4.0,3.0,2,176,fashion_bags_accessories,brasilia,DF,Muito bom,1,155.69,77.845,2
6be28ae15cd1e7b3f3f36ac483512822,2,1204.96,301.24,8.0,4.0,2,278,bed_bath_table,caxias do sul,RS,"Veio só um conjunto das toalhas, o resto não veio das coisas ",1,410.84875,301.24,2
6bf558c1aae5004b6a410c3294c5e119,2,796.64,199.16,9.0,4.25,3,48,pet_shop,senhor do bonfim,BA,"Fiquei muito chateada, pois o produto veio quebrado! Um descaso isso",1,410.84875,199.16,2
6c5524784076044070d9fe6cf151912d,2,102.17,51.085,1.5,4.0,2,20,perfumery,sao bernardo do campo,SP,Bonitinho!,1,102.17,51.085,2
6c69905245a109e523848de29386e0ff,1,2506.65,835.5499999999998,10.0,3.0,2,277,bed_bath_table,unai,MG,"Na nota fiscal vieram como se fossem três kits de jogos de cama. Mas na verdade, vieram apenas dois. O dourado e o palha! Ainda falta um! Como proceder? | Na nota fiscal vieram como se fossem três kits de jogos de cama. Mas na verdade, vieram apenas dois. O dourado e o palha! Ainda falta um! Como proceder? | Na nota fiscal vieram como se fossem três kits de jogos de cama. Mas na verdade, vieram apenas dois. O dourado e o palha! Ainda falta um! Como proceder?",1,410.84875,345.73,2
6c722fdc0ca8a586dcfa980f2f1278eb,2,435.07,145.02333333333334,5.333333333333333,4.333333333333333,3,362,health_beauty,rio de janeiro,RJ,"as peças são razoáveis | Veio separados ,mas tudo OK,estou satisfeita | Veio separados ,mas tudo OK,estou satisfeita",1,410.84875,145.02333333333334,2
6c9c4be72fee6872d9af6242374dcb66,1,355.16,177.58,1.0,4.0,2,300,furniture_decor,sao paulo,SP,Muito bom,1,355.16,177.58,2
6c9cf51494f2dff36066e2b2c05b8c7c,1,644.12,322.06,3.0,1.0,2,130,bed_bath_table,sao paulo,SP,"NUNCA ,MAIS NA MINHA VIDA FAREI COMPRA ON LINE ESTOU ENTRANDO COM OUVIDORIA PQ N RECEBI O MEU PRODUTO JA ENVIEI E MAIL E NINGUEM DA POSICAO | NUNCA ,MAIS NA MINHA VIDA FAREI COMPRA ON LINE ESTOU ENTRANDO COM OUVIDORIA PQ N RECEBI O MEU PRODUTO JA ENVIEI E MAIL E NINGUEM DA POSICAO",1,410.84875,322.06,2
6cff9b48c421876c5595aad7913b4806,1,832.88,416.44,8.0,2.0,2,130,consoles_games,quatro barras,PR,Muito bom,1,410.84875,345.73,2
6d3d5771a12f5e7d00729f940bb28fd2,2,1672.94,209.1175,1.0,5.0,2,399,housewares,concordia,SC,Muito bom,1,410.84875,209.1175,2
6d74740d498504341df1e7f104daebf0,2,204.92,102.46,4.0,4.5,2,225,cool_stuff,mata de sao joao,BA,Muito bom,1,204.92,102.46,2
6e10d6571ddd6b7b58d61e4d5e7dde95,2,382.75,127.58333333333331,4.333333333333333,4.0,2,8,bed_bath_table,matinhos,PR,"Seria perfeito se vcs entregassem em casa.
Mas no mais estou satisfeita
 | Seria perfeito se vcs entregassem em casa.
Mas no mais estou satisfeita
 | Reforço minha insatisfação de NÃO entregarem em minha residência e sim no correio.",1,382.75,127.58333333333331,2
6e1512c1c3221bd24fa4848202727ab3,2,194.54,97.27,1.0,5.0,2,261,cool_stuff,serra,ES,"excelente compra | recebi o produto e recomendo a compra deste, pois fiquei satisfeito",1,194.54,97.27,2
6e1550b8966f327f29bc06b18972dbec,2,1039.88,346.6266666666666,4.0,5.0,2,455,home_appliances,sao jose do rio preto,SP,Muito bom,1,410.84875,345.73,2
6e26bbeaa107ec34112c64e1ee31c0f5,2,1441.62,720.8100000000001,5.5,5.0,2,238,construction_tools_construction,rio de janeiro,RJ,Muito bom,1,410.84875,345.73,2
6e2f539e9e0e323859a81079581db712,2,86.53,28.843333333333334,1.3333333333333333,4.666666666666667,2,147,stationery,guarulhos,SP,Produto entregue no prazo e em perfeitas condiçôes.,1,86.53,28.843333333333334,2
6e3b6d57d3e6ad68922e283f89b22290,1,297.66,148.83,1.0,5.0,2,112,sports_leisure,guaxupe,MG,Muito bom,1,297.66,148.83,2
6e620488162fe1129d32f26b751d770a,2,345.55,86.3875,1.0,5.0,2,187,bed_bath_table,itarare,SP,super recomendo | super recomendo,1,345.55,86.3875,2
6e8743c0e88d51e1e7b2455707e209e4,1,237.2,118.6,2.0,2.0,2,32,furniture_decor,niteroi,RJ,Muito bom,1,237.2,118.6,2
6ebb1ed7033f7f9f97270661d5660b6f,1,776.5500000000001,258.85,10.0,1.0,3,158,furniture_decor,camaqua,RS,Não foi entregue o relógio. | Não foi entregue o relógio. | Não foi entregue o relógio.,1,410.84875,258.85,2
6eefa309faab7725bf4b9dce147e4ae6,3,87.6,29.2,2.0,5.0,3,237,audio,candido rodrigues,SP,otima | e ótima loja ok | e otima loja ok,1,87.6,29.2,2
6ef4101366e4340921398ba91fff1426,2,141.26,70.63,1.0,1.0,2,183,bed_bath_table,rio de janeiro,RJ,Aguardo o produto | Não recebi o produto ainda,1,141.26,70.63,2
6f1b9f60ea8ee748140353648c2d8d8f,2,496.76,248.38,6.0,5.0,2,68,cool_stuff,teresopolis,RJ,parabens ao grupo stark chegou antes do prazo produto de qualidade ...  | loja muito eficiente recebi 3 dia depois da compra ... 72 hrs apos a confirmação do pagamento ... estao de parabens ...,1,410.84875,248.38,2
6f302f15a62c56b3100b67a81bfef328,2,1292.25,430.75,7.666666666666667,3.6666666666666665,2,253,bed_bath_table,sao paulo,SP,O frete não é barato pra ter que buscar no correio não avisa o local onde não entregam é frustração total shoptaime podem averiguar isto pra que não aconteça com outros  | Entrega no prazo produto igual da foto ótimo qualidade comprem não vão se arrepender parabéns baratheon pela parrceria comprarei outras vezes com serteza  | Entrega no prazo produto igual da foto ótimo qualidade comprem não vão se arrepender parabéns baratheon pela parrceria comprarei outras vezes com serteza ,1,410.84875,345.73,2
6f36e0165218ac7ae521d8e44739e703,2,249.49,124.745,5.5,5.0,2,214,electronics,sao paulo,SP,Muito bom,1,249.49,124.745,2
6f5b9a8b6c5eda945113bdf468529a29,1,184.26,92.13,8.0,5.0,2,318,cool_stuff,sao paulo,SP,Entrega rápida | Entrega rápida,1,184.26,92.13,2
6f5c52ea47e32b73958b0ac0f3c34e88,2,52.13,26.065,1.0,4.5,2,94,health_beauty,rio claro,SP,"Produto chegou em ordem, vendedor cumpriu o anúncio. Muito agradecido | Produto recebido de acordo com o anuncio.",1,52.13,26.065,2
6f65f19c2dcfcab8b76b2fafb5b840e1,2,248.66000000000005,124.33,4.5,5.0,2,159,furniture_decor,aracatuba,SP,Recomendo a loja produto entregue correto e antes do prazo! ,1,248.66000000000005,124.33,2
6f90ec5150be36c4475835b5941ab56f,1,2441.52,406.92,10.0,1.0,2,688,bed_bath_table,curitiba,PR,"Somente recebi as duas cortinas que faltaram, depois de abrir uma reckamacao junto ao Reclame Aqui. Nao indico e nao volto a comprar  | Somente recebi as duas cortinas que faltaram, depois de abrir uma reckamacao junto ao Reclame Aqui. Nao indico e nao volto a comprar  | Somente recebi as duas cortinas que faltaram, depois de abrir uma reckamacao junto ao Reclame Aqui. Nao indico e nao volto a comprar  | Somente recebi as duas cortinas que faltaram, depois de abrir uma reckamacao junto ao Reclame Aqui. Nao indico e nao volto a comprar  | Somente recebi as duas cortinas que faltaram, depois de abrir uma reckamacao junto ao Reclame Aqui. Nao indico e nao volto a comprar  | Somente recebi as duas cortinas que faltaram, depois de abrir uma reckamacao junto ao Reclame Aqui. Nao indico e nao volto a comprar ",1,410.84875,345.73,2
6faa792efdf7c9c6eb7cfdf68aa5e581,2,422.37,140.79,1.0,3.6666666666666665,2,323,health_beauty,olho d'agua das flores,AL,Muito bom,1,410.84875,140.79,2
6fc92189a4d83f8f8eb046b050ce8687,2,308.49,154.245,8.5,5.0,2,417,bed_bath_table,petropolis,RJ,Ótimo  | Ótimo ,1,308.49,154.245,2
6fe09f77ec8e29ed4e619c6841f6479b,2,269.12,134.56,2.5,5.0,2,84,audio,sao paulo,SP,Adorei!,1,269.12,134.56,2
7024c601f72720711e9bfcfb37bc0c32,1,396.88,198.44,4.0,1.0,2,114,baby,goiania,GO,"tentei usar a opção de devolver produto no site das lannister e não da certo, fica dando erro, entrei em contato com o vendedor e estou aguardando para fazer a troca do meu produto | tentei usar a opção de devolver produto no site das lannister e não da certo, fica dando erro, entrei em contato com o vendedor e estou aguardando para fazer a troca do meu produto",1,396.88,198.44,2
704d4446bffad3f1d6b73a58426af36a,2,176.45,88.225,1.0,5.0,2,135,home_confort,caete,MG,O produto é lindo e de excelente qualidade | O produto é muito mais bonito que na foto,1,176.45,88.225,2
70601471b692cc0879300373118041ff,2,215.77,35.961666666666666,1.0,3.6666666666666665,2,68,computers_accessories,extrema,MG,Não veio nota ffiscal | Não veio nota ffiscal | Não veio nota ffiscal | Não veio nota ffiscal,1,215.77,35.961666666666666,2
706cdc310c7f626d1d2bc95c396202e5,2,163.32,81.66,1.0,4.5,2,350,health_beauty,luziania,GO,Muito bom,1,163.32,81.66,2
70aa9ef908248a2ec9e03b77ce1ff357,2,457.55,228.775,1.0,4.5,2,99,home_construction,guarulhos,SP,Muito bom,1,410.84875,228.775,2
70f0fca2435f0fa72fe85699630791fc,2,762.78,190.695,8.0,3.5,2,566,bed_bath_table,cafelandia,PR,Muito bom,1,410.84875,190.695,2
71048f40f553973d48d6fe35d01a3afb,2,182.72,91.36,2.0,5.0,2,146,stationery,belem,PA,Muito bom,1,182.72,91.36,2
71136ba93ec2a882f2f96f59a419f640,1,274.24,137.12,8.0,1.0,2,124,bed_bath_table,sao paulo,SP,liguei nesta data pra central pois desse pedido ainda nao recebi a cadeira de escritorio e acompanhando meus pedidos esta como entregue | liguei nesta data pra central pois desse pedido ainda nao recebi a cadeira de escritorio e acompanhando meus pedidos esta como entregue,1,274.24,137.12,2
718d5855edf637b8e2f213db87dab93d,2,79.09,19.7725,1.0,4.25,2,316,telephony,brasilia,DF,Muito bom,1,79.09,19.7725,2
719b416ebeb9f51638f343c4cc19f742,2,122.21,61.105,3.5,3.0,2,22,furniture_decor,campos dos goytacazes,RJ,Ótimo ,1,122.21,61.105,2
719f18245d86356b20dbfc6ebff6498d,2,383.0700000000001,127.69,4.666666666666667,5.0,2,71,bed_bath_table,rio de janeiro,RJ,Muito bom,1,383.0700000000001,127.69,2
71a92fd3087501bcfba6e6e1ef7e8fd7,2,255.11,85.03666666666668,4.0,4.0,2,19,housewares,rio de janeiro,RJ,Muito bom,1,255.11,85.03666666666668,2
71b8dc9ce21a7ca5344bde166e117c9f,2,209.75,104.875,4.0,4.0,2,174,garden_tools,rio de janeiro,RJ,O produtor chegou antes da data | Ótimo,1,209.75,104.875,2
71d2dbb6d2f52d568ca9d69c815a4331,2,386.59,193.295,8.5,5.0,2,438,perfumery,sao paulo,SP,Muito bom,1,386.59,193.295,2
71d790b151c0349e5f5b2fbb4fbe1321,2,359.62,89.905,1.0,4.25,2,123,telephony,jundiai,SP,Muito bom,1,359.62,89.905,2
71f88e06eb78302859a034cd7d1877a1,2,826.38,413.19,7.5,5.0,2,107,audio,pato branco,PR,Muito bom,1,410.84875,345.73,2
72061fff095d8325b311ea24e2f4a2b5,2,3469.3600000000006,433.6700000000001,5.0,4.0,2,259,toys,carmo do rio claro,MG,"Meu pedido era de 2 cortinas, porém recebi apenas 1. Quando receberei a outra? | Meu pedido era de 2 cortinas, porém recebi apenas 1. Quando receberei a outra?",1,410.84875,345.73,2
7263bdaf8bd8ca9e023f521f8ae50970,2,265.77,44.295,1.5,4.0,2,534,garden_tools,aracaju,SE,Muito bom,1,265.77,44.295,2
7274ae148f7c9ce03c8bad60e976ed24,1,4085.92,1021.48,1.0,1.0,2,399,computers_accessories,rio de janeiro,RJ,Não recebi os produtos nem a Nota fiscal. Além de não conseguir atendimento por telefone. | Não recebi os produtos nem a Nota fiscal. Além de não conseguir atendimento por telefone. | Não recebi os produtos nem a Nota fiscal. Além de não conseguir atendimento por telefone. | Não recebi os produtos nem a Nota fiscal. Além de não conseguir atendimento por telefone.,1,410.84875,345.73,2
72d00a8f1948970fda6f797912a19f66,1,120.9,60.45,3.0,4.0,2,435,bed_bath_table,diadema,SP,Muito bom,1,120.9,60.45,2
72d1adc072dddac82d57953a3930108a,1,847.24,423.62,1.0,1.0,2,184,computers_accessories,pirassununga,SP,Os produtos chegaram dentro do prazo mas a mesa veio com defeito. Imaginei um produto mais forte. Estou aguardando contado da lannister e fornecedor. | Os produtos chegaram dentro do prazo mas a mesa veio com defeito. Imaginei um produto mais forte. Estou aguardando contado da lannister e fornecedor.,1,410.84875,345.73,2
72eb961337993c4c089cb9135b86de90,2,95.56,47.78,2.5,5.0,2,96,housewares,sao paulo,SP,Muito bom,1,95.56,47.78,2
7301a2206e9f7e6beb6b92f627f1799d,1,4838.72,604.84,1.0,3.0,2,274,electronics,sao paulo,SP,Não recebi o autotransformador. Os controles foram entregues. | Não recebi o autotransformador. Os controles foram entregues. | Não recebi o autotransformador. Os controles foram entregues. | Não recebi o autotransformador. Os controles foram entregues. | Não recebi o autotransformador. Os controles foram entregues. | Não recebi o autotransformador. Os controles foram entregues. | Não recebi o autotransformador. Os controles foram entregues. | Não recebi o autotransformador. Os controles foram entregues.,1,410.84875,345.73,2
7305430719d715992b00be82af4a6aa8,4,439.31,87.862,3.0,5.0,3,12,bed_bath_table,porto alegre,RS,O tapete é muito lindo e de ótima qualidade | o casaquinho é ótimo muito lindo! Pena que ficou pequeno mas já pedi para trocar por um maior | O produto é muito bom de boa qualidade e muito bem feito! Gostei muito! | O produto é muito bom de boa qualidade e muito bem feito! Gostei muito! | A corrente com o pingente Ponto de Luz é muito linda! Adorei,1,410.84875,87.862,2
730e4b7ede33b484516435d39ab4dc49,2,413.97,206.985,2.5,1.0,2,448,computers_accessories,rio de janeiro,RJ,Poderia ter sido melhor se a entrega fosse em minha residência... Pois tive que enfrentar uma tremenda fila para retirar nos correios! | Recomendo,1,410.84875,206.985,2
7311b47a208b4f5af09ccc62fafea9e2,1,648.68,324.34,1.0,5.0,2,341,auto,rio de janeiro,RJ,Tudo ok | Tudo ok,1,410.84875,324.34,2
7314e2017ab1883d59ccbc7318c4b3fc,2,254.82,127.41,1.0,2.0,2,189,stationery,rio de janeiro,RJ,Muito bom,1,254.82,127.41,2
7318e930c076a8a743b9aaa5de67ac78,1,813.42,271.14,3.0,1.0,2,277,furniture_decor,sao paulo,SP,Muito bom,1,410.84875,271.14,2
732d307839b02bc2d3a4c26b515ea2b9,3,219.02,54.755,2.0,5.0,2,178,toys,aruja,SP,Muito bom,1,219.02,54.755,2
738ffcf1017b584e9d2684b36e07469c,4,932.32,103.5911111111111,4.777777777777778,4.777777777777778,2,74,toys,goiania,GO,Muito bom,1,410.84875,103.5911111111111,2
7395a64f37a30f9827ca4d8292b484e8,2,153.37,76.685,1.0,4.5,2,358,fashion_underwear_beach,curitiba,PR,Muito bom,1,153.37,76.685,2
73de7b7b976fc6b75283b05f67fd6b5b,2,659.89,219.9633333333333,5.0,4.333333333333333,2,287,small_appliances,aparecida,SP,Ótima,1,410.84875,219.9633333333333,2
73f543ac7cc557af011be584a4dde8af,1,444.08,222.04,4.0,4.0,2,136,construction_tools_lights,carlos barbosa,RS,Muito bom,1,410.84875,222.04,2
73f97c6a5af65a71194cc2265ae82501,2,125.13,62.565000000000005,5.0,4.5,2,92,auto,arraial do cabo,RJ,"Qualidade razoável, vale o preço. | Me agradou bastante, produto totalmente igual a imagem.",1,125.13,62.565000000000005,2
73fa628b0fc190639f48da2667eb1381,2,201.08,100.54,8.0,5.0,2,309,housewares,goiania,GO,Entrega mega rápido!,1,201.08,100.54,2
740b9a28b39035534bf3425b19016263,2,266.88,133.44,2.0,4.5,2,283,sports_leisure,limeira,SP,parabéns pelo bom atendimento,1,266.88,133.44,2
74182c655b0270d9dde23ca43bb16a2e,1,3993.96,998.49,1.0,1.0,2,349,construction_tools_safety,itumbiara,GO,targaryen não entregou os produtos completos. No dois itens comprados veio faltando unidades. | targaryen não entregou os produtos completos. No dois itens comprados veio faltando unidades. | targaryen não entregou os produtos completos. No dois itens comprados veio faltando unidades. | targaryen não entregou os produtos completos. No dois itens comprados veio faltando unidades.,1,410.84875,345.73,2
742e8f4db90f93804a21be643fc3ef18,1,561.58,280.79,1.0,5.0,2,26,audio,londrina,PR,Muito bom,1,410.84875,280.79,2
743b6b21edcc4f0a9be82e591187e0a8,2,131.29,65.645,1.0,5.0,2,298,perfumery,sao paulo,SP,Muito bom,1,131.29,65.645,2
744fb2d41ededa16d3f703b7065b234c,2,990.4,165.06666666666666,6.666666666666667,5.0,2,205,bed_bath_table,sao paulo,SP,Muito bom,1,410.84875,165.06666666666666,2
74cb1ad7e6d5674325c1f99b5ea30d82,5,494.51,82.41833333333334,4.0,5.0,5,148,garden_tools,sao paulo,SP,Muito bom,1,410.84875,82.41833333333334,2
74fe4e106702770ef728399ce5da503a,2,325.06,81.265,1.0,3.0,2,88,home_construction,goiania,GO,"Loja péssima! Demorou chegar, veio o produto errado e quantidade errada.
Desculpe mas essa loja só fez coisas erradas. Entrei em contato com vocês e pedi meu dinheiro de volta. E quero devolver o pro | Loja péssima! Demorou chegar, veio o produto errado e quantidade errada.
Desculpe mas essa loja só fez coisas erradas. Entrei em contato com vocês e pedi meu dinheiro de volta. E quero devolver o pro",1,325.06,81.265,2
7588c20c457369de8caad958afc1cc06,3,359.54,89.885,4.0,1.25,2,165,fashion_bags_accessories,porto velho,RO,"NAO RECOMENDARIA A COMPRA NESSA LOJA DESSE PRODUTO, PORQUE COMPREI PARA DAR DE PRESENTE PRA MINHA MAEDE ANIVERSARIO MAIS CHEGOU UM MES DEPOIS. | Bom dia!

 Não gostei, de péssima qualidade! | Bom dia!

Ao abrir a caixa, verifiquei que o pedido Brinco De Gancho Pendurado Chapeado De Prata Cristal Orelha Prata 5 estava faltando e estava sendo especificado na nota fiscal. | Bom dia!

Ao abrir a caixa, verifiquei que o pedido Brinco De Gancho Pendurado Chapeado De Prata Cristal Orelha Prata 5 estava faltando e estava sendo especificado na nota fiscal.",1,359.54,89.885,2
7589544c08cc5de364cad85ee73f4b63,3,455.87,91.174,7.8,5.0,2,65,housewares,sao paulo,SP,Interessante este produto amei | Parece otimo vou usar nao usei ainda |  Tudo otimo  |  Tudo otimo  |  Tudo otimo ,1,410.84875,91.174,2
7599dea7f7520c8c37351721ad6870de,2,312.68,156.34,7.0,5.0,2,88,auto,uniao da vitoria,PR,"Bom produto, ótima loja. Tudo certo. | O frete deveria ser mais barato.",1,312.68,156.34,2
75a398e43d9757a4f7d6f622aeb22c47,2,77.2,38.6,1.0,5.0,2,345,electronics,itaquaquecetuba,SP,"Ainda não usei, mas produto de qualidade, não é frágil como os que compramos no paralelo. Recomendo. | Muito bonito, aparenta qualidade. Ainda não o apliquei, por isso não posso falar quanto a aderência do mesmo. Pelo custo beneficio RECOMENDO.",1,77.2,38.6,2
75b45ab225bf88fdd7f432507030a4b8,2,161.2,80.6,4.0,5.0,2,349,bed_bath_table,belo horizonte,MG,Muito bom,1,161.2,80.6,2
75c7cb4037146f5c8e95ade4214396c5,2,733.31,183.3275,2.75,5.0,2,229,computers,sao paulo,SP,"comprei num dia e recebi no outro e a mercadoria é excelente!!! | adorei, para minhas necessidades foi ecxelente!  | adorei, para minhas necessidades foi ecxelente!  | adorei, para minhas necessidades foi ecxelente! ",1,410.84875,183.3275,2
75d441e15d55741e935e018e42adca06,1,227.74,113.87,1.0,1.0,2,21,auto,praia grande,SP,Minha compra venho incompleta. Tá faltando o chicote. Tento liga e só tem gravação não consigo falar com atendente. | Minha compra venho incompleta. Tá faltando o chicote. Tento liga e só tem gravação não consigo falar com atendente.,1,227.74,113.87,2
75e750a6279d55f7137bb9e9bb8662cf,2,138.8,69.4,2.5,5.0,2,271,perfumery,curitiba,PR,Muito bom,1,138.8,69.4,2
75eacb17f5ef482c37c7b7903f014ece,2,344.13,172.065,1.0,5.0,2,24,furniture_decor,tubarao,SC,Ótimo  | Ótimo ,1,344.13,172.065,2
75ff587e87e047a7e00f75bbcab17c00,2,284.8,142.4,3.0,5.0,2,300,furniture_decor,rio de janeiro,RJ," Muito bonito , acabamento excelente. Deu um toque de classe à minha cozinha. |  Excelente suporte, com regulagem de inclinação bastante satisfatória. Recomendo este produto!!",1,284.8,142.4,2
7647c15a4f2e66304c91fcf86573a2a3,1,437.6,218.8,1.0,5.0,2,272,bed_bath_table,vitoria,ES,Muito bom,1,410.84875,218.8,2
769de7c55f035c3f3575750bcc242c87,1,558.66,279.33,10.0,5.0,2,444,baby,belo horizonte,MG,Muito bom,1,410.84875,279.33,2
76a0491dd70c125840fa259f00dfc351,3,297.96000000000004,99.32,1.3333333333333333,5.0,2,137,garden_tools,alta floresta,MT,Muito bom,1,297.96000000000004,99.32,2
76b61cd27ca2933a2bd2669762fb229a,1,856.76,214.19,1.0,1.0,3,214,bed_bath_table,pelotas,RS,"Comprei 4 produtos, mas recebi apenas um. Prejuízo total! Não recomendo.  | Comprei 4 produtos, mas recebi apenas um. Prejuízo total! Não recomendo.  | Comprei 4 produtos, mas recebi apenas um. Prejuízo total! Não recomendo.  | Comprei 4 produtos, mas recebi apenas um. Prejuízo total! Não recomendo. ",1,410.84875,214.19,2
76c9a12722537319e44c31e70b7815c3,2,99.58,49.79,2.5,4.5,2,86,computers_accessories,socorro,SP,Muito bom,1,99.58,49.79,2
76f7d40948174f5cde0fcf8e6147b59d,2,747.2,186.8,1.0,2.0,2,121,bed_bath_table,guarulhos,SP,"Equipe lannister recebi o produto incompleto, ou seja, está faltando uma mochila Barbie Grande. 
lannister tive que retirar a mercadoria incompleta na lojas do correios.

Atenciosamente. | Equipe lannister recebi o produto incompleto, ou seja, está faltando uma mochila Barbie Grande. 
lannister tive que retirar a mercadoria incompleta na lojas do correios.

Atenciosamente. | lannister o parceiro fez a entrega do produto, evitando transtornos como ocorrido anteriormente. | lannister o parceiro fez a entrega do produto, evitando transtornos como ocorrido anteriormente.",1,410.84875,186.8,2
770c6c524fc389b4cab878d19703745d,2,998.04,332.68,3.0,5.0,2,384,health_beauty,goiania,GO,Nota 10. | Gostei! Bem embalado. Perfeito.  | Nota 10.,1,410.84875,332.68,2
772c4d116b85873c6d1b797314b70c4c,1,742.92,247.64,4.0,2.0,2,322,furniture_decor,marica,RJ,"Pedido atendido parcialmente. Comprei três produtos, mas somente um dos itens foi entregue .  | Pedido atendido parcialmente. Comprei três produtos, mas somente um dos itens foi entregue .  | Pedido atendido parcialmente. Comprei três produtos, mas somente um dos itens foi entregue . ",1,410.84875,247.64,2
772d34fd17482b75a4e3e1f59db60f27,1,329.58,164.79,5.0,2.0,2,151,baby,cascavel,PR,"Comprei dois produtos e só recebi um, já enviei dois emails ao vendedor mas ainda não obtive resposta. | Comprei dois produtos e só recebi um, já enviei dois emails ao vendedor mas ainda não obtive resposta.",1,329.58,164.79,2
77510eadced051a2e5419ba684946998,1,340.76,170.38,5.0,5.0,2,491,bed_bath_table,rio de janeiro,RJ,Muito bom,1,340.76,170.38,2
77784ec016bfbcc51d2394d1632f0d3d,2,170.51,85.255,3.5,4.5,2,35,housewares,mogi das cruzes,SP,"Recebido sem problemas, antes do prazo e conforme anunciado. Ainda não coloquei na esteira pra ver se está ok ou não, mas por enquanto está tudo certo. | A cabeça é linda, design bem desenhado, estilosa, chegou no prazo e é um produto excelente! Só achei mto caro o frete, e o preço dela podia ser melhor...",1,170.51,85.255,2
7779fdf670bfe673e064b9aa5447674e,3,159.57,53.19,2.0,4.666666666666667,2,391,baby,mogi das cruzes,SP,Muito bom,1,159.57,53.19,2
77e223f4a031fdeb1650e797bf4c692a,2,251.1,125.55,1.0,2.0,2,113,bed_bath_table,rio de janeiro,RJ,recomendo,1,251.1,125.55,2
7823a8988612aff9a03896c51e2c5f7b,2,245.11,122.555,4.0,5.0,2,118,bed_bath_table,sao paulo,SP,"apesar de não gostar do produto que pedi, veio tudocorreto, pena que tive qua passar os controles remotos para frente, não deu certo na minha tv,pois não comprei o original da samsung. | adorei o produto, a cortina é lindíssima, vocês estão de parabéns, chegou antes do prazo, serviço excelente.",1,245.11,122.555,2
7828a4a1ee004bbe6665cbffbc4bf2d9,2,309.1,154.55,2.0,5.0,2,198,health_beauty,boituva,SP,"Como sempre as lojas lannister surpreende tanto no atendimento quanto no prazo de entrega, entregou meu produto antes da data prevista. Super recomendo! | Entrega realizada maravilhosamente 10 dias antes do prazo.",1,309.1,154.55,2
7842fedad651fb80cd89f428e34e83e9,1,451.92,225.96,8.0,5.0,2,267,bed_bath_table,rio de janeiro,RJ,Produto muito bom  | Produto muito bom ,1,410.84875,225.96,2
7849336c1b7785f258ffef06aedbd216,3,994.36,142.05142857142857,1.0,4.857142857142857,3,35,signaling_and_security,amparo,SP,"atendeu as necessidades | atendeu as necessidades | atendeu as necessidades | atendeu as necessidades | atendeu as necessidades | veio muito rápido, recomendo | recomendo, e produto muito bom",1,410.84875,142.05142857142857,2
786165c8823a3fd635edab35df391d27,2,217.41,108.705,1.5,4.0,2,183,auto,nanuque,MG,Bom.,1,217.41,108.705,2
78688a96aec00274a6fb74f373c75a69,1,381.98,190.99,5.0,2.0,2,367,cool_stuff,itauna,MG,"bom dia....ainda não recebi o carrinho ate a data presente..
estou no aguardo | bom dia....ainda não recebi o carrinho ate a data presente..
estou no aguardo",1,381.98,190.99,2
786df84733884f34d941092d794dcee7,1,304.94,152.47,1.0,1.0,2,531,cool_stuff,rio de janeiro,RJ,"não receci todas as peças compradas, somente metade das peças compradas | não receci todas as peças compradas, somente metade das peças compradas",1,304.94,152.47,2
78b47e917e6732e91b9fd5e23205b830,1,107.1,53.55,4.0,4.0,2,306,baby,sao roque,SP,"Eu sempre comprei com lannister. Com e nunca tive problemas agora recebi o travesseiro mas não recebi a manta quero saber porque, aguardo resposta | Eu sempre comprei com lannister. Com e nunca tive problemas agora recebi o travesseiro mas não recebi a manta quero saber porque, aguardo resposta",1,107.1,53.55,2
78d665ab97fb0bfd754a20a48476c4e7,2,718.9200000000001,239.64,6.0,4.333333333333333,2,419,stationery,nova friburgo,RJ,Muito bom,1,410.84875,239.64,2
78e63ed7c16b6a93bfdcef66ad250a00,2,188.11,94.055,1.0,4.5,2,161,furniture_decor,santos,SP,Muito bom,1,188.11,94.055,2
78fcceb499ec9008fcecbaad21efefc6,2,222.27,111.135,1.0,3.0,2,346,bed_bath_table,catanduva,SP,"Faz pouca coisa .
O produto e bom !
",1,222.27,111.135,2
794307f7c4fd6c8325655fb3f7b89895,2,132.07999999999998,66.03999999999999,6.0,5.0,2,312,furniture_decor,apucarana,PR,Muito bom,1,132.07999999999998,66.03999999999999,2
79444cb5bb16964eea4c5abb2d3aa023,2,247.77,123.885,4.0,5.0,2,158,auto,riachao das neves,BA,"Melhor loja...melhor transportadora...melhor produto | produto top...loja show de bola..a melhor do planeta..
vou comprar agora meu lg k10 pro...
",1,247.77,123.885,2
7959ffbef5378bff095bae2150070250,1,678.96,226.32,4.0,5.0,2,562,toys,mossoro,RN,Muito bom,1,410.84875,226.32,2
795c1622cf7a53d63d324e862349d01c,4,354.23,88.55749999999999,6.25,4.0,4,11,baby,curitiba,PR,Muito bom,1,354.23,88.55749999999999,2
796214f3f3b496b3b116986185984393,2,784.06,261.3533333333333,4.0,4.333333333333333,2,10,health_beauty,rio de janeiro,RJ,boa compra e material! | boa compra e material! | Tudo sempre ótimo!,1,410.84875,261.3533333333333,2
7989d259bdf69447ee8e00970c3f3228,1,463.24,231.62,1.0,1.0,2,473,bed_bath_table,recife,PE,Ainda não recebi o produto :( | Ainda não recebi o produto :(,1,410.84875,231.62,2
7990ff46b2590fc0499a99b2d8b261f5,1,222.52,111.26,6.0,5.0,2,95,fashion_bags_accessories,piracicaba,SP,Muito bom,1,222.52,111.26,2
7993617f039446d209d529ac9cc03f1c,2,132.87,66.435,3.5,5.0,2,46,fashion_bags_accessories,coribe,BA,Ótima loja | Ótima loja entrega é excelente,1,132.87,66.435,2
799f96a722913e43fa42d9b0b49ae861,1,374.79,124.93,3.0,1.0,2,128,small_appliances,guarulhos,SP,"Só recebi os dois refis... não recebi o kit com a capa e película, a qual consta entregue.... o que devo fazer??? | Só recebi os dois refis... não recebi o kit com a capa e película, a qual consta entregue.... o que devo fazer??? | Só recebi os dois refis... não recebi o kit com a capa e película, a qual consta entregue.... o que devo fazer???",1,374.79,124.93,2
79abd55efd139ad036a57558aea211e4,2,177.61,88.805,3.0,5.0,2,237,bed_bath_table,rio de janeiro,RJ,Muito boa! Chegou mt rápido ,1,177.61,88.805,2
79b490efb74e50979f8cf36425245859,1,292.14,146.07,2.0,5.0,2,99,computers_accessories,nova lima,MG,Muito bom,1,292.14,146.07,2
79b9e9b310f3094c2cad708eb17508c2,2,67.8,33.9,1.5,4.5,2,362,health_beauty,indaiatuba,SP,Muito bom,1,67.8,33.9,2
79c3ef46b89f10777f5604a5e1ee22b5,2,266.91,133.45499999999998,3.0,5.0,2,377,furniture_mattress_and_upholstery,rio de janeiro,RJ,"Chegou antes do previsto...Fiquei muito satisfeita, produto muito bem embalado, tudo certo. | Chegou antes do previsto...Fiquei muito satisfeita, produto muito bem embalado, tudo certo.",1,266.91,133.45499999999998,2
79d446c714bcdf090cae56c26039c0c9,1,156.12,78.06,1.0,1.0,2,143,auto,patrocinio,MG,Muito bom,1,156.12,78.06,2
7a176e5d88c7acb6000a055e008c055d,2,834.52,278.17333333333335,10.0,4.0,2,689,industry_commerce_and_business,sao paulo,SP,Recebi o produto na data programada. É fácil de montar e muito prático para pendurar roupas e sapatos. Só que aguenta uma quantidade pequena de roupas.  | Recebi o produto na data programada. É fácil de montar e muito prático para pendurar roupas e sapatos. Só que aguenta uma quantidade pequena de roupas.  | Recebi o produto na data programada. É fácil de montar e muito prático para pendurar roupas e sapatos. Só que aguenta uma quantidade pequena de roupas. ,1,410.84875,278.17333333333335,2
7a1ab9c3fefcbb92851002b232c3b597,1,852.5,426.25,1.0,3.0,2,394,baby,lorena,SP,O kit veio incompleto. Está faltando o lençol de baixo e o lençol de cima. Gostaria que enviassem.  | O kit veio incompleto. Está faltando o lençol de baixo e o lençol de cima. Gostaria que enviassem. ,1,410.84875,345.73,2
7a1de9bde89aedca8c5fbad489c5571c,2,594.45,198.15,2.6666666666666665,2.333333333333333,2,269,housewares,sao paulo,SP,"Prezados que porcaria de atendimento ao cliente não se consegue falar com um atendente, só uma máquina burra e ignorante.
Vocês não me enviaram o kit de vedação da cafeteira e o filtro e se só isso n | Prezados que porcaria de atendimento ao cliente não se consegue falar com um atendente, só uma máquina burra e ignorante.
Vocês não me enviaram o kit de vedação da cafeteira e o filtro e se só isso n",1,410.84875,198.15,2
7a311d62282fa63be12b02aef2fd21d1,3,260.73,86.91000000000001,3.0,3.6666666666666665,2,210,auto,sao paulo,SP,"tudo dez
 | embalagem muito ruim não consigo ler nada muito pequena as instruçoesnão compraria de novo ",1,260.73,86.91000000000001,2
7a350426024a624cef97f797c408db97,2,429.59,143.1966666666667,1.0,3.0,2,117,computers_accessories,itauna,MG,Super Recomendo | Super Recomendo,1,410.84875,143.1966666666667,2
7a380cb5434e6b6b5b37d45bb99dbe8a,2,952.36,238.09,1.0,5.0,2,78,bed_bath_table,sao bernardo do campo,SP,Muito bom,1,410.84875,238.09,2
7a40da3af7a607c7275b9b8f71d730c7,2,338.59000000000003,169.29500000000002,2.5,4.5,2,123,fashion_bags_accessories,sao paulo,SP,Muito bom,1,338.59000000000003,169.29500000000002,2
7a774055fedca2666e77244c5e50368f,2,152.67,50.88999999999999,3.0,4.333333333333333,2,19,housewares,sao paulo,SP,Muito bom,1,152.67,50.88999999999999,2
7aab2467f56023de6dfb7f80edcf746c,1,478.0,239.0,2.0,3.0,2,398,bed_bath_table,sao miguel do oeste,SC,Muito bom,1,410.84875,239.0,2
7ac70e85ee5c115fca1147ee0f59616e,2,367.59,183.795,4.5,3.0,2,40,auto,ponta grossa,PR,"Acontece que, na mesma semana, comprei outro relógio da mesma marca em outro site, e este enviou-me dentro de uma caixa da Orient mesmo, o que não aconteceu com o relógio comprado pela site lannister",1,367.59,183.795,2
7afc250f9d980ea3ee0ce3b0245f1b04,2,136.57,68.285,4.5,3.0,2,276,computers_accessories,arraial do cabo,RJ,O calçado demorou para chegar e já havia sido usado. O solado estava como se já tivessem usado.  | O produto é muito bom.,1,136.57,68.285,2
7b05e0471103ce0ef346e87c357273fe,2,150.06,75.03,1.0,2.0,2,33,computers_accessories,rio de janeiro,RJ,"Ainda não utilizei o produto. Mas recebi o produto conforme meu pedido e antes do prazo.  | Comprei a mochila em janeiro, acompanhei status de transporte até 31/01/2018, com previsão de entrega para 14/02/2018 e simplesmente ontem no site o status era de cancelamento do pedido.",1,150.06,75.03,2
7b0c9f0a6a8fa1274c38050fc3f57c8d,1,664.66,332.33,5.0,5.0,2,342,computers_accessories,mandaguari,PR,Muito bom,1,410.84875,332.33,2
7b42fe72625f3fcd1d907014be5d8cb0,1,378.0,189.0,1.0,1.0,2,27,auto,sao paulo,SP,"So foi 2 intem luva e toca. Falta colete tático e não tem código pra acompanha o intem, so informa que produto foi entregue. | So foi 2 intem luva e toca. Falta colete tático e não tem código pra acompanha o intem, so informa que produto foi entregue.",1,378.0,189.0,2
7b80d4f273b022b3fbb3e7c0ce75c763,1,262.16,131.08,1.0,1.0,2,177,computers_accessories,juiz de fora,MG,"Comprei dois produtos, sendo que um deles não chegou. Um cabo adaptador de áudio. | Comprei dois produtos, sendo que um deles não chegou. Um cabo adaptador de áudio.",1,262.16,131.08,2
7bf5c9596fc39d41078cb46a86b23831,2,290.01,145.005,6.0,5.0,2,238,health_beauty,rio de janeiro,RJ,Muito bom,1,290.01,145.005,2
7c1dd650c0d3f4dec50a11cfd535412a,1,314.42,157.21,1.0,5.0,2,66,construction_tools_construction,sao paulo,SP,Muito bom,1,314.42,157.21,2
7c396fd4830fd04220f754e42b4e5bff,2,82.82,20.705,1.0,4.25,2,331,housewares,sao paulo,SP,"Não testei o produto ainda, mas ele veio correto e em boas condições. Apenas a caixa que veio bem amassada e danificada, o que ficará chato, pois se trata de um presente. | Não testei o produto ainda, mas ele veio correto e em boas condições. Apenas a caixa que veio bem amassada e danificada, o que ficará chato, pois se trata de um presente. | Não testei o produto ainda, mas ele veio correto e em boas condições. Apenas a caixa que veio bem amassada e danificada, o que ficará chato, pois se trata de um presente. | O produto está ok e foi entregue bem antes do prazo. Recomendo, até mesmo porque o preço estava ótimo!",1,82.82,20.705,2
7c438259d88d8eefb977be5432d761c1,2,342.32,171.16,4.5,4.5,2,59,bed_bath_table,divinopolis,MG,"TUDO OK, COMO SEMPRE.",1,342.32,171.16,2
7c588c097689b0b77fd73d171332b0ba,2,150.75,75.375,3.5,4.0,2,8,bed_bath_table,sao paulo,SP,"Muito boa a cortina, superou minhas expectativas. Deixou o quarto bem escuro.  | Muito bom.
",1,150.75,75.375,2
7c763d069eb3926fc65593030d5c99a3,2,212.91,70.97,4.333333333333333,2.6666666666666665,2,292,bed_bath_table,belo horizonte,MG,"Recebi o copo, não recebi o kit pia | Recebi o copo, não recebi o kit pia | Tapete é fino, mas bonito",1,212.91,70.97,2
7ca5260cc576f40a29e0a40dd4d3fa0a,1,130.44,65.22,6.0,5.0,2,513,health_beauty,sao paulo,SP,Muito bom,1,130.44,65.22,2
7cb9a6b438fe0a5f228bfd32ff9e1a11,2,189.73,94.865,1.5,2.0,2,170,health_beauty,belo horizonte,MG,"Eu passei MT raiva com esse ""relógio"" e o aplicativo que as vzs funcionava e as vzs n ",1,189.73,94.865,2
7cbf84875196ee1d04dc880ebbfaa7ef,2,593.24,197.74666666666667,1.0,3.6666666666666665,2,112,furniture_decor,sao jose dos campos,SP,"Não posso avaliar por enquanto, o produto foi postado e ocorreu uma greve no Pais. Obrigado. | Tudo ok. | Tudo ok.",1,410.84875,197.74666666666667,2
7cbfdb67d344d745e097fbb2a570c9e6,1,1016.49,338.83,2.0,4.0,2,531,bed_bath_table,brasilia,DF,"Gostei muito das toalhas, são bonitas e macias. | Gostei muito das toalhas, são bonitas e macias. | Gostei muito das toalhas, são bonitas e macias.",1,410.84875,338.83,2
7cc23ec3506e4e1e67d0702da04a734c,2,248.91,124.455,2.5,4.0,2,419,furniture_decor,italva,RJ,Muito bom,1,248.91,124.455,2
7cf08f01ab6a6a1365e1613989a65158,2,193.88,96.94,5.0,5.0,2,112,bed_bath_table,arroio dos ratos,RS,"Perfeito o produto  | Produto foi entrege antes do prazo, tudo em ótimo estado. Fui bem atendido quando precisei tirar dúvidas.",1,193.88,96.94,2
7d0b1773dc928e29e86a230ca9557d08,2,382.02,191.01,1.0,5.0,2,127,health_beauty,osasco,SP,Muito bom.,1,382.02,191.01,2
7d15b5b3609f450652ddc385d624a2cc,1,223.84,111.92,5.0,3.0,2,345,toys,sao paulo,SP,Mas o estojo do relógio está a amassado | Mas o estojo do relógio está a amassado,1,223.84,111.92,2
7d19f93ed7e2ea8211975b68525b0598,2,374.8,187.4,2.0,5.0,2,276,sports_leisure,brasilia,DF,Ainda não enchemos a boia mas a princípio veio tudo certo e no prazo de entrega!!  | Ainda não enchemos a boia mas a princípio veio tudo certo e no prazo de entrega!! ,1,374.8,187.4,2
7d35f5764e668c9deade51c2fd31758a,2,166.34,83.17,4.0,5.0,2,205,furniture_decor,santa luzia,MG,Muito bom,1,166.34,83.17,2
7d3d94b4740895a17760e976797f9f0e,3,211.82,70.60666666666667,1.0,5.0,2,128,home_appliances,planaltina de goias,GO,Muito bom,1,211.82,70.60666666666667,2
7d7d53c398d0e34f3b6a53b4c8273207,1,107.2,53.6,1.0,4.0,2,102,garden_tools,suzano,SP,Muito bom,1,107.2,53.6,2
7da3054afe371affc14d26cc2cc04358,2,85.0,42.5,1.0,3.5,2,123,books_imported,sao paulo,SP,não enviaram a nota fiscal. | Recebi o produto correto e no prazo. Recomendo. ,1,85.0,42.5,2
7da5aafc3bb98bb5da6af4b2bb4b55e4,1,282.94,141.47,2.0,1.0,2,12,housewares,belford roxo,RJ,Fiz a compra de dois prudutos juntos e recebi somente um código. Automaticamente achei q viaria os dois mas só chegou um | Fiz a compra de dois prudutos juntos e recebi somente um código. Automaticamente achei q viaria os dois mas só chegou um,1,282.94,141.47,2
7de1536dfbeaacfb971b48c2c93c16cc,1,412.02,206.01,1.0,5.0,2,170,bed_bath_table,sao paulo,SP,Muito bom,1,410.84875,206.01,2
7e050832e2248c400621f6b22315d4bb,2,90.19,45.095,1.0,5.0,2,261,fashion_bags_accessories,itauna,MG,Entrega rápida,1,90.19,45.095,2
7e094f060802ff5e25bef767446968d3,2,129.15,43.05,1.6666666666666667,1.0,2,86,housewares,sorocaba,SP,Muito bom,1,129.15,43.05,2
7e1681f9bb31800364869a2cdbe289db,3,1542.35,220.33571428571432,1.0,1.0,2,197,furniture_decor,rio de janeiro,RJ,"Acho um absurdo comprar um produto que diz estar disponível e não recebê-lo !!! Verifiquem por favor, pois não é a primeira vez que acontece. Exijo uma resposta convincente!!! Aguardo contato urgente! | Ja tive problema com uma maquina Nespresso que comprei e depois me disseram que o parceiro de vcs nao tinha. Agora com o conjunto de lencol no qual nao recebi. E ainda tem muitos produtos que comprei  | Ja tive problema com uma maquina Nespresso que comprei e depois me disseram que o parceiro de vcs nao tinha. Agora com o conjunto de lencol no qual nao recebi. E ainda tem muitos produtos que comprei ",1,410.84875,220.33571428571432,2
7e53420f2126366b3489c18314f82803,1,252.0,126.0,4.0,3.0,2,475,bed_bath_table,uberlandia,MG,"RECEBI APENAS O VARAO, NÃOI RECEBI A CORTINA. POR FAVOR ME DIZEM QUANDO RECEBEREI A CORTINA. AGUARDO. | RECEBI APENAS O VARAO, NÃOI RECEBI A CORTINA. POR FAVOR ME DIZEM QUANDO RECEBEREI A CORTINA. AGUARDO.",1,252.0,126.0,2
7e5ea35b3b148a29f6ea845f1096757c,1,320.14,160.07,1.0,5.0,2,14,cool_stuff,sao bernardo do campo,SP,Muito bom,1,320.14,160.07,2
7e69734dad7cfcbe95aa59f38095057d,1,408.12,204.06,2.0,5.0,2,426,bed_bath_table,osasco,SP,atendimento ótimo em todos os sentido | atendimento ótimo em todos os sentido,1,408.12,204.06,2
7e7301841ddb4064c2f3a31e4c154932,2,281.48,140.74,1.0,4.0,2,45,furniture_decor,sao goncalo,RJ,O produto chegou no prazo e com a qualidade desejada.,1,281.48,140.74,2
7e75aeef30d7e9d4ac860fcc8eaa8812,2,86.63,43.315,4.0,5.0,2,392,auto,cubatao,SP,Pedido entregue sem restrições. | Pedido entregue sem restrições e sem atraso.,1,86.63,43.315,2
7e82fd8a6c26147a8797d761fa68c497,2,287.09000000000003,95.69666666666669,7.0,4.0,2,277,furniture_decor,capao bonito,SP,Muito bom,1,287.09000000000003,95.69666666666669,2
7e91ec540af718ab375b1d13271e9543,2,321.52,160.76,8.0,5.0,2,474,computers_accessories,castelandia,GO,Muito bom,1,321.52,160.76,2
7ee9e6c80bf1b7ec4a52639eab6c128c,2,373.67,186.835,1.5,3.0,2,486,sports_leisure,campinas,SP,"Atendimento ótimo.Preços ótimos. | Eu estou puto dá vida, pois comprei uma creatina universal na promoção 200g+200g grátis no valor de R$69,90. Daí eu aumentei a compra para 2 itens, ou seja, chegaria 4 unidades. Daí chegou só 2.",1,373.67,186.835,2
7eeb6421712844795dd8ff9ec6a58b18,2,589.02,98.17,4.0,5.0,2,75,fashion_underwear_beach,ribeirao das neves,MG,"Gostei otimo produto
 | Gostei otimo produto
 | Gostei otimo produto
 | Gostei otimo produto
 | Gostei otimo produto
 | Gostei otimo produto
",1,410.84875,98.17,2
7f4f709af2fd8fea44aacd30bca46264,1,727.02,121.17,2.5,4.0,2,284,baby,ribeirao preto,SP,Muito bom,1,410.84875,121.17,2
7f50c43baa66aae590aa1a067427cce5,3,171.04,57.01333333333333,1.0,5.0,2,126,sports_leisure,belo horizonte,MG,EXTREMAMENTE SATISFEITA COM O SERVIÇO PRESTADO. | muito satisfeita com o serviço prestado | ATENDIMENTO EXCELENTE,1,171.04,57.01333333333333,2
7fb211f99a01b4971fd1e07e3a256458,2,496.55,248.275,1.0,3.0,2,36,health_beauty,belem,PA,Eu não recebi o produto.,1,410.84875,248.275,2
8004f80e361a5ee23aadb7418a685fc2,2,890.82,222.705,7.5,2.0,3,261,perfumery,sao jose dos campos,SP,"Fiz um pedido de 4 itens, ele foi separado em 2 entregas. Só recebi 3 itens!!!  | Fiz um pedido de 4 itens, ele foi separado em 2 entregas. Só recebi 3 itens!!!  | Fiz um pedido de 4 itens, ele foi separado em 2 entregas. Só recebi 3 itens!!!  | Fiz um pedido de 4 itens, ele foi separado em 2 entregas. Só recebi 3 itens!!! ",1,410.84875,222.705,2
801512ead4c9cbc98ecd208f45c975ec,2,678.35,339.175,4.5,5.0,2,13,computers_accessories,niteroi,RJ,Muito bom,1,410.84875,339.175,2
801b53359d2880a9bff63574103fb74c,2,511.78,127.945,1.0,4.5,2,113,health_beauty,sao paulo,SP,"Adorei a almofada, só precisam tomar mais cuidado ao embalar a mercadoria, pois socaram numa caixa menor, tanto que o fucinho do unicórnio veio murcho e o chifre viciado em ficar dobrado. :(",1,410.84875,127.945,2
80261e3b34f41fda13fbb4ffdf2222e7,1,958.44,479.22,2.0,1.0,2,46,health_beauty,rio de janeiro,RJ,Comprei dois produtos na loja só veio um. É no site está dizendo que foi entregue os dois. Fiz a reclamação a 4 dias e ainda não tive resposta.  | Comprei dois produtos na loja só veio um. É no site está dizendo que foi entregue os dois. Fiz a reclamação a 4 dias e ainda não tive resposta. ,1,410.84875,345.73,2
80282a1a77281692a0339c2a08d0e6af,2,218.8,72.93333333333334,1.0,1.0,2,34,food,porto alegre,RS,Faltou um dos itens | Faltou um dos itens,1,218.8,72.93333333333334,2
803b4fc75d3fe8c5dbed83f50b3fbd8c,2,267.68,133.84,3.5,4.5,2,11,audio,rio de janeiro,RJ,Muito bom,1,267.68,133.84,2
803c530613f5c4ee03502be0d6894de0,2,496.16,70.88,1.0,2.2857142857142856,2,152,home_construction,sao jose dos campos,SP,"Eu comprei esse pendente e antes deles emitorem a NF e postarem eu cancelei pois achei outro que me agradava melhor, e mesmo assim recebi o produto. Acredito que devia ter um controle melhor. | Eu comprei esse pendente e antes deles emitorem a NF e postarem eu cancelei pois achei outro que me agradava melhor, e mesmo assim recebi o produto. Acredito que devia ter um controle melhor. | Eu comprei esse pendente e antes deles emitorem a NF e postarem eu cancelei pois achei outro que me agradava melhor, e mesmo assim recebi o produto. Acredito que devia ter um controle melhor. | Eu comprei esse pendente e antes deles emitorem a NF e postarem eu cancelei pois achei outro que me agradava melhor, e mesmo assim recebi o produto. Acredito que devia ter um controle melhor. | Adorei o produto. Otima qualidade. | Adorei o produto. Otima qualidade. | Adorei o produto. Otima qualidade.",1,410.84875,70.88,2
805e5a317f4b3e1afccb9dfd71287a36,2,196.12,98.06,3.5,3.0,2,82,health_beauty,niteroi,RJ,otima loja! recomendo | Produto está até hoje na unidade do correio em Cajamar e não chegou em minha casa. Estraviou?,1,196.12,98.06,2
80e00a7b9ead7590bf05116f0237c896,2,288.62,144.31,7.5,2.5,2,207,furniture_decor,santos,SP,Muito bom,1,288.62,144.31,2
8149101234b839e311a6f8c525206632,2,147.36,73.68,4.5,1.5,2,77,computers_accessories,belem,PA,Péssimo. | frete muito alto.,1,147.36,73.68,2
815a99cb9852a1011da9bb7f2070b93e,2,212.25,106.125,7.5,5.0,2,95,furniture_decor,rio de janeiro,RJ,Nada a reclamar do produto adquirido. | Uma lanterna bem diferente para uso geral.,1,212.25,106.125,2
816092f5825c3e2cdfdd4af546d4d04c,2,366.52,91.63,3.5,4.5,2,62,electronics,maringa,PR,Muito bom,1,366.52,91.63,2
8171af51c2a8d4d1e98dab0f260c57d9,1,180.7,90.35,1.0,2.0,2,66,electronics,nova iguacu,RJ,Muito bom,1,180.7,90.35,2
8190d0cbc8a4e51b3d707505a79a9f6e,1,5093.06,727.58,6.0,5.0,2,277,bed_bath_table,itajobi,SP,Muito bom,1,410.84875,345.73,2
8194a6cea93c5c653e7956f0b962b5f7,2,524.77,262.385,1.0,4.5,2,185,bed_bath_table,sao paulo,SP,Muito bom,1,410.84875,262.385,2
819c65629034acc8a0e1c096c2c6715d,2,642.09,214.03,7.666666666666667,5.0,2,29,bed_bath_table,mage,RJ,"Gostei muito! Linda! 
Ainda não usei... não posso avaliar se mantem gelado legal.  | Linda!  | Linda! ",1,410.84875,214.03,2
821e4e781313d2eb18711efe7a50d66a,2,455.42,151.80666666666664,3.0,3.333333333333333,2,335,furniture_decor,araruama,RJ,"Cortina lindaaa !!! Tudo ok e no prazo certinho !!! | Só recebi a cortina, as prateleiras ainda não. | Só recebi a cortina, as prateleiras ainda não.",1,410.84875,151.80666666666664,2
82532fe90a30190fdc4622143d41dc15,2,278.06,139.03,1.0,5.0,2,73,bed_bath_table,piraju,SP,"Lindo o Lençol! | Amei o relógio, lannister como sempre nota 10!!!!",1,278.06,139.03,2
827f51bdaa8e37bf31ff413e0a7699a4,2,228.3,114.15,6.0,4.0,2,542,fashion_shoes,vacaria,RS,"pena que tem que comprar só uma unidade, somando-se ao frete fica caro.",1,228.3,114.15,2
82809cee3c35eb89b4dd4d2d1a22eedf,2,87.72,43.86,1.0,3.0,2,220,health_beauty,campinas,SP,"O produto chegou sem a embalagem do fabricante, apenas embrulhado em plástico bolha e sem a nota fiscal.",1,87.72,43.86,2
82b7ba90f0f9db6117ef25071323d270,1,436.96,218.48,4.0,1.0,2,92,garden_tools,salvador,BA,Muito bom,1,410.84875,218.48,2
82ddb85c2420994d709ee21503e44eb8,1,2456.84,614.21,1.0,3.0,3,130,bed_bath_table,braganca paulista,SP,"Fiz a compra dos três itens, porém a cadeira até hoje não foi entregue, estou no aguardo de uma posição urgente!
 | Fiz a compra dos três itens, porém a cadeira até hoje não foi entregue, estou no aguardo de uma posição urgente!
 | Fiz a compra dos três itens, porém a cadeira até hoje não foi entregue, estou no aguardo de uma posição urgente!
 | Fiz a compra dos três itens, porém a cadeira até hoje não foi entregue, estou no aguardo de uma posição urgente!
",1,410.84875,345.73,2
8322ac348d132588470c5e8cc56b2bb8,2,367.79,183.895,11.5,5.0,2,160,furniture_decor,assis,SP,Produto atendeu a todas expectativas,1,367.79,183.895,2
8329519e31cb1b89bd44c3c6ae417ad6,2,134.16,67.08,2.5,5.0,2,505,fashion_bags_accessories,campos do jordao,SP,"Entrega antes do prazo, adorei meu produto,perfeito.. | Chega sempre antes do prazo.. amooo",1,134.16,67.08,2
83855aa953d1bda3d37b62407695a433,1,375.66,187.83,1.0,1.0,2,17,garden_tools,sacramento,MG,Pedido com dois produtos... entregue apenas 1 | Pedido com dois produtos... entregue apenas 1,1,375.66,187.83,2
83915016a26b0ca42e3caf1070664d1f,2,68.81,34.405,1.5,5.0,2,20,fashion_bags_accessories,pindamonhangaba,SP,"Ótimo produto, tamanho bom, maior do que imaginei. Compraria de novo. | AMEI O GORRO, É LINDO E COM ÓTIMO PREÇO. RECOMENDO SEM DÚVIDA!",1,68.81,34.405,2
83935d750c83951d7d0211a3c60e78fd,2,252.44,126.22,2.5,5.0,2,409,baby,rio de janeiro,RJ,"Amei , muito lindo, grande, prático pra fechar.. Não tenho o que reclamar. Se encaixou perfeitamente no que eu esperava. 
A entrega foi rápida, 2 semanas antes do prazo. 
Super satisfeita. Recomen | Amei a bolsa. Recebi no prazo combinado",1,252.44,126.22,2
839c363922615cf40c8fe20a1fe505b6,1,432.04,216.02,2.0,1.0,2,34,bed_bath_table,sao paulo,SP,O produto não é nada bom fiquei muito insatisfeita.  | O produto não é nada bom fiquei muito insatisfeita. ,1,410.84875,216.02,2
83be9597caaf2ff1ad90bace79385397,1,216.68,108.34,4.0,3.0,2,76,bed_bath_table,sao paulo,SP,Nao chegou o cobertor | Nao chegou o cobertor,1,216.68,108.34,2
83e7958a94bd7f74a9414d8782f87628,4,73.48,18.37,1.0,5.0,3,601,furniture_bedroom,curitiba,PR,"Adorei o produto, condiz com as imagens, a entrega foi no tempo recorde. | Uahlll! Recebi minha compra 30 dias antes do prazo definido! Adorei comprar da targaryen!  | Recebi muito bem embalado, o produto é mais bonito do que parecia na foto e o prazo foi 30 dias menor do que o estimado no ato da compra! ADOREI!",1,73.48,18.37,2
84159fbcec32813b7cef06f3cac9cf34,1,522.18,261.09,4.0,1.0,2,83,furniture_decor,porto alegre,RS,Ainda não recebi o produto!!! | Ainda não recebi o produto!!!,1,410.84875,261.09,2
846e4612bebdefeb3a65aa63fee59e3a,2,965.88,193.176,10.0,3.8,2,391,furniture_decor,maringa,PR,m | lindo | m | lindo | m,1,410.84875,193.176,2
84720447172b234e7504da52ee639435,2,273.16,136.57999999999998,1.0,4.5,2,223,computers_accessories,curitiba,PR,Qualidade das bolsas muito boa. Fabricação nacional.,1,273.16,136.57999999999998,2
84ad62f33ddb6b13553a850fd3dc2b08,2,212.48,70.82666666666667,1.0,3.6666666666666665,2,283,garden_tools,montenegro,RS,Muito bom,1,212.48,70.82666666666667,2
84af029e54a6f659f7ace6f7cf0daa68,2,177.64,44.41,2.5,5.0,2,400,health_beauty,indaiatuba,SP,Muito bom,1,177.64,44.41,2
84f30d2fd3937449dc7e0c835c281961,2,227.22,113.61,1.0,5.0,2,41,books_general_interest,brasilia,DF,Recomendo a loja. | Recomendo a loja.,1,227.22,113.61,2
84fa4ef93ec67a77a0329933dbf190cf,2,166.32999999999998,83.16499999999999,1.5,4.0,2,98,computers_accessories,juquitiba,SP,Muito bom,1,166.32999999999998,83.16499999999999,2
8518c7888966eddd34b73abcc5165b07,1,280.12,140.06,1.0,3.0,2,409,furniture_decor,sao bernardo do campo,SP,"Foi entregue apenas as almofadas , a miniatura de fusca eu não recebi . E não conssigo falar com
Ninguen no stark  | Foi entregue apenas as almofadas , a miniatura de fusca eu não recebi . E não conssigo falar com
Ninguen no stark ",1,280.12,140.06,2
851eefea71a07755f017e75fae31f2fd,2,79.45,39.725,1.0,3.5,2,295,health_beauty,jacarei,SP,Produto anunciado não condiz com o aparelho,1,79.45,39.725,2
8555a17ba20435f173a230c3ced133fd,2,127.34,63.67,2.0,5.0,2,271,furniture_decor,sao paulo,SP,Muito bom,1,127.34,63.67,2
857104e1bfb81cb14e88ff07d1b22c70,2,360.21000000000004,180.10500000000002,4.0,5.0,2,270,sports_leisure,nova iguacu,RJ,Muito bom,1,360.21000000000004,180.10500000000002,2
8597b390850fe72e108d53f42ca64846,2,431.97,215.985,1.0,4.0,2,432,housewares,queimados,RJ,Produto entregue sem avarias. | Produto entregue sem problemas.,1,410.84875,215.985,2
859f40a26e8b81608c6d035211098e9b,1,907.76,453.88,1.0,1.0,2,79,furniture_bedroom,sao paulo,SP,"Somente as prateleiras foram entregues 
A mesa e a cadeira não  | Somente as prateleiras foram entregues 
A mesa e a cadeira não ",1,410.84875,345.73,2
85c9cc82766d61484d4014b8f1d62dd9,1,492.48,246.24,1.0,5.0,2,81,baby,sao paulo,SP,Muito bom,1,410.84875,246.24,2
85d5b68b9a95c88eec23d3a96287d9c8,2,171.38,57.126666666666665,1.0,5.0,2,221,baby,itaperuna,RJ,Muito bom,1,171.38,57.126666666666665,2
85ed7212fe192ab02ab44c95ba87868e,2,174.43,87.215,5.5,3.5,2,271,audio,fazenda rio grande,PR,Produto correto e entrega no prazo.  | Entrega o produto correto é no prazo. ,1,174.43,87.215,2
85f759383b36fc0ce9844aecac8b8117,1,878.2199999999998,146.36999999999998,1.0,1.0,2,561,furniture_decor,duque de caxias,RJ,"Comprei 03 jogos, só foi enviado 01 | Comprei 03 jogos, só foi enviado 01 | Comprei 03 jogos, só foi enviado 01 | Comprei 03 jogos, só foi enviado 01 | Comprei 03 jogos, só foi enviado 01 | Comprei 03 jogos, só foi enviado 01",1,410.84875,146.36999999999998,2
860f75391be5698f015d3b234e7576d6,2,246.21,123.105,1.0,5.0,2,71,housewares,sao paulo,SP,"Material de boa qualidade e resistente, e o pedido chegou muito antes do previsível",1,246.21,123.105,2
8612673f1121d1da48f141ee9dceb20b,1,258.22,129.11,3.0,2.0,2,570,health_beauty,sao paulo,SP,dos produtos acima citados so recebi o champoo a touca termica ate hoje estou aguardando... | dos produtos acima citados so recebi o champoo a touca termica ate hoje estou aguardando...,1,258.22,129.11,2
862b2c6ccf4352c087cd60cdac498b48,2,153.19,76.595,3.0,5.0,2,27,fashion_bags_accessories,paragominas,PA,Bom | Muito bom ,1,153.19,76.595,2
8635f91d481482da68f901e2f6de5c9a,1,690.38,345.19,3.0,1.0,2,286,garden_tools,sao jose,SC,"Realizei o pedido e pagamento de um pendente meia lua amarelo e do kit de 4 arandelas.
No entanto o pendente não veio, e preciso urgente, alias comprei justamente pelo prazo de entrega. | Realizei o pedido e pagamento de um pendente meia lua amarelo e do kit de 4 arandelas.
No entanto o pendente não veio, e preciso urgente, alias comprei justamente pelo prazo de entrega.",1,410.84875,345.19,2
869be6f00b4c49e72f9a1e2033baa9f0,2,173.51999999999998,86.75999999999999,1.0,5.0,2,462,musical_instruments,vila valerio,ES,Ótimo produto. Madeira maciça. Se acertar na cabeça mata... kkkkk,1,173.51999999999998,86.75999999999999,2
86a78c9e5114f4ed30887d4fd8153d9e,2,446.46,111.615,8.5,4.5,2,462,cool_stuff,macae,RJ,Faltou os acessórios. | Não tem | Não tem | Faltou os acessórios.,1,410.84875,111.615,2
86b3fe2ecd895fa35d303e2a49b3130b,2,1669.3300000000002,333.86600000000004,2.6,3.4,2,80,bed_bath_table,macae,RJ,"Recebi por enquanto apenas um jogo de lencol 
Jogo de Lençol Casal King Imperial 04 Peças Percal 180 Fios Ponto Palito - Caqui | Recebi por enquanto apenas um jogo de lencol 
Jogo de Lençol Casal King Imperial 04 Peças Percal 180 Fios Ponto Palito - Caqui | Recebi por enquanto apenas um jogo de lencol 
Jogo de Lençol Casal King Imperial 04 Peças Percal 180 Fios Ponto Palito - Caqui | Recebi por enquanto apenas um jogo de lencol 
Jogo de Lençol Casal King Imperial 04 Peças Percal 180 Fios Ponto Palito - Caqui",1,410.84875,333.86600000000004,2
86bfc49565a9ca52fcbf861fcc1e67a4,2,1067.4499999999998,152.4928571428571,2.857142857142857,1.5714285714285714,2,77,garden_tools,niteroi,RJ,"Foi entregue somente 01 unidade das 06 compradas, como proceder? | Foi entregue somente 01 unidade das 06 compradas, como proceder? | Foi entregue somente 01 unidade das 06 compradas, como proceder? | Foi entregue somente 01 unidade das 06 compradas, como proceder? | Foi entregue somente 01 unidade das 06 compradas, como proceder? | Foi entregue somente 01 unidade das 06 compradas, como proceder?",1,410.84875,152.4928571428571,2
86f058f4efe767ec8d9f641e77bdd3f1,1,574.08,191.36,5.0,3.0,2,215,sports_leisure,paraty,RJ,Só recebi as sacolas | Só recebi as sacolas | Só recebi as sacolas,1,410.84875,191.36,2
8746f1ba2e19bcf8bc03a946a0923d78,2,678.78,226.26,7.0,5.0,2,269,office_furniture,almirante tamandare,PR,Muito bom,1,410.84875,226.26,2
87603dde65ee7120467ddda1a883bb24,2,118.86,59.43,2.0,5.0,2,339,health_beauty,goiania,GO,Muito bom,1,118.86,59.43,2
876c5f7ffcad19a82c0da218ecf56ba3,2,314.87,157.435,1.5,5.0,2,102,construction_tools_lights,varzea grande,MT,Lindos pendentes,1,314.87,157.435,2
878d1683076172a5b7ffc7126ba99acd,2,157.18,52.39333333333334,2.0,5.0,2,84,bed_bath_table,vicosa,MG,Muito bom,1,157.18,52.39333333333334,2
87914dda99d76004bfd05778028fa7e8,2,571.54,285.77,1.0,4.5,2,224,costruction_tools_garden,sao carlos,SP,"Só o manual veio apagado
Não sabia como instalar!!",1,410.84875,285.77,2
87a7c3090f96d9da963125a0d7f8193a,2,250.46,125.23,5.5,4.0,2,442,furniture_decor,osasco,SP,"Puf veio com os parafusos soltos , da tampa do bau.",1,250.46,125.23,2
87ae4c644c15d9c6b6f826dfec33b340,2,180.03,90.015,3.0,5.0,2,288,bed_bath_table,volta redonda,RJ,Muito bom  | Muito bom recomendo,1,180.03,90.015,2
87b3f231705783eb2217e25851c0a45d,2,523.12,261.56,8.0,3.5,2,117,furniture_decor,juiz de fora,MG,"Já sou cliente do stark há vários anos e, por esta razão, tenho o cartão stark e sou atendida com presteza e correção, inclusive no cuidado com a embalagem. Super recomendo. | Ainda não chegou , vou esperar até o dia 26, prazo que me foi dado. Duas estrelas, só por enquanto.",1,410.84875,261.56,2
87c907fa30dd1bd3709c84b912b50c7f,2,329.94,164.97,1.0,4.5,2,219,auto,belo horizonte,MG,Muito bom,1,329.94,164.97,2
88055311adcee315a7c05930e3849363,2,135.35,67.675,1.0,4.0,2,103,furniture_decor,pindamonhangaba,SP," a loja é otima | Beleza ,não tenho o que reclamar da loja,tudo que comprei até agora deu certo.Recomendo para qualquer pessoa que queira comprar.",1,135.35,67.675,2
88083cd11e9ebe3f90c955770cf2bf76,1,408.12,204.06,5.0,3.0,2,427,furniture_decor,cacapava do sul,RS,"Não recebi o conjunto de mantimentos. 
Foram preparados para envio? | Não recebi o conjunto de mantimentos. 
Foram preparados para envio?",1,408.12,204.06,2
88681f489d04722ee4e7a638caefc10d,1,834.74,417.37,8.0,2.0,2,134,electronics,mesquita,RJ,Veio somente um relógio. | Veio somente um relógio.,1,410.84875,345.73,2
8870c2abd48d72e99d1664229a1f5e41,1,278.28,139.14,1.0,1.0,2,541,audio,araruama,RJ,Não recebi o produto Relógio Feminino de Pulso Hello Kitty Infantil Adulto Rosa Bebê que veio faturado na NOVA junto com o Mp3 também da Hello Kitty.  | Não recebi o produto Relógio Feminino de Pulso Hello Kitty Infantil Adulto Rosa Bebê que veio faturado na NOVA junto com o Mp3 também da Hello Kitty. ,1,278.28,139.14,2
88a8f123107a063acbdd1c90f3d8adea,2,198.95,99.475,6.5,4.0,2,279,fashion_bags_accessories,alvorada,TO,Muito bom,1,198.95,99.475,2
88bc2f177d920aa13a40e92c630cc439,1,175.66,87.83,1.0,2.0,2,29,electronics,sao paulo,SP,"Um dos produtos que foi solicitado nao foi entregue!
A solicitação feita foi: oculos e o controle, apenas entregaram o controle!
Aguardo resposta | Um dos produtos que foi solicitado nao foi entregue!
A solicitação feita foi: oculos e o controle, apenas entregaram o controle!
Aguardo resposta",1,175.66,87.83,2
88ecb91d6d5e47ebdc2129cd046b0935,2,1066.24,133.28,5.5,3.0,3,466,furniture_decor,belo horizonte,MG,"recomendo | Não recebi o pedido completo ,veio faltando 1 jogo de toalhas.Comprei 2 jogos Nota Fiscal 001689. Aguardo solução urgente.Faltou jogo vermelho.Fornecedor Ibitinga Decora.Aguardo solução urgente  | recomendo | Não recebi o pedido completo ,veio faltando 1 jogo de toalhas.Comprei 2 jogos Nota Fiscal 001689. Aguardo solução urgente.Faltou jogo vermelho.Fornecedor Ibitinga Decora.Aguardo solução urgente  | recomendo | Não recebi o pedido completo ,veio faltando 1 jogo de toalhas.Comprei 2 jogos Nota Fiscal 001689. Aguardo solução urgente.Faltou jogo vermelho.Fornecedor Ibitinga Decora.Aguardo solução urgente  | recomendo | Não recebi o pedido completo ,veio faltando 1 jogo de toalhas.Comprei 2 jogos Nota Fiscal 001689. Aguardo solução urgente.Faltou jogo vermelho.Fornecedor Ibitinga Decora.Aguardo solução urgente ",1,410.84875,133.28,2
88f21f18f1c3152b023a22a0f42bdab3,2,104.64,52.31999999999999,1.0,4.5,2,196,bed_bath_table,santana de parnaiba,SP,Adorei a qualidade do produto e o detalhe na lateral. Muito linda!!!,1,104.64,52.31999999999999,2
8901b2526349d372dd0bdf8d77af656d,2,1735.8,433.95,1.0,5.0,2,236,cool_stuff,dourados,MS,Muito bom,1,410.84875,345.73,2
8961b4ca2c5aceb7a78ea72c6e0c840a,3,1611.3,322.26,2.2,4.2,2,66,bed_bath_table,osasco,SP,Muito bom,1,410.84875,322.26,2
8a02975938d279e8478b5f793b0290b7,2,705.72,141.144,1.0,3.8,3,165,furniture_decor,contagem,MG,Muito bom,1,410.84875,141.144,2
8a1e8b556fd5feb59a63729b5341e71a,2,1036.0700000000002,518.0350000000001,1.0,5.0,2,36,fashion_shoes,lagoa grande,PE,bom | bom,1,410.84875,345.73,2
8ac0c45f8e89a3d25738b3700ee9e132,2,167.29,83.645,3.5,4.5,2,399,luggage_accessories,paraiba do sul,RJ,"Só achei o material fraco | Foi entrega rápido, e produto de ótima qualidade valeu a pena compra . amei",1,167.29,83.645,2
8ad1d2ae8100995068fbc122a2232c8f,1,379.18,189.59,1.0,5.0,2,77,bed_bath_table,americana,SP,Muito bom,1,379.18,189.59,2
8ae601304ff0d1de9280c32bd2e26e3b,2,154.66,77.33,4.0,5.0,2,277,cool_stuff,campinas,SP,Muito bom,1,154.66,77.33,2
8b160faff469868625c7c82cbd310636,2,1460.19,486.73,1.0,1.0,2,412,bed_bath_table,cotia,SP,Estou com sério problema fiz uma super compra pra vim faltando o meu produto ... e além do mais pagar um frete absurdo para ser entregue pra vim ainda com constrangimento ... quero que resolva logo | Estou com sério problema fiz uma super compra pra vim faltando o meu produto ... e além do mais pagar um frete absurdo para ser entregue pra vim ainda com constrangimento ... quero que resolva logo | Estou com sério problema fiz uma super compra pra vim faltando o meu produto ... e além do mais pagar um frete absurdo para ser entregue pra vim ainda com constrangimento ... quero que resolva logo,1,410.84875,345.73,2
8b4b84dffade27f5ebc63a467529ba30,1,696.08,174.02,3.0,1.0,2,491,baby,andradina,SP,No meu pedido solicitei 2 unidades de cada item ....só recebi 1 unidade de cada item ...e foi cobrado frete por cada produto em separado ...por que? Aguardando ansiosamente o restante da mercadoria 😡 | No meu pedido solicitei 2 unidades de cada item ....só recebi 1 unidade de cada item ...e foi cobrado frete por cada produto em separado ...por que? Aguardando ansiosamente o restante da mercadoria 😡 | No meu pedido solicitei 2 unidades de cada item ....só recebi 1 unidade de cada item ...e foi cobrado frete por cada produto em separado ...por que? Aguardando ansiosamente o restante da mercadoria 😡 | No meu pedido solicitei 2 unidades de cada item ....só recebi 1 unidade de cada item ...e foi cobrado frete por cada produto em separado ...por que? Aguardando ansiosamente o restante da mercadoria 😡,1,410.84875,174.02,2
8b88f64495d95d12a12c0d71534d0faa,1,437.6,218.8,10.0,4.0,2,268,bed_bath_table,santo antonio do descoberto,GO,SÓ PEÇO QUE MEU PEDIDO CHEGUE PORQUE ESTOU AGUARDANDO COM ANSIEDADE. | SÓ PEÇO QUE MEU PEDIDO CHEGUE PORQUE ESTOU AGUARDANDO COM ANSIEDADE.,1,410.84875,218.8,2
8ba03ea7a871bdaebd65e7a4ced27c2d,2,173.59,34.718,1.0,5.0,2,325,garden_tools,serra,ES,Muito bom,1,173.59,34.718,2
8bb910cd8c3b29e4acf2e94e3aaffbbf,2,1131.08,565.54,5.5,4.0,2,263,computers_accessories,cuiaba,MT,Recomendo! | Bom Custo X Benefício!,1,410.84875,345.73,2
8bba5d98eef0fba5bc4118a9e3b0cd89,1,930.24,310.08,1.0,5.0,2,374,bed_bath_table,morro do chapeu,BA,Muito bom,1,410.84875,310.08,2
8bc3068714502a076cdc66f2a207bb20,2,160.21,80.105,3.0,5.0,2,238,bed_bath_table,ferraz de vasconcelos,SP,"Sempre compro tudo que preciso nas lannister.com pela qualidade dos produtos e pela rapidez das entregas estão de parabéns. | produto lindo,bem grande e otimo tecido entrega muito rapida estou muito satisfeita",1,160.21,80.105,2
8bc85b1061383d0dcd4e995a726da763,2,568.2,189.4,1.0,5.0,2,282,bed_bath_table,sanclerlandia,GO,muito bom e rápido,1,410.84875,189.4,2
8bd9c53ae5e194fd363ed6714235e6be,1,824.52,274.84,24.0,1.0,2,240,telephony,vespasiano,MG,Eu pedi tudo na mesma loja para pagar só um frete. Só veio um produto de 3. | Eu pedi tudo na mesma loja para pagar só um frete. Só veio um produto de 3. | Eu pedi tudo na mesma loja para pagar só um frete. Só veio um produto de 3.,1,410.84875,274.84,2
8c21dd8c37144807c601f99f2a209dfb,3,1600.7,320.14,4.4,5.0,4,100,fashion_sport,brasilia,DF,Muito bom,1,410.84875,320.14,2
8c375cb8f76be2870563b67a88266213,1,248.44,124.22,10.0,1.0,2,227,baby,belo horizonte,MG,Muito bom,1,248.44,124.22,2
8cb0a62e8c536632e7c0a985166a089b,2,77.0,38.5,1.0,5.0,2,20,health_beauty,sao paulo,SP,Muito bom,1,77.0,38.5,2
8cd6f80d3c3994e2060d46ec07ff0b0a,3,403.85,134.61666666666665,2.333333333333333,4.333333333333333,3,15,auto,jequitinhonha,MG,"A peça maior veio com a tela solta , as bordas veio sem encaixe. Quadro muito frágil. ",1,403.85,134.61666666666665,2
8d187f36fa18c60c2ac49e7a966d8ff7,2,280.71,140.355,5.5,2.5,2,11,drinks,belo horizonte,MG,Muito bom,1,280.71,140.355,2
8d26c82c2086dcacc175e2ffe6ee2f28,2,342.27,114.09,1.0,5.0,2,99,health_beauty,sao paulo,SP,Muito bom,1,342.27,114.09,2
8d50f5eadf50201ccdcedfb9e2ac8455,15,879.27,58.618,1.4,5.0,3,8,sports_leisure,sao paulo,SP,Muito bom,1,410.84875,58.618,2
8d6c930e3ef6cf55b39cd44d3cd1dd83,1,596.96,298.48,8.0,2.0,2,205,cool_stuff,sao paulo,SP,"O abajur veio certinho, porém o ki bolsa, a pequena veio rasgada e agora a troca é uma burocracia. Difícil o pós venda. | O abajur veio certinho, porém o ki bolsa, a pequena veio rasgada e agora a troca é uma burocracia. Difícil o pós venda.",1,410.84875,298.48,2
8d80fd7cd5745aeb72c314664a1ec3f5,1,630.92,157.73,2.0,1.0,2,306,bed_bath_table,franco da rocha,SP,"Eu recebi as essências, mas está faltando o Kit Colágeno hidrolisado. No site e por e-mail esta dizendo que foi recebido juntos. Só que ainda aguardo os colágenos. | Eu recebi as essências, mas está faltando o Kit Colágeno hidrolisado. No site e por e-mail esta dizendo que foi recebido juntos. Só que ainda aguardo os colágenos. | Eu recebi as essências, mas está faltando o Kit Colágeno hidrolisado. No site e por e-mail esta dizendo que foi recebido juntos. Só que ainda aguardo os colágenos. | Eu recebi as essências, mas está faltando o Kit Colágeno hidrolisado. No site e por e-mail esta dizendo que foi recebido juntos. Só que ainda aguardo os colágenos.",1,410.84875,157.73,2
8dafb82f687e3b0dc9e97b4198b92128,3,290.73,96.91,4.666666666666667,5.0,3,137,bed_bath_table,sao borja,RS,"Linda a boneca, carinha querida,amei | Nao abri ainda,pq nao vou usar agora
. | Otimo.perfeito,acabamento muito bom.forrado",1,290.73,96.91,2
8dbbf39064a6aa2a21f97ff0422e5acd,2,365.5,121.83333333333331,4.666666666666667,5.0,2,128,watches_gifts,praia grande,SP,"Tudo certo, como sempre! | TUDO CERTO, COMO SEMPRE! | TUDO CERTO, COMO SEMPRE!",1,365.5,121.83333333333331,2
8dc697d03f771cecc2534534a73eaaf9,1,1303.08,217.18,2.0,1.0,2,5,housewares,cuiaba,MT,Fiz pedido de 6 produtos e só recebi 2. | Fiz pedido de 6 produtos e só recebi 2. | Fiz pedido de 6 produtos e só recebi 2. | Fiz pedido de 6 produtos e só recebi 2. | Fiz pedido de 6 produtos e só recebi 2. | Fiz pedido de 6 produtos e só recebi 2.,1,410.84875,217.18,2
8dcf2096a68ce8212a3f534ab31ee23e,2,261.72,130.86,7.0,5.0,2,251,market_place,jari,RS,"Gostei muito de comprar na targaryen, pq entregam dentro do prazo.",1,261.72,130.86,2
8e0555f8dc7199e4170bf06d17b32dfe,1,488.55,162.85,5.0,5.0,2,117,health_beauty,macae,RJ,Muito bom,1,410.84875,162.85,2
8e22f3dce83f57ae02fc53050460fa76,1,253.06,126.53,1.0,5.0,2,303,computers_accessories,sao paulo,SP,Muito bom,1,253.06,126.53,2
8e31f8c64b847de447636be1ced917f2,2,197.31,98.655,1.0,3.0,2,21,food,curitiba,PR,"Ainda nao deu tempo de avaliar o cha em si mas com relacao a compra e a entrega tudo tranquilo. | Produto quebrado em 2 partes, já acionei a garantia deste ""parceiro"" da stark mas eles não me retornam contato! Péssimo negócio.",1,197.31,98.655,2
8e714421b31bf0865e55be929d99384c,2,63.94,31.97,1.5,4.5,2,56,electronics,sao paulo,SP,Produto ótima qualidade super rápido a entrega,1,63.94,31.97,2
8ea95e0fc3da49749b66835754e2062e,2,255.97,127.985,1.0,5.0,2,213,air_conditioning,guarulhos,SP,Recomendo | Entrega rápida. Ionizador muito bom. Estou respirando melhor com ele. Recomendo.,1,255.97,127.985,2
8f1794300ad248a55eae07168219ca15,2,262.72,131.36,6.0,5.0,2,231,fashion_bags_accessories,joao monlevade,MG,Muito bom,1,262.72,131.36,2
8f2fa110f45a5b5592f1593842b7e87d,3,371.48,123.82666666666668,2.6666666666666665,5.0,2,82,furniture_decor,cotia,SP,"Recebi antes do prazo, produto excelente.",1,371.48,123.82666666666668,2
8f3dca4306d5a89e4ae2c65c110603a2,2,58.44,29.22,1.5,5.0,2,274,furniture_decor,brasilia,DF,Muito bom,1,58.44,29.22,2
8f4968221af78d6f248322ad465279fc,2,266.92,133.46,10.0,3.5,2,147,bed_bath_table,diorama,GO,"Sempre comprei nas lannister nunca havia tido problemas na montagem..so que desta vez veio faltando parafusos e porcas para a montagem do meu armario de aço. Fiquei insatisfeita com essa compra. | site excelente , confiável",1,266.92,133.46,2
8f6ce2295bdbec03cd50e34b4bd7ba0a,3,405.02,135.00666666666666,3.333333333333333,5.0,3,28,auto,rio de janeiro,RJ,Muito bom,1,405.02,135.00666666666666,2
8f710f0d7e8dab5c8c1135e63b44de7a,2,132.64999999999998,66.32499999999999,1.5,4.0,2,323,fashion_bags_accessories,itatiba,SP,"o produto é de boa qualidade, gostei!",1,132.64999999999998,66.32499999999999,2
8f891a5f40cb72bf5fabda4997b4a625,2,266.1,133.05,3.0,5.0,2,332,baby,roque gonzales,RS,Muito bom,1,266.1,133.05,2
8f99c3c4a5b88689042c2e70b8477b93,1,186.98,93.49,5.0,1.0,2,219,bed_bath_table,itupeva,SP,Não recebi a fronha de travesseiro de corpo | Não recebi a fronha de travesseiro de corpo,1,186.98,93.49,2
8f9c0dc510c12654a35d2add7a6c5d34,2,133.57999999999998,66.78999999999999,1.5,5.0,2,292,furniture_decor,rio de janeiro,RJ,Muito bom,1,133.57999999999998,66.78999999999999,2
8fcf63613662e902d775fa5aa245c5e0,1,227.6,56.9,1.0,1.0,2,234,baby,sao goncalo,RJ,"Comprei dois produtos, 1 Sling (recebi) e 1 almofada de amamentação (não entregue). Dentro da pequena caixa do Sling veio a NF referente aos dois produtos, porém só recebi 1. | Comprei dois produtos, 1 Sling (recebi) e 1 almofada de amamentação (não entregue). Dentro da pequena caixa do Sling veio a NF referente aos dois produtos, porém só recebi 1. | Comprei dois produtos, 1 Sling (recebi) e 1 almofada de amamentação (não entregue). Dentro da pequena caixa do Sling veio a NF referente aos dois produtos, porém só recebi 1. | Comprei dois produtos, 1 Sling (recebi) e 1 almofada de amamentação (não entregue). Dentro da pequena caixa do Sling veio a NF referente aos dois produtos, porém só recebi 1.",1,227.6,56.9,2
8fdb30046559b506b2ea1588cdfded0d,2,464.13,232.065,2.0,3.0,2,35,sports_leisure,rio de janeiro,RJ,Entregue antes do prazo definido. Muito satisfeito com o serviço. | O relógio foi entregue sem nota fiscal nem manual,1,410.84875,232.065,2
8ffa5e9fcc3da23113128e94d1c75706,2,384.02,192.01,3.5,3.0,2,178,construction_tools_lights,visconde do rio branco,MG,Muito bom,1,384.02,192.01,2
90203f82c4c1744c53453ac3a6c41b81,1,875.18,437.59,7.0,3.0,2,23,electronics,paranavai,PR,"Comprei dois, e só foi e entregue um.  | Comprei dois, e só foi e entregue um. ",1,410.84875,345.73,2
9066d003674f53303ec2ac527e940a5d,2,63.88,31.94,1.0,5.0,2,420,market_place,mineiros,GO,Ótimo produto  | Excelente. ,1,63.88,31.94,2
906a8a4ec9f3d4c3e64fa6d1c4fe6009,2,11881.01,1697.287142857143,1.0,2.4285714285714284,2,40,housewares,sao jose do rio preto,SP,"Entregaram a NF com as 06 unidades compradas,mas entregaram apenas 04!
Aguardando resposta da empresa a respeito do ocorrido. | Entregaram a NF com as 06 unidades compradas,mas entregaram apenas 04!
Aguardando resposta da empresa a respeito do ocorrido. | Entregaram a NF com as 06 unidades compradas,mas entregaram apenas 04!
Aguardando resposta da empresa a respeito do ocorrido. | Entregaram a NF com as 06 unidades compradas,mas entregaram apenas 04!
Aguardando resposta da empresa a respeito do ocorrido. | Entregaram a NF com as 06 unidades compradas,mas entregaram apenas 04!
Aguardando resposta da empresa a respeito do ocorrido. | Entregaram a NF com as 06 unidades compradas,mas entregaram apenas 04!
Aguardando resposta da empresa a respeito do ocorrido.",1,410.84875,345.73,2
9077449283dc1319d5e51fb3159b28e2,3,382.21,54.60142857142857,3.4285714285714284,5.0,3,391,consoles_games,anchieta,ES,Muito bom,1,382.21,54.60142857142857,2
9082dcf13bb5feb0e686d709eb35d02c,1,150.84,75.42,1.0,4.0,2,287,costruction_tools_garden,japeri,RJ,"Entregou no prazo, chegou bem embalada. Pensei que viesse em uma única caixa e não em duas, achei o frete caro, mas fora isso, tudo bem.
 | Entregou no prazo, chegou bem embalada. Pensei que viesse em uma única caixa e não em duas, achei o frete caro, mas fora isso, tudo bem.
",1,150.84,75.42,2
90e28a883386c71de943515d91f72a39,2,248.72,124.36,2.0,4.5,2,277,garden_tools,seropedica,RJ,Savou a todos  | Muito bom e responsáveresponsáveis...,1,248.72,124.36,2
90eb1ebf728ec4fe76781e57ee59727a,1,640.0,160.0,7.0,5.0,2,277,health_beauty,belo horizonte,MG,Nota 1000 | Nota 1000 | Nota 1000 | Nota 1000,1,410.84875,160.0,2
90f323e9f0948ddd96c6f6a8ecc75830,3,316.34000000000003,31.634000000000004,1.0,3.1,2,450,perfumery,tijucas,SC,"Um dos pincéis veio duplicado e outro faltando, e alguns pincéis estava com as pontas amassadas, de forma que não retornará ao formato original.  | Um dos pincéis veio duplicado e outro faltando, e alguns pincéis estava com as pontas amassadas, de forma que não retornará ao formato original.  | Um dos pincéis veio duplicado e outro faltando, e alguns pincéis estava com as pontas amassadas, de forma que não retornará ao formato original. ",1,316.34000000000003,31.634000000000004,2
91352e06066eef42b60b24049ccde4fd,2,186.56,93.28,1.0,5.0,2,6,bed_bath_table,sao paulo,SP,não gostei da embalagem. Achei que fosse a mesma do site!,1,186.56,93.28,2
913e4a0664572d0652473b98b808e7b5,2,305.66,152.82999999999998,7.0,3.5,2,201,computers_accessories,cabeceira grande,MG,"gostei muito,melhor do que eu imaginavam.",1,305.66,152.82999999999998,2
913f9de018faaa8124e1162c01797f0f,1,79.44,39.72,1.0,4.0,2,28,drinks,sao paulo,SP,"Faz pouco tempo que tô tomando, não dá pra falar muita coisa, más pelo menos é diurético. | Faz pouco tempo que tô tomando, não dá pra falar muita coisa, más pelo menos é diurético.",1,79.44,39.72,2
9177736727dc747f69fceccc193c125a,2,242.06,121.03,5.0,5.0,2,90,furniture_decor,ibaiti,PR,Muito bom,1,242.06,121.03,2
917de9fb824d070a7f1f4db097cbea8d,2,139.73000000000002,69.86500000000001,1.0,3.5,2,466,baby,rio de janeiro,RJ,Muito bom,1,139.73000000000002,69.86500000000001,2
919bf2617845a0f73acc0361cba58267,2,215.4,107.7,1.0,4.5,2,216,auto,belo horizonte,MG,Muito bom,1,215.4,107.7,2
91b4cc37bd28118ddabe8e7692c78f2e,2,149.56,74.78,2.0,3.0,2,544,bed_bath_table,caieiras,SP,Muito bom,1,149.56,74.78,2
91b8e44f51338493ba6f0d70a0f8fd8d,1,420.94,210.47,6.0,4.0,2,219,bed_bath_table,brasilia,DF,Muito bom,1,410.84875,210.47,2
91c0ed5fde94a56b99e4ce6d43d0d6be,2,199.12,99.56,3.0,4.0,2,183,baby,taboao da serra,SP,Muito bom,1,199.12,99.56,2
91c54819f9e5ef20191322ccff6ee282,1,2607.0,1303.5,4.0,5.0,2,187,baby,leme,SP,Muito bom,1,410.84875,345.73,2
91d0504cf52d3f76b154c42d78979f39,3,247.88,82.62666666666667,5.0,5.0,2,77,toys,itajuba,MG,Muito bom,1,247.88,82.62666666666667,2
91def939002d33dcbf6a038b5c879f7b,2,216.69,108.345,1.5,3.0,2,266,fashion_bags_accessories,lago da pedra,MA,"Produto de qualidade, entregue antes do prazo.",1,216.69,108.345,2
91fb82fe3e8b269f82616f53f2a4a690,2,158.7,79.35,2.5,3.5,2,11,electronics,sao jose dos campos,SP,"produto não atende a sua finalidade, pois não tem o conversor de hdmi para chá.",1,158.7,79.35,2
9202421110f6a19ddcf0b9b93602a0a1,2,277.45,138.725,8.5,5.0,2,89,computers_accessories,escada,ES,Foi muito bom fazer a compra | e muito bom vc compra e chega no dia certo ,1,277.45,138.725,2
92046e40af14f7f88398c748bb559cfe,2,159.5,79.75,4.5,4.5,2,114,electronics,nova prata,RS,SUPER RÁPIDO NA ENTREGA.,1,159.5,79.75,2
927f5d7e01917bb3b8aeb3260ca42663,2,123.61,24.722,1.6,5.0,2,41,fashion_bags_accessories,rio de janeiro,RJ,Gostei...muito bom! E ainda chegou antes do prazo. | Gostei...muito bom! E ainda chegou antes do prazo. | Produto de qualidade! | Produto de qualidade! | Produto de qualidade!,1,123.61,24.722,2
928616c185852cc998407c716a6f69bc,2,335.52,167.76,5.0,3.0,2,349,air_conditioning,duque de caxias,RJ,Me mandaram um produto com a medida muito menor do anunciado. Solicitei a troca. | Produto ótimo!,1,335.52,167.76,2
92c50a9a268f9f35ac5e97abf0de997c,1,327.8,163.9,5.0,2.0,2,274,baby,salvador,BA,Não cumpriu o prazo | Não cumpriu o prazo,1,327.8,163.9,2
9314de119b47bd8bc8aebdf47850b291,1,165.16,82.58,1.0,4.0,2,393,housewares,agudos,SP,Muito bom,1,165.16,82.58,2
93360190b9375a40b65720ee99387a4a,3,192.28,64.09333333333333,4.333333333333333,5.0,3,151,fashion_bags_accessories,maringa,PR,Muito bom,1,192.28,64.09333333333333,2
93427465b223bc8292b51bb86077b695,2,289.18,96.39333333333332,3.333333333333333,4.333333333333333,2,202,fashion_bags_accessories,fortaleza,CE,"Como se trata de um metal precioso, vou só pedir para um especialista confirmar se é prata, mesmo.
Obg | Como se trata de um metal precioso, vou só pedir para um especialista confirmar se é prata, mesmo.
Obg | Bom relogio!",1,289.18,96.39333333333332,2
935e66642fcb2baa8c1782a29570d905,2,136.65,68.325,5.5,5.0,2,115,books_general_interest,ubatuba,SP,"Recebi meu livro em perfeitas condições e no prazo. Recomento a loja. | AMEI O PRODUTO, ENTREGA FEITA DENTRO DO PRAZO PREVISTO",1,136.65,68.325,2
93603747aa73507db172820142fb3b81,2,879.5899999999999,125.65571428571428,9.0,2.4285714285714284,2,173,furniture_decor,sao bernardo do campo,SP,"Linda capa, já vamos estreá-la! Quanto ao fornecedor, excelente. Recebi praticamente 2 dias após a compra. Parabéns!
 | Pedi 6 almofadas e só vieram 5 e sem nota fiscal! Não sei se foi problemas nos correios. Preciso de ajuda do baratheon para que eu receba a que está faltando. E também estão fazendo uma confusão cos | Pedi 6 almofadas e só vieram 5 e sem nota fiscal! Não sei se foi problemas nos correios. Preciso de ajuda do baratheon para que eu receba a que está faltando. E também estão fazendo uma confusão cos | Pedi 6 almofadas e só vieram 5 e sem nota fiscal! Não sei se foi problemas nos correios. Preciso de ajuda do baratheon para que eu receba a que está faltando. E também estão fazendo uma confusão cos | Pedi 6 almofadas e só vieram 5 e sem nota fiscal! Não sei se foi problemas nos correios. Preciso de ajuda do baratheon para que eu receba a que está faltando. E também estão fazendo uma confusão cos | Pedi 6 almofadas e só vieram 5 e sem nota fiscal! Não sei se foi problemas nos correios. Preciso de ajuda do baratheon para que eu receba a que está faltando. E também estão fazendo uma confusão cos | Pedi 6 almofadas e só vieram 5 e sem nota fiscal! Não sei se foi problemas nos correios. Preciso de ajuda do baratheon para que eu receba a que está faltando. E também estão fazendo uma confusão cos",1,410.84875,125.65571428571428,2
93805ba8be262fe253c4284751762866,2,150.09,50.03,4.333333333333333,5.0,2,103,baby,bom jesus dos perdoes,SP,Muito bom,1,150.09,50.03,2
93affc403753dca0735740ee2458860a,1,457.6,228.8,3.0,1.0,2,222,perfumery,rio de janeiro,RJ,"FIZ DUAS COMPRAS E APENAS UMA DELAS ME FOI ENTREGUE, RECEBI A BASE DERMACOL PORÉM O KIT SECA BARRIGA 3 MESES NÃO ME FOI ENTREGUE , AGUARDO RETORNO | FIZ DUAS COMPRAS E APENAS UMA DELAS ME FOI ENTREGUE, RECEBI A BASE DERMACOL PORÉM O KIT SECA BARRIGA 3 MESES NÃO ME FOI ENTREGUE , AGUARDO RETORNO",1,410.84875,228.8,2
93c25a6ad8dd65c386a6b1093b7dc642,1,3630.25,726.05,10.0,1.0,2,127,furniture_decor,lages,SC,não recebi | não recebi | não recebi | não recebi | não recebi,1,410.84875,345.73,2
93ed318c43f54a2162e4377e7122ee0a,1,584.3,292.15,1.0,1.0,2,92,auto,juazeiro,BA,comprei dois produto só chegou um | comprei dois produto só chegou um,1,410.84875,292.15,2
93eeb8745a219d35b7e32d796528b681,2,1175.15,391.7166666666667,7.0,5.0,2,50,costruction_tools_garden,niteroi,RJ,Muito bom,1,410.84875,345.73,2
9403bc2d1bc24edda854c1c389c14da1,2,115.77,57.885000000000005,4.5,5.0,2,277,furniture_decor,joviania,GO,Muito bom,1,115.77,57.885000000000005,2
9407262ed391a65dd55d3e0d31866002,1,593.34,197.78,10.0,1.0,2,173,garden_tools,rio de janeiro,RJ,"O meu pedido foi entregue pela metade!!
Absurdo! Fora que já tive outro pedido de outra loja como entregue e até agora não recebi!!!
E não tenho posição nenhuma!! Alguém ficou com meu produto!  | O meu pedido foi entregue pela metade!!
Absurdo! Fora que já tive outro pedido de outra loja como entregue e até agora não recebi!!!
E não tenho posição nenhuma!! Alguém ficou com meu produto!  | O meu pedido foi entregue pela metade!!
Absurdo! Fora que já tive outro pedido de outra loja como entregue e até agora não recebi!!!
E não tenho posição nenhuma!! Alguém ficou com meu produto! ",1,410.84875,197.78,2
941590fb8aef66b3a8352fe7c691879e,2,656.75,218.91666666666663,7.0,3.0,2,78,bed_bath_table,serrinha,BA,"Comprei duas manta so foi entregue uma,e na nota fiscal veio emitida as 2 manta king | Comprei duas manta so foi entregue uma,e na nota fiscal veio emitida as 2 manta king",1,410.84875,218.91666666666663,2
94374f520fa9fe75d477ecf113cae041,2,208.64,104.32,2.5,5.0,2,148,auto,ponta grossa,PR,Muito bom,1,208.64,104.32,2
94431ab24129f0060b53a89cfd62462f,1,2097.28,1048.64,2.0,5.0,2,265,construction_tools_lights,dracena,SP,Muito bom,1,410.84875,345.73,2
944779ed5e0464b49fbb2108382b0ddf,2,369.21,184.605,11.0,5.0,2,25,housewares,itapema,SC,"lannister.com sempre com bom preço , produtos de qualidade e entrega no prazo!!",1,369.21,184.605,2
9448bf54ca4a047cb99b0dee1a9bfa25,2,399.81,79.962,1.8,5.0,2,205,home_construction,sao paulo,SP,tudo certo | tudo ocorreu conforme o prometido | tudo ocorreu conforme o prometido | tudo ocorreu conforme o prometido | tudo ocorreu conforme o prometido,1,399.81,79.962,2
94522b20d09262256d0ef263adf3ff78,2,206.33,103.165,3.5,5.0,2,267,bed_bath_table,belo horizonte,MG,Muito bom,1,206.33,103.165,2
947c249c7f31f3eae2bd05454e1b2040,2,911.35,227.8375,5.0,1.75,2,474,furniture_decor,recife,PE,"Produto de material de boa qualidade, porém as partes de metal achei de baixa qualidade, principalmente as parte do prendedor de metal da alça maior. mas nada que comprometa a qualidade da bolsa.  | Recebi a compra pela metade, comprei 03 kits e só veio 01... péssima compra... já formalizei a reclamação a loja e ate o momento nada de retorno! | Recebi a compra pela metade, comprei 03 kits e só veio 01... péssima compra... já formalizei a reclamação a loja e ate o momento nada de retorno! | Recebi a compra pela metade, comprei 03 kits e só veio 01... péssima compra... já formalizei a reclamação a loja e ate o momento nada de retorno!",1,410.84875,227.8375,2
947e93a9bb28256adebe49f78cff07ad,2,195.0,65.0,1.0,5.0,2,454,sports_leisure,londrina,PR,Muito bom,1,195.0,65.0,2
9496fe4967f2117feed223238c7bcc39,2,93.34,46.67,1.0,3.0,2,46,electronics,santos,SP," Não recebi o produto é consta no rastreamento que já foi entregue, um absurdo.  | Chegou antes do prazo superando minhas expectativas ",1,93.34,46.67,2
94a19681bf6faa3c6ce3e2df1c2d97cb,3,201.72,14.40857142857143,1.0,4.5,2,338,baby,sao paulo,SP,Muito bom,1,201.72,14.40857142857143,2
94ab38525c16d9d5ce977b3fe3405ab8,2,376.19,125.39666666666666,3.0,1.0,2,218,perfumery,maceio,AL,"Comprei dois produtos e ambos, mesmo enviados em dias diferentes, estão como em ""dificuldade na entrega"" segundo o rastreamento dos Correios. O que nunca me aconteceu antes. | Comprei dois produtos e ambos, mesmo enviados em dias diferentes, estão como em ""dificuldade na entrega"" segundo o rastreamento dos Correios. O que nunca me aconteceu antes. | Comprei dois produtos distintos da targaryen pelo stark. Em ambos houve dificuldade na entrega e rastreamento não atualiza há semanas.",1,376.19,125.39666666666666,2
94bd5dee83e9590368179f4ab026b4f4,1,230.42,19.201666666666668,1.0,4.0,2,238,housewares,caxias do sul,RS,Muito bom,1,230.42,19.201666666666668,2
94cac7a901fa7a145722dfd0a147b050,2,252.3,126.15,1.0,5.0,2,13,housewares,curitiba,PR,Muito bom,1,252.3,126.15,2
94dd59941e972cde278936a99898a8a6,1,211.1,105.55,2.0,4.0,2,233,cool_stuff,sao paulo,SP,Muito bom,1,211.1,105.55,2
94e5ea5a8c1bf546db2739673060c43f,2,187.17,93.585,6.5,5.0,2,112,fashio_female_clothing,capim branco,MG,"Ótimo vendedor, ótimo produto chegou no prazo certo eu recomendo | Ótimo produto eu recomendo",1,187.17,93.585,2
951008c1c9df3fe4fead603a9afdcb3b,2,278.19,139.095,4.5,5.0,2,200,bed_bath_table,sao paulo,SP,Muito bom,1,278.19,139.095,2
95160caf14611a705759de6bf13555b6,2,251.65,125.825,1.0,5.0,2,408,bed_bath_table,porto alegre,RS,Muito bom,1,251.65,125.825,2
9565b6eb599caea334238cf517c2408b,2,153.14,51.046666666666674,1.0,5.0,2,31,garden_tools,jundiai,SP,Muito bom,1,153.14,51.046666666666674,2
95828271d6bee6d5eedcd00e639d67a6,2,159.55,79.775,7.5,4.0,2,14,auto,sao bento do sul,SC,Recomendo,1,159.55,79.775,2
95a821edad2488ed9e7c805716ed6ce7,1,559.3199999999999,186.44,8.0,1.0,2,267,bed_bath_table,rio de janeiro,RJ,Ainda faltam 2 telas mosqueteiros. A manopla já foi entregue  | Ainda faltam 2 telas mosqueteiros. A manopla já foi entregue  | Ainda faltam 2 telas mosqueteiros. A manopla já foi entregue ,1,410.84875,186.44,2
95c673245afd9e175e46590ea80fd159,2,97.36,48.68,2.0,5.0,2,115,fashion_bags_accessories,balneario camboriu,SC,Top,1,97.36,48.68,2
95cfb39a7e263160308a934e42cfc4e0,2,122.05,61.025000000000006,1.0,2.5,2,282,furniture_decor,suzano,SP,Muito bom,1,122.05,61.025000000000006,2
95d47153b9bc4d0fe3b9c714c4b19c3b,2,193.33,64.44333333333334,3.0,3.0,2,390,sports_leisure,unai,MG,Muito bom,1,193.33,64.44333333333334,2
95ec7fc6a1605502060075958c3f9852,2,150.91,75.455,1.5,5.0,2,351,cool_stuff,guararapes,SP,Produto muito bonito | Muito Bon. Chegou no prazo,1,150.91,75.455,2
95fc0e6f6939f521e44a588ff18eacb9,2,341.46,170.73,1.0,4.5,2,217,furniture_decor,nazare paulista,SP,"Amei o produto!Do jeito que eu precisava,com varias divisorias...chegou bemm antes do prazo e pra fechar com chave de ouro veio na cor que eu realmente queria vermelha !Simplismente linda!Amei! | Lindo os carrinhos,meu filho adorou!E chegou antes do prazo!",1,341.46,170.73,2
960118b2d734220509690e16787f955e,2,62.02,31.01,2.5,5.0,2,514,housewares,sao jose dos campos,SP,Muito bom,1,62.02,31.01,2
9618466fdc7675b4b868c44811a8159a,1,137.38,68.69,1.0,5.0,2,238,stationery,rio de janeiro,RJ,Muito bom,1,137.38,68.69,2
9620e26af0dfec5a16a52cd2afa81717,2,274.65,137.325,1.0,5.0,2,386,bed_bath_table,sao jose dos pinhais,PR,"Linda !material resistente, tamanho ideal!perfeita e preço bem acessível! lannister sempre de parabéns! Entrega sempre no prazo!",1,274.65,137.325,2
962c6b5225cdd53c41509bc38d3a8217,2,324.43,162.215,4.5,4.0,2,196,auto,sao paulo,SP,Muito bom,1,324.43,162.215,2
964419499a4f095f129f60a9e45e419b,1,1627.8,406.95,1.0,1.0,2,25,furniture_decor,brasilia,DF,Nao recebi os produtos | Nao recebi os produtos | Nao recebi os produtos | Nao recebi os produtos,1,410.84875,345.73,2
96701d73665eab8fc6fecb9863266efe,2,278.54,92.84666666666664,2.333333333333333,5.0,2,100,auto,sao paulo,SP,Muito bom,1,278.54,92.84666666666664,2
967ee07cb69460a7e1d42c7747142572,2,222.63,111.315,6.0,3.0,2,275,health_beauty,barra do garcas,MT,Ótimo  | A cinta térmica quando ligou na tomada começou a derreter e começou a queimar a pessoa que usou ,1,222.63,111.315,2
9689908caf4de73724feed92175d867a,3,556.29,139.0725,8.5,4.0,3,26,bed_bath_table,saquarema,RJ,Muito bom,1,410.84875,139.0725,2
969e62a47aec03c735127e6f11ad6564,2,882.8199999999999,220.705,9.25,5.0,2,422,furniture_decor,campinas,SP,"O tapete é lindo.. não solta pêlo e é antiderrapante. | Adorei o produto, chegou bem antes do prazo, recomendo. | Adorei o produto, chegou bem antes do prazo, recomendo. | Adorei o produto, chegou bem antes do prazo, recomendo.",1,410.84875,220.705,2
96c6b46b48f098925457796b7b709d6d,1,388.82,194.41,3.0,1.0,2,68,furniture_decor,cacapava,SP,Muito bom,1,388.82,194.41,2
96f178f231d72f743ac6704512135fbc,1,160.44,80.22,1.0,1.0,2,134,garden_tools,brasilia,DF,Muito bom,1,160.44,80.22,2
97258e1c1f77f32358eccd1c9ee5954d,2,289.75,144.875,4.5,5.0,2,18,stationery,rio das ostras,RJ,"A pasta é exatamente como esperava. Apesar de nao haver fotos da parte interna. Há espaço pra vários objetos de desenho, esquadros, compasso, régua, lapiseiras, etc. Gostei muito. Recomendo.",1,289.75,144.875,2
97354adbd0f6a51d9c26ba45f72e5374,1,916.76,458.38,9.0,1.0,2,113,baby,santa luzia,MG,entrei em contato com a targaryen por email e eles falaram que nao vendem kit higiene pra mim entra em contato com lannister pq eles so vendem a bolsa | entrei em contato com a targaryen por email e eles falaram que nao vendem kit higiene pra mim entra em contato com lannister pq eles so vendem a bolsa,1,410.84875,345.73,2
9735b1a02ad4d2b3747e9a74cad789a1,2,131.89,65.945,5.0,5.0,2,207,sports_leisure,ipaba,MG,Muito bom,1,131.89,65.945,2
973f2fba63a7eb540f8860b0c75b63cb,2,581.67,290.835,3.5,5.0,2,61,bed_bath_table,porto alegre,RS,Muito bom,1,410.84875,290.835,2
976a39626eb2337ee3258d4ad73f1543,2,609.63,203.21,8.666666666666666,2.333333333333333,3,234,bed_bath_table,porto alegre,RS,A entrega foi muito rápida e o produto atende as expectativas!,1,410.84875,203.21,2
9787d0846546b31493d257d97f714f99,1,275.18,137.59,1.0,2.0,2,32,baby,pelotas,RS,Fiz uma compra como de costume e para minha surpresa veio faltando um jogo de lençol. Paguei em boleto e agora nao consigo nem reclamar pq o site tb não facilita. | Fiz uma compra como de costume e para minha surpresa veio faltando um jogo de lençol. Paguei em boleto e agora nao consigo nem reclamar pq o site tb não facilita.,1,275.18,137.59,2
97bc08e526795b17e1d4f642f77ae304,3,367.41,91.8525,2.5,3.5,3,387,cool_stuff,diadema,SP,Motivo q um dos fones n consigo sintonizar rádio FM da cor preta n restante parece bom. | Motivo q um dos fones n consigo sintonizar rádio FM da cor preta n restante parece bom.,1,367.41,91.8525,2
97c0d90b4d37062c75b5f836ce3ab957,2,604.06,302.03,10.0,5.0,2,355,home_appliances_2,barreiras,BA,Super indico! Espremedor potente e lindo!,1,410.84875,302.03,2
97e5501feb2532ef0e124d2dc4e86537,2,853.97,284.6566666666667,1.0,5.0,2,82,fashion_bags_accessories,chapeco,SC,Roupa de cama de muito boa qualidade. Deixa o quarto lindo.,1,410.84875,284.6566666666667,2
97f0fce3f9d7aad1b12499a4e4b10d07,2,636.14,318.07,9.0,5.0,2,414,health_beauty,cajamar,SP,boa,1,410.84875,318.07,2
98341ec53bd2130c32390570d0929da9,2,204.52,68.17333333333333,1.6666666666666667,5.0,2,69,telephony,alcinopolis,MS,Produto foi entregue dentro do prazo ,1,204.52,68.17333333333333,2
983994b46a18dce5db8648ebf95754af,2,246.96,123.48,1.5,3.0,2,22,costruction_tools_garden,contagem,MG,Comprei o produto e a entrega estava prevista para até o dia 12/03 até o momento o produto não chegou e nem tive retorno da loja para dar alguma explicação | Rede muito boa e resistente,1,246.96,123.48,2
98758d88bf4b8eef1372ddee45d63178,2,997.96,498.98,10.0,3.0,2,346,computers_accessories,campo alegre,AL,Muito bom,1,410.84875,345.73,2
98883b9e1d9d9c46c298c69146db811a,2,113.88,37.96,3.333333333333333,5.0,2,198,computers_accessories,rio de janeiro,RJ,Muito bom,1,113.88,37.96,2
989aabc133cd6097fb2fc9c4a919af4b,2,98.28,49.14,3.5,5.0,2,70,baby,sao paulo,SP,Muito bom,1,98.28,49.14,2
989ff17eed965d5e5949b4d9a6f6af67,2,183.91,91.955,7.0,5.0,2,249,books_general_interest,natal,RN,Entrega muito rápida. | Entrega muito rápida.,1,183.91,91.955,2
98a8081d6f922b47f0b48d0b10665047,2,312.41,156.205,1.5,5.0,2,20,food,santa maria de jetiba,ES,Muito bom,1,312.41,156.205,2
98b69c34f0422d2e025280b55531166e,2,904.58,129.22571428571428,5.0,5.0,2,373,furniture_decor,sao bernardo do campo,SP,Muito bom,1,410.84875,129.22571428571428,2
98d9a0f7e940e0750fbf72f9aaab1210,2,152.11,76.055,2.5,3.5,2,137,furniture_decor,osasco,SP,"Por mais que estivesse dentro do prazo, não gostei do prazo ser tão longo p entrega, e por ter comprado outros produtos e a entrega ter sido feita separada",1,152.11,76.055,2
98e3117841a2431959d17808f04bf23c,3,611.03,152.7575,4.75,3.25,3,37,pet_shop,jundiai,SP,Muito bom,1,410.84875,152.7575,2
9906fc374d7fd8d7a8574dd27b1c0c0a,1,542.97,180.99,1.0,1.0,2,2,garden_tools,sao paulo,SP,Entregaram apenas um item da compra as grelhas para peixe não | Entregaram apenas um item da compra as grelhas para peixe não | Entregaram apenas um item da compra as grelhas para peixe não,1,410.84875,180.99,2
9907b05bea16fa69340d1baee4a9fa13,1,253.14,126.57,5.0,5.0,2,161,books_technical,ipatinga,MG,Muito bom,1,253.14,126.57,2
994a8e69d70eae460644d0b6db5048e9,1,136.9,68.45,1.0,1.0,2,135,furniture_decor,curitiba,PR,Muito bom,1,136.9,68.45,2
995facb032e4446a511762f5f842eb11,2,165.98000000000002,82.99000000000001,1.0,3.5,2,176,electronics,pitangui,MG,Muito bom,1,165.98000000000002,82.99000000000001,2
995fe9426f030109b1614044edaf46d9,2,218.94,109.47,1.0,3.0,2,153,consoles_games,sao paulo,SP,"Um pézinho maior que o outros  | No site havia o produto, mas depois constou indisponível. Isso gerou um pouco de irritação pois já havia pago e foi a primeira vez que tive este problema com a lannister. Espero não acontecer novamen",1,218.94,109.47,2
996fdddf8cd5bbb99b221fcaf5ba1359,2,194.09,97.045,1.0,5.0,2,405,cool_stuff,fortaleza,CE,"Demorou um pouco a chegar, mas veio dentro do prazo, visto q o prazo q foi dado foi bastante longo",1,194.09,97.045,2
998f20f15dcdc4cd0dcc8ae495645864,1,699.52,349.76,1.0,4.0,2,23,construction_tools_lights,bento goncalves,RS,Entrega ágil. Produto excelente poderia ter um acabamento melhor.  | Entrega ágil. Produto excelente poderia ter um acabamento melhor. ,1,410.84875,345.73,2
99b8ee09d642ffedf091951a7235faa0,2,72.1,18.025,1.0,5.0,2,195,computers_accessories,luziania,GO,Muito bom,1,72.1,18.025,2
99bf2e03eb1ef8f29fd57ad10fd75e48,2,574.36,287.18,6.0,1.5,2,119,housewares,fortaleza,CE,"O produto ainda não chegou | Adquiri o produto c rodízios, entendi q fosse c 4 rodas de apoio no pé. Porém recebi o gaveteiro sem as rodinhas, com o apoio dos 4 pés estáticos.",1,410.84875,287.18,2
99d1962d736052c7b8793ba94126c377,2,252.34,84.11333333333333,5.0,3.6666666666666665,2,277,perfumery,suzano,SP,Muito bom,1,252.34,84.11333333333333,2
99d697dd68fad729283560abe0adae43,2,407.22,203.61,2.0,5.0,2,231,sports_leisure,sao goncalo,RJ,o produto veio no prazo .. veio super rápido ADOREI. RECOMENDO,1,407.22,203.61,2
99eb56d3a7b9189c232c5e8f7d85b982,1,329.48,164.74,6.0,1.0,2,165,cine_photo,pocos de caldas,MG,"Um dos produtos comprados foi entregue, o binóculo. Já o tripé não chegou. | Um dos produtos comprados foi entregue, o binóculo. Já o tripé não chegou.",1,329.48,164.74,2
9a371e2e79f2b84ab837c96b91e8f079,1,418.52,209.26,3.0,1.0,2,109,health_beauty,sao paulo,SP,"Recebi apenas um item do pedido. Entregaram o relógio, mas o porta cápsulas ainda não foi entregue. | Recebi apenas um item do pedido. Entregaram o relógio, mas o porta cápsulas ainda não foi entregue.",1,410.84875,209.26,2
9a56d30e286ddea1374c143d111de34d,1,408.12,204.06,1.0,5.0,2,411,bed_bath_table,sao paulo,SP,Muito bom,1,408.12,204.06,2
9a736b248f67d166d2fbb006bcb877c3,2,556.13,7.415066666666666,1.0,5.0,3,385,bed_bath_table,sao paulo,SP,Muito bom,1,410.84875,7.415066666666666,2
9a7b819bc0d6d9e9ce14fc7bb3925ff8,1,747.1500000000001,249.05000000000004,1.0,5.0,2,69,electronics,santa luzia,MG,Muito bom,1,410.84875,249.05000000000004,2
9a8b7a30b4598a9714ba770d034a3d89,1,308.64,77.16,1.0,1.0,2,210,baby,sao joao de meriti,RJ,Muito bom,1,308.64,77.16,2
9aaa6812e0daefa1f7edd5f772297d2e,2,145.48000000000002,72.74000000000001,1.0,5.0,2,52,bed_bath_table,brasilia,DF,Muito bom,1,145.48000000000002,72.74000000000001,2
9aae8213ff9bc04cc3ce48b85f43a173,3,373.74,124.58,1.0,5.0,2,93,housewares,itaborai,RJ,Muito bom,1,373.74,124.58,2
9ab6bf6526a2012673c221eab415e362,1,168.62,84.31,1.0,5.0,2,388,cool_stuff,santa helena de goias,GO,Produtos conforme descrição. Gostei muito! | Produtos conforme descrição. Gostei muito!,1,168.62,84.31,2
9ab9e6724cc65e59593099f18081fd35,2,198.82,99.41,5.0,2.0,2,311,bed_bath_table,itapecerica,MG,Muito bom,1,198.82,99.41,2
9af2c271654a36a48beefe342ba6208a,2,162.64,81.32,2.5,5.0,2,250,baby,cachoeirinha,RS,Muito bom,1,162.64,81.32,2
9b22d6fe1f74d6e1aefec789415ec847,2,189.83,63.27666666666666,4.333333333333333,5.0,2,164,sports_leisure,sao paulo,SP,Muito bom,1,189.83,63.27666666666666,2
9b74eb2e52bbbb88985c2fb43e02beae,1,253.72,126.86,3.0,4.0,2,11,auto,rodeio,SC,Muito bom,1,253.72,126.86,2
9b7fcde05dd369caf4dea1f04ed39fcc,2,199.68,99.84,3.5,5.0,2,24,furniture_decor,sao paulo,SP,Muito bom,1,199.68,99.84,2
9b7fcfa05fb6f8b88fea3d74a6ba77d6,2,164.18,54.72666666666667,1.0,5.0,2,52,bed_bath_table,embu-guacu,SP,Excelente | Me surpreendi com a entrega antes do prazo. | Me surpreendi com a entrega antes do prazo.,1,164.18,54.72666666666667,2
9b82602fc3e9a153752f16553752d58d,1,539.94,269.97,6.0,5.0,2,35,health_beauty,rio de janeiro,RJ,"Adorei, os produtos chegaram bem antes do prazo, menos de uma semana, tudo bem embalado, o entregador chamou alto o q possibilita de ouvir e atender, mto bom, recomendo muito.  | Adorei, os produtos chegaram bem antes do prazo, menos de uma semana, tudo bem embalado, o entregador chamou alto o q possibilita de ouvir e atender, mto bom, recomendo muito. ",1,410.84875,269.97,2
9bff77a776574edf41418ddd01bcbb4e,2,141.86,70.93,1.0,4.5,2,135,furniture_decor,teutonia,RS,"Recebi o produto inteiro. 
Apesar de um pouco de atraso na transferência, recebi o produto conforme combinado. | Entrega muito antes do prazo,
sempre dou os parabéns a lannister.
Produto conforme o anúncio.",1,141.86,70.93,2
9c18cd0ba86443dce5c2e5157cbd2eff,2,330.16,110.05333333333334,2.6666666666666665,5.0,2,92,housewares,florianopolis,SC,Muito bom,1,330.16,110.05333333333334,2
9c2014c8ebe041a98e9603375cd7bb6b,2,110.79,55.395,1.0,5.0,2,73,electronics,vila velha,ES,produto condi plenamente com o anuncidao.,1,110.79,55.395,2
9c3a23565ded3e71fc8979579e8f091c,2,69.54,34.77,1.0,5.0,2,231,health_beauty,sao paulo,SP,so acharia legal vir uma lamina de presente,1,69.54,34.77,2
9c4220872289f4e0239410f49e02e189,2,141.34,70.67,5.5,4.0,2,94,bed_bath_table,sao paulo,SP,"eu super recomendo gostei muito este produto e igual a o que visualizei na internet, amei, recomendo, e a propaganda e verdadeira alem da qualidade.. | sobre o produto ele e bem rustico, grande, conforme informado e folhas escuras, não foi informado, já a loja poderia dar descontos pois a taxa de entrega, deveria baixa na compra dos produtos.",1,141.34,70.67,2
9c540c186d344c460d85726b531b287b,2,187.63,93.815,1.5,5.0,2,100,auto,bebedouro,SP,Muito bom,1,187.63,93.815,2
9c760a39c48113c1450dd5b65958d7fa,2,152.20999999999998,76.10499999999999,6.5,5.0,2,358,bed_bath_table,santa cruz do sul,RS,"Produto chegou dentro do prazo, e o produto foi fiel a propaganda e expectativa.
 ",1,152.20999999999998,76.10499999999999,2
9ca25c67e315e2a59b00eca2d4797734,2,295.2,147.6,1.0,3.0,2,39,auto,rio de janeiro,RJ,A mercadoria foi roubada nos correios. Estou aguardando reposição. ,1,295.2,147.6,2
9caa8ec026abcc62b037581bb56da6a0,1,222.42,111.21,1.0,4.0,2,394,furniture_decor,sao paulo,SP,Muito bom,1,222.42,111.21,2
9cc5a07f169a1606fd347a56683e6ea6,4,694.7,115.78333333333336,1.0,5.0,2,7,health_beauty,rio de janeiro,RJ,"Produto original, bom preço e entrega rápida!!! | Sempre recomendo a targaryen! Pelos produtos, competência, preço e entrega rápida! | Produto original, entrega rápida e bom preço!!! | Produto original, entrega rápida e bom preço!!! | Produto original, bom preço e entrega rápida!!!",1,410.84875,115.78333333333336,2
9cc6513293fe015ded4e98c49bfe536d,1,195.8,97.9,1.0,4.0,2,518,baby,marica,RJ,"entregou no prazo, ainda não abri o produto pois é presente, aparentemente veio perfeiro | entregou no prazo, ainda não abri o produto pois é presente, aparentemente veio perfeiro",1,195.8,97.9,2
9ccd3694bf9d11a53846dcc5c105e7b6,1,379.06,189.53,8.0,5.0,2,70,bed_bath_table,sao paulo,SP,Otimo | Otimo,1,379.06,189.53,2
9cddd676a8bc6d15f3c0c464d382fd2a,1,1306.42,653.21,6.0,4.0,2,81,computers_accessories,nova ponte,MG,"Obrigado por ter um otimo atendimento
Assim que precisar comprarei mais | Obrigado por ter um otimo atendimento
Assim que precisar comprarei mais",1,410.84875,345.73,2
9d1773d6d4fb3faaf3173924d181952a,2,152.53,76.265,1.0,5.0,2,161,health_beauty,praia grande,SP,Muito bom,1,152.53,76.265,2
9d3bcdce836771257958e6c08ccfab06,1,119.42,59.71,4.0,5.0,2,407,costruction_tools_garden,cosmopolis,SP,otimo produto recomendo a todos | otimo produto recomendo a todos,1,119.42,59.71,2
9d42d5ee226121b6dc867197ce0529cc,2,570.3,285.15,6.5,4.5,2,67,baby,piranhas,GO,"Gostei muito! | Gostei muito, só o manual que não explica bem com relação a montagem!",1,410.84875,285.15,2
9d4dad0a5382a8d234d0ad979dc594f2,2,200.87,100.435,2.0,5.0,2,517,bed_bath_table,leme,SP,Muito bom,1,200.87,100.435,2
9d80519e08456666caea8e3d582488f2,1,251.02,125.51,10.0,5.0,2,375,garden_tools,sao bernardo do campo,SP,"Produtos de qualidade, e chegou antes do prazo estipulado. | Produtos de qualidade, e chegou antes do prazo estipulado.",1,251.02,125.51,2
9d841a91b5b7d1451157dbc8cd94ae8e,1,290.14,145.07,3.0,2.0,2,151,auto,curitiba,PR,"RECEBI APENAS O CUBO MÁGICO, AINDA NÃO RECEBI OS TAPETES. | RECEBI APENAS O CUBO MÁGICO, AINDA NÃO RECEBI OS TAPETES.",1,290.14,145.07,2
9df0c554a0b37fc0c8d3ca2f4a47ef7e,1,486.24,243.12,10.0,3.0,2,353,bed_bath_table,guarulhos,SP,"Fiz a compra e chegou apenas o filtro , já o difusor estou esperando até agora pra ver quando vai chegar | Fiz a compra e chegou apenas o filtro , já o difusor estou esperando até agora pra ver quando vai chegar",1,410.84875,243.12,2
9e174aadbc877e3c42ca03babfd157f8,2,298.88,99.62666666666668,7.333333333333333,2.0,2,394,furniture_decor,curitiba,PR,"Muito ruim a qualidade, as bordas do desenho veio com aspecto de queimado, não consigo tirar a pelicula da frente do espelho pra ver se afetou o mesmo... sem adesivo pra fixar.  | A imagem que veio no case era diferente da pedida. Como minha filha abriu e gostou não troquei...mas não veio de acordo com o pedido. | Muito ruim a qualidade, as bordas do desenho veio com aspecto de queimado, não consigo tirar a pelicula da frente do espelho pra ver se afetou o mesmo... sem adesivo pra fixar. ",1,298.88,99.62666666666668,2
9e4accf95024aa6565ca1efcadb96752,2,141.56,70.78,1.0,4.5,2,109,telephony,poa,SP,Muito bom desde da compra a entrega td direitinho e rapido | Tudo em.ordem.e rápido a entrega.chegou bem.valeu.obrigado,1,141.56,70.78,2
9e7aef9f78fa2e1ae37d51898c3ea692,1,480.44,240.22,4.0,3.0,2,224,bed_bath_table,sao paulo,SP,"Paguei 2 fretes mesmo sendo produtos da mesma loja e comprei juntos, mas ok ( o pedido foi para o correio ñ p minha casa! Apesar desse estresse. Está tudo certo!  | Paguei 2 fretes mesmo sendo produtos da mesma loja e comprei juntos, mas ok ( o pedido foi para o correio ñ p minha casa! Apesar desse estresse. Está tudo certo! ",1,410.84875,240.22,2
9eaed62db4e25ad2ac2fcdec58a8e6cc,2,470.02,235.01,5.0,5.0,2,152,bed_bath_table,sao paulo,SP,Produto cf anunciado. Chegou antes do prazo. ,1,410.84875,235.01,2
9eaee1fe94e2155bde44087d299c0b9d,2,190.97,63.656666666666666,1.0,1.0,2,112,housewares,sao paulo,SP,Recebi as lentes de contato com o grau errado. Solicitei 1.50 e vieram com 1.75. Triste pois preciso das lentes para sábado dia 19/05. | Recebi outro produto no lugar....a nota fiscal veio correta com a descrição porém quando abri a embalagem mandaram um prato de bolo de vidro com tampa. Aguardo a lannister resolver o problema.  | Recebi outro produto no lugar....a nota fiscal veio correta com a descrição porém quando abri a embalagem mandaram um prato de bolo de vidro com tampa. Aguardo a lannister resolver o problema. ,1,190.97,63.656666666666666,2
9eb77967122094a4eea4084933b47a1e,2,561.7,187.23333333333332,10.0,5.0,2,163,perfumery,cotia,SP,Muito bom,1,410.84875,187.23333333333332,2
9ef3b73da2bc1bf9e79e0646f236ea2d,1,94.38,23.595,1.0,5.0,2,255,art,garca,SP,Entrega rápida dentro do prazo | Entrega rápida dentro do prazo | Entrega rápida dentro do prazo | Entrega rápida dentro do prazo,1,94.38,23.595,2
9f0f58c3c4a9fbfda6fd2aa4e1d8b51e,1,445.86,148.62,10.0,4.0,2,76,dvds_blu_ray,tupi paulista,SP,Muito bom,1,410.84875,148.62,2
9f10a450cddebea0e7cd86f67c894d1c,2,139.52,69.76,1.0,4.0,2,114,bed_bath_table,santa maria,RS,Muito bom,1,139.52,69.76,2
9f37b1215df84eae065524290b66cba6,2,69.12,23.040000000000003,1.0,3.6666666666666665,2,201,garden_tools,santa isabel,SP,estou satisfeita ,1,69.12,23.040000000000003,2
9f5b78334246addf67c6b0545bc7dd2b,1,394.14,197.07,1.0,5.0,2,111,bed_bath_table,sao paulo,SP,Muito bom,1,394.14,197.07,2
9f67aa18a87ea9a76854deeb9385c011,2,658.56,164.64,2.5,5.0,2,26,home_construction,itajuba,MG,Muito bom,1,410.84875,164.64,2
9f6a13c93d886acbefe16ad39bbfb85c,2,283.34,141.67,10.0,4.0,2,224,stationery,floriano,PI,Muito bom,1,283.34,141.67,2
9fa090c27af98e6e37f23c0cf4feeb14,1,674.91,224.97,2.0,1.0,2,149,perfumery,rio das ostras,RJ,"A entrega foi efetuada, porém veio faltando o item "" kit 2 pinças"" | A entrega foi efetuada, porém veio faltando o item "" kit 2 pinças"" | A entrega foi efetuada, porém veio faltando o item "" kit 2 pinças""",1,410.84875,224.97,2
9fa0a504d42412f2bc9878d90541121d,2,110.1,55.05,1.0,5.0,2,167,consoles_games,franco da rocha,SP,Muito bom,1,110.1,55.05,2
9fb5481b271c1f4e3afa3fffeff3db93,1,340.54,170.27,3.0,5.0,2,553,furniture_decor,japira,PR,Muito bom,1,340.54,170.27,2
9fe8cb705d35cf54025160f9f01b7cc4,2,309.72,103.24,3.0,5.0,2,259,watches_gifts,diadema,SP,Ótimos produtos! Os relógios são lindos e tem muito estilo! | Ótimos produtos! Os relógios são lindos e tem muito estilo! | Produto e atendimento perfeitos!!,1,309.72,103.24,2
a00a13ac36037d575bb016caf8f50d53,2,178.22,59.406666666666666,5.0,5.0,2,509,housewares,vitoria,ES,"Ótimo produto, qualidade ótima também adorei | ótimo material, bastante prático | ótimo material, bastante prático",1,178.22,59.406666666666666,2
a029899dd8534557a81c369475ff80c8,3,1286.65,183.80714285714288,1.0,5.0,2,119,garden_tools,morrinhos,GO,"LUMINÁRIAS LINDAS, CHEGARM ANTES DO PRAZO! ESTÃO DE PARABÉNS! | Super recomendo! Lindas as luminárias e entrega rápida, antes do prazo. | Super recomendo! Lindas as luminárias e entrega rápida, antes do prazo. | Super recomendo! Lindas as luminárias e entrega rápida, antes do prazo.",1,410.84875,183.80714285714288,2
a06f383add4d40457f1909b67ce6b7fb,2,464.06000000000006,154.6866666666667,1.0,3.6666666666666665,2,527,fashion_male_clothing,indaiatuba,SP,"fragil | boa negociação, material bom | boa negociação, material bom",1,410.84875,154.6866666666667,2
a0abd26659c9914690cbd3320d39fd96,4,494.12,98.824,4.6,5.0,4,67,stationery,canoas,RS,Ótimo vendedor,1,410.84875,98.824,2
a0b8cb877c42bab28dc9548a600ca0c7,1,349.7,174.85,10.0,2.0,2,141,baby,sao goncalo,RJ,"Boa tarde, eu recebi no dia 2/04 apenas o móbile, a saia não veio na entrega. Como podemos resolver isso? O que aconteceu?  | Boa tarde, eu recebi no dia 2/04 apenas o móbile, a saia não veio na entrega. Como podemos resolver isso? O que aconteceu? ",1,349.7,174.85,2
a0d58c3abf0bc947e39f72976db72428,2,386.96,128.98666666666668,1.0,3.0,2,42,housewares,erechim,RS,Muito bom,1,386.96,128.98666666666668,2
a0ef77ac3d3662b055dc12b045da37ed,2,196.43,98.215,4.5,5.0,2,242,cool_stuff,osasco,SP,"otimo | Achei muito bonita
",1,196.43,98.215,2
a1044dd75b74fbc485b040575a14acf0,2,1825.58,608.5266666666668,4.0,2.333333333333333,2,251,construction_tools_construction,cerqueira cesar,SP,"Linda | Produto na propaganda e um do que chegou e outro 
 | Produto na propaganda e um do que chegou e outro 
",1,410.84875,345.73,2
a10fe3c477989c968aa284bd448b1d5b,2,531.35,88.55833333333334,1.1666666666666667,5.0,2,486,housewares,cerquilho,SP,"Produto chegou rápido, com a qualidade esperada. Além de ser uma loja com preços muito bons e produtos interessantes. | Produto chegou rápido, com a qualidade esperada. Além de ser uma loja com preços muito bons e produtos interessantes. | entrega rápida, produto conforme esperado | entrega rápida, produto conforme esperado | entrega rápida, produto conforme esperado | entrega rápida, produto conforme esperado",1,410.84875,88.55833333333334,2
a147b35c04951884b4bbd65a0085cf88,2,222.3,111.15,4.0,3.5,2,62,health_beauty,sao paulo,SP,Levaria cinco estrelas se o produto não tivesse com defeito. ,1,222.3,111.15,2
a1874c5550d2f0bc14cc122164603713,4,1763.57,293.92833333333334,7.333333333333333,3.5,4,97,housewares,rio de janeiro,RJ,mt bom | excelente | mt bom | vc paga e não recebe | vc paga e não recebe | vc paga e não recebe,1,410.84875,293.92833333333334,2
a1bb96820529725c3c79a77c69e7e792,2,133.69,14.854444444444445,1.0,2.333333333333333,2,446,garden_tools,sao paulo,SP,Recebi um cortador de salada ao invés das gaiolas | da forma que eu esperava | Recebi um cortador de salada ao invés das gaiolas | da forma que eu esperava | Recebi um cortador de salada ao invés das gaiolas | da forma que eu esperava | Recebi um cortador de salada ao invés das gaiolas | Recebi um cortador de salada ao invés das gaiolas | Recebi um cortador de salada ao invés das gaiolas,1,133.69,14.854444444444445,2
a1c61f8566347ec44ea37d22854634a1,2,144.47,72.235,1.0,4.5,2,4,auto,varginha,MG,Muito bom,1,144.47,72.235,2
a1cdbc5dca5586402ae4d87f099258a0,1,268.95000000000005,89.65000000000002,1.0,3.0,2,96,bed_bath_table,sao paulo,SP,Muito bom,1,268.95000000000005,89.65000000000002,2
a1cf0b1b6d8bdb6170db08446546b6f5,1,327.76,163.88,1.0,4.0,2,294,bed_bath_table,rio de janeiro,RJ,Muito bom,1,327.76,163.88,2
a1d53377ab83871b0ad483b03ac69d6c,1,220.88,110.44,3.0,5.0,2,174,fashion_bags_accessories,sao paulo,SP,Muito bom,1,220.88,110.44,2
a2027a1c6f9e04a875c44ea09061d3f2,2,437.55,145.85,6.666666666666667,2.333333333333333,2,103,bed_bath_table,sao paulo,SP,Não chegou uma das minhas mercadorias e estar contando no site que chegou só que não chegou  | Não chegou uma das minhas mercadorias e estar contando no site que chegou só que não chegou ,1,410.84875,145.85,2
a2370b590b2453d5a748d4c4c35f900b,2,76.46000000000001,38.23,3.5,5.0,2,288,garden_tools,oliveira,MG,Muito bom,1,76.46000000000001,38.23,2
a239b8e2fbce33780f1f1912e2ee5275,4,518.5,129.625,5.5,5.0,3,557,bed_bath_table,manaus,AM,Recomendo para outros,1,410.84875,129.625,2
a253d10c681ebc4ee987907d2fd156ce,2,445.87,222.935,1.0,4.5,2,106,air_conditioning,rio de janeiro,RJ,"Produto de ótima qualidade, mas veio faltando o suporte , aquele que utilizamos para transferir ou transportar ventilador de um lugar para outro.",1,410.84875,222.935,2
a262442e3ab89611b44877c7aaf77468,2,177.83,88.915,3.5,5.0,2,35,computers_accessories,rio de janeiro,RJ,Entrega rápida e produto de qualidade!!! | Produto dentro das expectativas esperadas.,1,177.83,88.915,2
a26dbad393f0b90afd1675b027730df0,1,283.44,141.72,1.0,2.0,2,134,health_beauty,vitoria da conquista,BA,Muito bom,1,283.44,141.72,2
a26fff917d367b218a794da1eecba3fc,2,185.94,92.97,3.0,5.0,2,62,fashion_bags_accessories,itapema,SC,Muito bom,1,185.94,92.97,2
a2979436ea8e2cadacb6bd64e8b37d9b,1,326.9,163.45,6.0,1.0,2,110,health_beauty,araruama,RJ,Muito bom,1,326.9,163.45,2
a2b7188b91416738f3f713f6e107f276,2,717.8,239.26666666666665,4.0,4.666666666666667,2,190,cool_stuff,porto alegre,RS,Muito bom,1,410.84875,239.26666666666665,2
a2cc1d19b7e7709a50efc5501e2d52df,1,323.8,161.9,1.0,2.0,2,135,baby,itarare,SP,"Produto entregue parcialmente, só chegou uma luminária a de cor preta, a outra luminária não foi enviada até o presente momento. | Produto entregue parcialmente, só chegou uma luminária a de cor preta, a outra luminária não foi enviada até o presente momento.",1,323.8,161.9,2
a2d8125361b16f316df65f4603b88e23,2,733.54,244.5133333333333,1.0,5.0,2,172,construction_tools_safety,gravatai,RS,"entregaram certinho, chegou muito antes do prazo. | entregaram certinho, chegou muito antes do prazo.",1,410.84875,244.5133333333333,2
a2eb3545fdbc2c6687e8d66c78c206d6,2,627.1999999999999,104.53333333333332,1.0,5.0,2,80,bed_bath_table,sao paulo,SP,Muito bom,1,410.84875,104.53333333333332,2
a2ee01609cebac76651bfc4814f5500e,2,143.85,71.925,1.0,4.0,2,80,computers_accessories,franco da rocha,SP,Muito bom,1,143.85,71.925,2
a30af9d68fbfcafb8451854c528587f5,2,117.7,58.85,5.5,4.5,2,35,computers_accessories,sao paulo,SP,Muito bom,1,117.7,58.85,2
a31ef19138e1e8ddad1c8c30612a044d,2,121.64,60.82000000000001,3.5,4.0,2,82,bed_bath_table,sorocaba,SP,"O produto foi entregue corretamente, e até antes do prazo, porém, a sua qualidade é bem inferior ao esperado.",1,121.64,60.82000000000001,2
a327e19095ffb086d25f7ee477c9d3c6,2,175.8,87.9,1.0,4.0,2,576,bed_bath_table,nova iguacu,RJ,Rápido.  | Rápido,1,175.8,87.9,2
a3531b78e25e6948ff198a441c30b8eb,1,203.56,16.963333333333335,1.0,1.0,2,243,health_beauty,diadema,SP,Muito bom,1,203.56,16.963333333333335,2
a366793a4999f8cc135855c4dd347421,2,207.97,103.985,5.0,5.0,2,80,furniture_decor,sao paulo,SP,Muito bom,1,207.97,103.985,2
a38b86dce31f7c014a0c958b548f6a64,2,180.66,90.33,1.0,5.0,2,443,fashion_bags_accessories,mariana,MG,recomendo muito,1,180.66,90.33,2
a3933b244e31797e3d98cfadd9e1ef08,1,722.62,361.31,10.0,1.0,2,277,computers_accessories,alvorada,RS,"Foi entregue somente um dos transformadores, entregue o de 3500 va e falta o transformafor de 5000va | Foi entregue somente um dos transformadores, entregue o de 3500 va e falta o transformafor de 5000va",1,410.84875,345.73,2
a3be4fbb70c22ecb4fb7aa1c21d4b885,1,272.0,136.0,3.0,5.0,2,33,drinks,sao paulo,SP,Muito bom,1,272.0,136.0,2
a3cff19572a9d98802efdd6603792ce9,2,114.92,57.46,4.5,3.0,2,231,baby,dourados,MS,"produto veio com teclas não funcionando, solicitei devolução",1,114.92,57.46,2
a3dc27d87234f862d7e61a0148c77fa9,3,3947.31,358.8463636363636,1.0,5.0,2,138,health_beauty,guarulhos,SP,Muito bom,1,410.84875,345.73,2
a40096fc0a3862e9e12bc55b5f8e6ab2,3,1572.65,196.58125,1.0,1.0,3,322,bed_bath_table,rio de janeiro,RJ,A targaryen é um intermediário entre lojas de e-commerce e o consumidor. TOTALMENTE desorganizada. DOU NOTA ZERO a targaryen. | A targaryen é um intermediário entre lojas de e-commerce e o consumidor. TOTALMENTE desorganizada. DOU NOTA ZERO a targaryen. | A targaryen é um intermediário entre lojas de e-commerce e o consumidor. TOTALMENTE desorganizada. DOU NOTA ZERO a targaryen. | A targaryen é um intermediário entre lojas de e-commerce e o consumidor. TOTALMENTE desorganizada. DOU NOTA ZERO a targaryen. | Dia 17/10 recebi o enfeite Camelo: sem nota fiscal e/ou DANFE. Dia 19/10 recebi a cortina (NF somente da cortina). AINDA NÃO RECEBI os dois Incensários Quadrados em Vidro Amor. Dou nota ZERO a targaryen.,1,410.84875,196.58125,2
a4030b5e97ffc14114e66d82df860f6f,2,66.96000000000001,33.480000000000004,1.0,3.5,2,88,fixed_telephony,sao paulo,SP,Com prei nau chego nuprazo  | Otimo,1,66.96000000000001,33.480000000000004,2
a43931660f8bbcc1c64db8ddf4b10dff,2,128.73,64.365,2.5,5.0,2,326,health_beauty,valinhos,SP,"melhor do que eu esperava,podem comprar",1,128.73,64.365,2
a44b31b99d33ba6c128b857d28842ea8,2,248.99,82.99666666666666,3.0,5.0,2,186,computers_accessories,brasilia,DF,Muito bom,1,248.99,82.99666666666666,2
a484d6a80277ccf24d9980cf34c47546,2,178.38,59.46,1.0,5.0,2,348,sports_leisure,sao paulo,SP,Muito bom,1,178.38,59.46,2
a48616b0798c3f1d5cae097c18180be8,2,560.55,186.85,3.0,3.6666666666666665,2,182,toys,nova friburgo,RJ,Muito bom,1,410.84875,186.85,2
a4e456eca4b667dc31e1881a4b56b319,2,165.68,82.84,1.0,4.0,2,82,computers_accessories,itapetininga,SP,boa loja,1,165.68,82.84,2
a4e71a98a7a1490fff07e7a65cf06be2,2,301.94,150.97,9.0,2.5,2,322,computers_accessories,ipigua,SP,Muito bom,1,301.94,150.97,2
a4e8a2fb3d4d783c8eec5bf1ea80d3c6,2,362.78,181.39,6.0,5.0,2,164,art,guaratingueta,SP,"Quadro muito bonito pra quarto , eu
Super recomendo  | Estou muito satisfeito, tanto do produto quanto a entrega, eu super recomendo ",1,362.78,181.39,2
a518c60e2e7f3a2820b4ef5cf5107189,2,333.35,111.11666666666667,10.0,4.333333333333333,2,317,furniture_decor,sao paulo,SP,"Otimo produto!
Lindas..",1,333.35,111.11666666666667,2
a53c5bbb7be8b7a0f586d31c2bc499ef,2,365.32,182.66,5.5,5.0,2,5,bed_bath_table,indaiatuba,SP,"Gostei muito do produto, pelos macios  | Eu recomendo, tapete fino mas com pelos macios.",1,365.32,182.66,2
a54de86aa4370cc93031bb4e99d436b0,2,229.92,76.64,1.0,2.6666666666666665,2,95,home_construction,sao paulo,SP,"AINDA NAO RECEBI O PRODUTO
CONTINUO NO AGUARDO | AINDA NAO RECEBI O PRODUTO
CONTINUO NO AGUARDO",1,229.92,76.64,2
a55e19719dab7efad8d5b7b0bedf5326,2,389.16,77.83200000000001,5.2,5.0,2,70,bed_bath_table,sao paulo,SP,Excelente | Excelente | Excelente | Poderia já vir com adaptador de tomada junto ao cabo USB | Poderia já vir com adaptador de tomada junto ao cabo USB,1,389.16,77.83200000000001,2
a565d889e6411ccbb4232fdfec246789,1,646.88,323.44,1.0,2.0,2,469,bed_bath_table,uberlandia,MG,Recebi apenas a bolsa a cortina não recebi. | Recebi apenas a bolsa a cortina não recebi.,1,410.84875,323.44,2
a56d7533e35b29f5c591bf498b6cc6d1,1,227.22,113.61,1.0,3.0,2,105,computers_accessories,indaiatuba,SP,Muito bom,1,227.22,113.61,2
a59169a3afbcf3dd2c01d3edcdd7d024,1,1521.82,760.91,3.0,1.0,2,320,garden_tools,itabaiana,SE,Recebi 01 item apenas. | Recebi 01 item apenas.,1,410.84875,345.73,2
a5ba329297100ea689fa263768b35b8b,1,345.9,115.3,10.0,3.0,2,410,furniture_decor,caxias do sul,RS,A garrafa de vidro ainda não chegou... mas os copos sim... vou aguardar  | A garrafa de vidro ainda não chegou... mas os copos sim... vou aguardar  | A garrafa de vidro ainda não chegou... mas os copos sim... vou aguardar ,1,345.9,115.3,2
a5c62e7e896b7e6ed95d39714f51304a,2,130.36,43.45333333333334,1.0,4.0,2,421,telephony,caraguatatuba,SP,Muito bom,1,130.36,43.45333333333334,2
a5c806ebe5b25d0ab1e7f0da0e17d6bc,2,257.24,128.62,3.0,4.0,2,502,luggage_accessories,sao bernardo do campo,SP,Muito bom,1,257.24,128.62,2
a5c9660af607788526f45b6774ac2594,2,273.25,136.625,5.0,4.5,2,402,perfumery,sao paulo,SP,Miuto bom está loja,1,273.25,136.625,2
a61a0484f0c42f81f6299b8d89123823,2,132.99,66.495,2.0,4.0,2,19,health_beauty,mirandopolis,SP,Dentro do contratado | Tudo dentro do previsto ,1,132.99,66.495,2
a68ad412c53f45ccc69644d62568224f,1,483.78,241.89,1.0,5.0,2,400,baby,santo andre,SP,Muito bom,1,410.84875,241.89,2
a6af4c9bc9407009467c56b92f0d5a66,1,1193.88,397.96,10.0,1.0,2,235,cool_stuff,niteroi,RJ,Muito bom,1,410.84875,345.73,2
a6cc2b0e951069e78ca04b7c5d68d8af,1,375.18,187.59,9.0,1.0,2,407,health_beauty,porto alegre,RS,Muito bom,1,375.18,187.59,2
a6cc322a1e6b64d3910e682894989306,1,948.93,316.31,1.0,3.0,2,369,furniture_decor,belo horizonte,MG,Muito bom,1,410.84875,316.31,2
a6ddea592cbc5da9970a9a9803c07347,1,421.12,210.56,2.0,5.0,2,390,bed_bath_table,rio de janeiro,RJ,so não fiquei mais satisfeita porque tive que retirar nos correios | so não fiquei mais satisfeita porque tive que retirar nos correios,1,410.84875,210.56,2
a6e56ce065f297714559452de03a2ca6,2,693.3299999999999,231.11,1.0,5.0,2,46,computers_accessories,ituiutaba,MG,Muito bom,1,410.84875,231.11,2
a6ea57f856565adf869941339028fa05,2,470.83,156.94333333333333,6.666666666666667,3.0,2,216,perfumery,sao paulo,SP,Assim que receber o item eu avalio com veracidade e tambem as recomendações. | Assim que receber o item eu avalio com veracidade e tambem as recomendações.,1,410.84875,156.94333333333333,2
a6ecedfb81724dfa96774f35c0aba2f2,1,127.02,63.51,6.0,1.0,2,194,bed_bath_table,itu,SP,Muito bom,1,127.02,63.51,2
a72a2d4e19868dba726c0e6f49198c7e,3,538.33,179.44333333333336,7.0,3.0,3,15,fashion_bags_accessories,firminopolis,GO,"Produto lindo, muito bom, gostei muito. acima do esperado  | O produto veio mal embalado, podendo ser facilmente avariado. Aliás foi, pois chegou com umas das rodinhas quebradas, que foi edentificado assim que foi aberto  | Gostei do produto, tive dificuldade para montar, pois não conseguia rosquear ele porque estava com um amassadinho no furo, mais dei um jeito e ficou muito bom. ",1,410.84875,179.44333333333336,2
a734b778c0eaf878d7954324c135d3e2,1,748.71,249.57,1.0,5.0,2,84,furniture_decor,belem,PA,"Tudo certo, entrega antes do prazo, obrigado.  | Tudo certo, entrega antes do prazo, obrigado.  | Tudo certo, entrega antes do prazo, obrigado. ",1,410.84875,249.57,2
a73c5464692d3bc09d64e3edefae9015,4,320.61,80.1525,1.5,5.0,3,73,fashion_bags_accessories,santo andre,SP,Muito bom,1,320.61,80.1525,2
a73e7aa41ad2bb8f870bbe407ab500cf,1,412.94,206.47,1.0,4.0,2,25,bed_bath_table,eldorado,SP,Muito bom,1,410.84875,206.47,2
a783997c6d6e57782d4d2dcbc5c9edaf,2,294.02,147.01,5.5,3.0,2,175,computers_accessories,porto seguro,BA,"Loja nota 10 | Nao posso avalia um produto que ainda nao recebi
se fosse para avalia eu daria 0",1,294.02,147.01,2
a78856b0e5b47a539274777a789acd6c,1,1036.53,345.51,10.0,1.0,2,338,garden_tools,niteroi,RJ,Infelizmente nao foi entregue os pendulos.....  | Infelizmente nao foi entregue os pendulos.....  | Infelizmente nao foi entregue os pendulos..... ,1,410.84875,345.51,2
a7986e0208cca640dd67c245525231b2,2,1152.08,384.0266666666666,4.0,2.0,2,185,furniture_living_room,rio de janeiro,RJ,"A informação de que o produto chegou não procede. A previsão de que seria entregue dia 16/03, porém o produto apesar de já ter a NF emitida não foi para a transportadora.
Aguardo retorno. | Produto consta como entregue aos correios do RJ desde o dia 20/03 e ainda não saiu para entrega. | Produto consta como entregue aos correios do RJ desde o dia 20/03 e ainda não saiu para entrega.",1,410.84875,345.73,2
a79f018f214e99a7551fd6efea6e2c4d,2,296.76,148.38,1.0,5.0,2,308,bed_bath_table,varginha,MG,Muito bom,1,296.76,148.38,2
a7d9a3e447614288937ad2bba991676c,2,1061.9,176.98333333333335,10.0,1.3333333333333333,2,382,bed_bath_table,sao paulo,SP,Marca como entregue 2 produtos....mas na realidade recebi apenas 1....Falta tapete de borboleta  | Marca como entregue 2 produtos....mas na realidade recebi apenas 1....Falta tapete de borboleta  | Marca como entregue 2 produtos....mas na realidade recebi apenas 1....Falta tapete de borboleta  | Marca como entregue 2 produtos....mas na realidade recebi apenas 1....Falta tapete de borboleta ,1,410.84875,176.98333333333335,2
a7f45c1961dbd98e7a14f3d38ea11c06,2,559.46,186.48666666666668,1.0,5.0,2,41,furniture_decor,sao bernardo do campo,SP,Muito bom,1,410.84875,186.48666666666668,2
a7f8b23aaf522616c6c7daa2a3753247,2,504.82,252.41,5.5,3.0,2,268,fixed_telephony,joao pessoa,PB,Muito bom,1,410.84875,252.41,2
a8060584a077038962852f3184a4571e,2,488.76,244.38,3.5,5.0,2,25,garden_tools,ipatinga,MG,"Produto de qualidade conforme anunciado, entrega antes do combinado. | Conforme combinado, produto de qualidade.",1,410.84875,244.38,2
a80bfbd1e59358c3afb4b2980455f171,2,311.13,155.565,4.5,5.0,2,58,bed_bath_table,ribeirao preto,SP,.,1,311.13,155.565,2
a82d9e16794b2921f600796767322a9f,2,387.54,193.77,4.5,5.0,2,469,electronics,rodeiro,MG,"entrega super rápida e em ótimas condições. | Loja séria com seus compromissos, entrega rápida.
Excelente loja para se comprar.",1,387.54,193.77,2
a8333c0243253bb6d89193af79807384,2,278.01,139.005,7.5,3.0,2,195,baby,uberlandia,MG,"Chegou antes do prazo estipulado.  | Produto caro, qualidade precária, plástico horrível e mole, se na descrição informassem que era plástico não compraria, não compensa o valor",1,278.01,139.005,2
a865a3f8b39809ab1ba53cd0e8122999,2,158.95,79.475,1.0,5.0,2,224,bed_bath_table,sao paulo,SP,Recebi o produto corretamente.,1,158.95,79.475,2
a8df4001abe77cf8473902c2b7efe418,2,62.61,31.305,1.5,4.5,2,313,garden_tools,sao paulo,SP,Muito bom,1,62.61,31.305,2
a900ff99a192cbaf6ae8e867a95117a3,2,172.57,57.52333333333333,1.0,5.0,2,24,pet_shop,barueri,SP,"Muito rapido, muito pratico, sempre recebi os produtos exatamente como foram divulgados e ainda antes do prazo.  | Muito rapido, muito pratico, sempre recebi os produtos exatamente como foram divulgados e ainda antes do prazo.  | Comprei um organizador de porta malas para teste. Gostei muito do produto. Muito prático, dobrável e ajusta perfeitamente ao carrinho de transporte. Chegou antes do prazo.",1,172.57,57.52333333333333,2
a90cee8ed0f5b3e060f3127580f0ed49,1,362.26,181.13,5.0,5.0,2,68,computers_accessories,nilopolis,RJ,"Multo bom, produto conforme especificado | Multo bom, produto conforme especificado",1,362.26,181.13,2
a914b2be4782207abc6758095ec9e8aa,2,1064.76,152.10857142857142,1.0,5.0,2,22,food_drink,sao paulo,SP,Muito bom,1,410.84875,152.10857142857142,2
a944a93bfa1d65b1523c45f9ccb01ec0,2,138.16000000000005,69.08000000000001,1.0,2.0,2,272,baby,itajai,SC,Muito bom,1,138.16000000000005,69.08000000000001,2
a9e070f61d35aa13e420c8597b5ccb3d,3,250.2,62.55,1.5,4.5,2,212,fashion_bags_accessories,belo horizonte,MG,Eu recebi apenas um produto. O outro produto ainda não recebi.,1,250.2,62.55,2
a9e4348b76f85861ada324e72dc92aca,2,377.15,188.575,5.0,5.0,2,139,furniture_decor,rondonopolis,MT,muito bonito!,1,377.15,188.575,2
aa2630ebac79aa0c7749370b705121bc,2,1472.0,245.33333333333331,8.0,2.333333333333333,2,330,furniture_decor,duque de caxias,RJ,"Recebi o produto diferente do que foi adquirido e não consegui contato com a loja por nenhum meio .
 | Recebi o produto diferente do que foi adquirido e não consegui contato com a loja por nenhum meio .
 | Recebi o produto diferente do que foi adquirido e não consegui contato com a loja por nenhum meio .
 | Recebi o produto diferente do que foi adquirido e não consegui contato com a loja por nenhum meio .
",1,410.84875,245.33333333333331,2
aa45ad6fcba95488ece6beda576c7106,1,141.2,70.6,7.0,5.0,2,501,auto,porto alegre,RS,Muito bom,1,141.2,70.6,2
aa5dd0414c0e9ad24f22e06bec1dc805,1,262.56,87.52,1.0,5.0,2,31,baby,sao jose dos campos,SP,Muito bom,1,262.56,87.52,2
aa60cdc29dfb37e9388bdd20aa4d7a61,1,343.68,171.84,1.0,5.0,2,408,luggage_accessories,caete,MG,Produtos impecáveis e lindos! De 1ª qualidade!!!! | Produtos impecáveis e lindos! De 1ª qualidade!!!!,1,343.68,171.84,2
aa7601db46d40e3f6a3a8a7d72797729,1,355.04,177.52,5.0,2.0,2,15,health_beauty,osasco,SP,Recebi parcialmente. | Recebi parcialmente.,1,355.04,177.52,2
aa819ffd42a7a52ddfaee53f024fafdd,2,157.28,78.64,7.0,4.0,2,276,furniture_decor,itapetinga,BA,Produto bom.,1,157.28,78.64,2
aab0cf2b7b1d9c3fd242397d73ed044b,2,126.37,63.185,2.0,4.5,2,208,office_furniture,francisco morato,SP,"O produto é bom! Tem uma qualidade media, mais pra alta, recomendo pra iniciar e também pra decorativo e perfeito, vem com o suporte pra colocar na parede. ",1,126.37,63.185,2
aaf97f99c731d8d84810ff16e6ded10d,2,381.53,190.765,1.0,4.0,2,355,office_furniture,brasilia,DF,Muito bom,1,381.53,190.765,2
ab0f956f72812ae4636be4e15b58031e,2,123.35,41.11666666666667,1.3333333333333333,5.0,2,428,watches_gifts,sao paulo,SP,Muito bom,1,123.35,41.11666666666667,2
ab0faabf48c8c0108c13277d2b701f16,2,257.09000000000003,128.54500000000002,4.0,3.5,2,223,bed_bath_table,riacho dos machados,MG,Muito bom,1,257.09000000000003,128.54500000000002,2
ab243cd9e788d689cc822380f59616e1,3,1104.42,276.105,3.25,4.5,2,209,sports_leisure,campinas,SP,Muito bom,1,410.84875,276.105,2
ab58f2fb5f71caac6366303095c0cd41,2,266.76,133.38,3.5,5.0,2,116,cool_stuff,curitiba,PR,Muito bom,1,266.76,133.38,2
ab93bfed86e2417198d66cf58945442e,1,253.34,126.67,1.0,5.0,2,89,books_technical,aruja,SP,Excelente serviço e os produtos foram exatamente o que eu esperava. | Excelente serviço e os produtos foram exatamente o que eu esperava.,1,253.34,126.67,2
abc9e5b32caf6ec0c8fa356117b66d66,2,332.34000000000003,166.17000000000002,6.5,3.5,2,25,costruction_tools_garden,assis,SP,Muito bom,1,332.34000000000003,166.17000000000002,2
abf227dc917e1dd81b8149735d755b65,1,346.34,173.17,6.0,1.0,2,40,furniture_decor,barueri,SP,"Estou aguardando uma resposta, pois minha entrega foi entregue parcialmente, esta faltando uma luminária. | Estou aguardando uma resposta, pois minha entrega foi entregue parcialmente, esta faltando uma luminária.",1,346.34,173.17,2
abfe742e782fb10f5c824fcb849e5cd1,2,295.46000000000004,73.86500000000001,7.0,5.0,2,376,bed_bath_table,sorocaba,SP,Otimo  | Otimo ,1,295.46000000000004,73.86500000000001,2
ac307db9d15fc5bb19b61298bd6bd1ed,1,847.34,423.67,10.0,3.0,2,46,furniture_decor,sao miguel do araguaia,GO,Muito bom,1,410.84875,345.73,2
ac41f579acca6c3b73f910753216d632,1,540.36,270.18,1.0,4.0,2,266,stationery,brasilia,DF,"Comprei dois produtos na loja: uma mochila e cinco bonecos... Entretanto, recebi apenas a mochila. Além disso, a entrega toda aparece no site com o status de entregue. | Comprei dois produtos na loja: uma mochila e cinco bonecos... Entretanto, recebi apenas a mochila. Além disso, a entrega toda aparece no site com o status de entregue.",1,410.84875,270.18,2
ac64c33e439eba6713e1743e070ef50e,2,146.68,36.67,1.0,4.0,2,479,furniture_decor,sao paulo,SP,Muito bom,1,146.68,36.67,2
ac986f7ba1b566e5116f30662a1c1d41,1,170.8,85.4,1.0,4.0,2,493,cool_stuff,campinas,SP,"não receci a capa do celular, nem o celular | não receci a capa do celular, nem o celular",1,170.8,85.4,2
acaf5177d6de60fda7ce77c48abb5230,3,1832.42,366.484,1.0,5.0,3,139,pet_shop,suzano,SP,"Produto de ótima qualidade. Não estava disponível na cor do anúncio, mas o vendedor entrou em contato prontamente. Parabéns pelo excelente atendimento! | Produto de ótima qualidade. Não estava disponível na cor do anúncio, mas o vendedor entrou em contato prontamente. Parabéns pelo excelente atendimento! | Produto de ótima qualidade. Não estava disponível na cor do anúncio, mas o vendedor entrou em contato prontamente. Parabéns pelo excelente atendimento!",1,410.84875,345.73,2
acc374bd9024806a83121b1d2565db2f,2,226.12,113.06,1.0,3.5,2,170,books_general_interest,rio grande,RS,Muito bom,1,226.12,113.06,2
acc4424c209233de519e034152f30304,2,329.48,164.74,2.0,4.5,2,115,computers_accessories,rio de janeiro,RJ,"Boa tarde!
Apesar de marcar sim, achei estranho o envelope estar rasgado, parecendo violado.
Só vou ter certeza do produto quando usar.",1,329.48,164.74,2
acd7af4da419afee85373166387d5799,2,712.22,356.11,1.0,3.0,2,9,auto,rio de janeiro,RJ,muito bom ,1,410.84875,345.73,2
acdd97a40f823d882b593db8649be17a,1,280.16,46.69333333333333,1.0,3.0,2,238,bed_bath_table,mogi das cruzes,SP,Muito bom,1,280.16,46.69333333333333,2
acea6bd29b8c1e3c6a8b266a8fb4475e,4,1365.01,195.00142857142856,1.4285714285714286,2.571428571428572,2,117,toys,porto velho,RO,Muito bom,1,410.84875,195.00142857142856,2
acf91aaa6f337456d3c506a5a494552c,2,165.01999999999998,82.50999999999999,3.0,4.5,2,123,furniture_decor,ouro branco,MG,Muito bom,1,165.01999999999998,82.50999999999999,2
ad0ab3a7b55bde26410aff17192f6699,2,46.56,23.28,2.0,4.5,2,150,construction_tools_construction,santo andre,SP,"Comprei o produto no dia 13/02 à noite e chegou em 16/02. Bem antes do previsto. Agora minha esposa não precisará me pedir para ajustar a temperatura do chuveiro.(risos)  | Comprei com o intuito da minha filha de 1 ano e 7 meses brincar. Achei o material fraco, mas pelo valor e entrega rápida e o sorriso da minha filha, valeu a aquisição. ",1,46.56,23.28,2
ad7072317d373de9bdc9b4ed5b6c5a85,2,195.1,97.55,4.0,5.0,2,321,computers_accessories,aracaju,SE,Muito bom,1,195.1,97.55,2
ad97668eed5826a5d800b15351bea269,2,948.01,316.00333333333333,4.666666666666667,4.0,2,58,office_furniture,sao paulo,SP,"tudo certo, produto dentro do padrao. | tudo certo, produto dentro do padrao.",1,410.84875,316.00333333333333,2
ad99c498c47110d1f9347a154f334d88,1,384.2,192.1,10.0,5.0,2,368,bed_bath_table,rancharia,SP,Muito bom,1,384.2,192.1,2
ada6236b6bba2b0c3588aea846e43afb,2,221.28,110.64,1.0,4.0,2,14,bed_bath_table,diadema,SP,Material do produto não muito bom,1,221.28,110.64,2
addc1082e059523e5ef2e7486d1d8905,2,328.66,109.55333333333334,4.0,5.0,2,183,furniture_decor,sao paulo,SP,Muito bom,1,328.66,109.55333333333334,2
ade4eefdf0232fa26f1988cb56edc58c,2,375.67,125.22333333333331,1.3333333333333333,5.0,2,218,garden_tools,sete lagoas,MG,Produto excelente! ,1,375.67,125.22333333333331,2
ae207cf8119fd10e3b9ac24570089fad,2,281.5,140.75,9.5,5.0,2,359,computers_accessories,porto alegre,RS,Muito bom,1,281.5,140.75,2
ae20947231d4d44dde1680a7ab14d90a,3,335.15,111.71666666666664,3.0,5.0,2,351,housewares,rio de janeiro,RJ,Produto muito bom. Loja como sempre surpreendendo pelo OTIMO ATENDIMENTO ,1,335.15,111.71666666666664,2
ae3b415f236744102ea56e54097f16f5,1,564.62,282.31,2.0,1.0,2,77,furniture_decor,rio de janeiro,RJ,Comprei as luminárias e não foi entregue | Comprei as luminárias e não foi entregue,1,410.84875,282.31,2
ae3f45a35de98e19b3ac981ff817f044,1,618.02,309.01,1.0,1.0,2,97,housewares,sao jose,SC,"Pedido veio pela metade. Comprei extrator de cravos e caneleira, mas recebi somente a cabeleira. | Pedido veio pela metade. Comprei extrator de cravos e caneleira, mas recebi somente a cabeleira.",1,410.84875,309.01,2
ae4040757eb5b3be43a7c0ea27260d50,1,414.2,207.1,1.0,4.0,2,369,bed_bath_table,vinhedo,SP,Muito bom,1,410.84875,207.1,2
ae4395be33e633d0c87010d59847e5ed,2,1086.24,181.04,2.0,2.5,2,103,fashion_bags_accessories,osasco,SP,Está faltando receber um produto: Pulseira Masculina de Couro Caveira Couro Legítimo + Pedra Preto 20  | Recebi o produto errado. | Está faltando receber um produto: Pulseira Masculina de Couro Caveira Couro Legítimo + Pedra Preto 20  | Recebi o produto errado. | Está faltando receber um produto: Pulseira Masculina de Couro Caveira Couro Legítimo + Pedra Preto 20  | Recebi o produto errado.,1,410.84875,181.04,2
ae53a87a257f8e54795af6ff434e443b,2,1019.41,509.705,8.0,4.0,2,349,health_beauty,camamu,BA,Muito bom,1,410.84875,345.73,2
ae72fc322c436d955bae749b31ef4b97,2,111.09,55.545,1.0,4.0,2,138,sports_leisure,sao paulo,SP,Eu precisava de uma capa para Galaxy S8 edge sem ser o Plus. Veio para o modelo errado o Plus. Quero devolve-la não tem funcionalidade pra mim.,1,111.09,55.545,2
ae74c314b9c383e5d7bcd99d54ffbc71,2,177.76999999999998,88.88499999999999,6.5,3.5,2,448,housewares,ribeirao preto,SP,"não recebi o produto e estou aguardando o estorno do valor do meu cartão de credito, ou um vale compras, aguardo retorno ",1,177.76999999999998,88.88499999999999,2
ae7b79796d47ab59f417a154efcdbb77,2,232.23,116.115,2.5,5.0,2,340,air_conditioning,andira,PR,Os produtos vendidos através do stark são muito bons e sempre de qualidade. | Òtimo produto... chegou antes do prazo,1,232.23,116.115,2
ae899cddd0d9a9ae7f10099595241089,2,100.44,50.22,3.0,3.0,2,84,cool_stuff,belo horizonte,MG,Muito bom,1,100.44,50.22,2
aeb6e243a46bb92926715a3de3a41f4c,1,534.63,178.21,1.0,3.0,3,118,computers_accessories,ribeirao preto,SP,Muito bom,1,410.84875,178.21,2
aebc1c715aad58419ecb2d919f449127,2,109.13,54.565,1.0,5.0,2,122,furniture_decor,goiania,GO,"O quadro é muito bonito, bem feito, compraria até três. Gostei bastante, recomendo para todos que quiserem Comprar. Não é um quadri grande, mas o tamanho vale sua beleza e resistência. | O cubo é muito maleável, sua cores são maravilhosas. Recomendo muito.",1,109.13,54.565,2
af0450a3075f107a38cd7daadc98f990,2,102.31,51.155,1.0,5.0,2,145,bed_bath_table,sao paulo,SP,boa | bom,1,102.31,51.155,2
af0c56271f45797ea6bcb96de7de9a8e,1,220.34,110.17,1.0,5.0,2,162,baby,sao paulo,SP,Muito bom,1,220.34,110.17,2
af0f26435fade1ca984d9affda307199,2,466.5700000000001,155.52333333333334,4.333333333333333,3.333333333333333,3,238,bed_bath_table,maua,SP,coprei tres ítens faltou entregar um | coprei tres ítens faltou entregar um,1,410.84875,155.52333333333334,2
af417df88fa589d65603e559ee80a22c,1,437.6,218.8,6.0,1.0,2,349,bed_bath_table,brasilia,DF,"Umdos kits chegou certo o outro chegou foi cortina, não pedi cortina.. e não consigo falar com a loja | Umdos kits chegou certo o outro chegou foi cortina, não pedi cortina.. e não consigo falar com a loja",1,410.84875,218.8,2
afd7854781ccdc3222b69421f9c7c6ee,2,1079.54,215.908,4.0,5.0,2,541,bed_bath_table,brasilia,DF,Loja sempre agiu com correção. | Produto correto. Sempre cumpre o prazo de entrega.  | Loja sempre agiu com correção. | Produto correto. Sempre cumpre o prazo de entrega.  | Loja sempre agiu com correção.,1,410.84875,215.908,2
afed5a21e94b4e3e5fbe6c7e4bc92f4c,2,718.45,179.6125,5.5,5.0,3,127,pet_shop,salto,SP,Muito bom,1,410.84875,179.6125,2
aff7f8b5669fbc5d6f6097ce45e63b19,2,332.3,110.76666666666668,8.0,4.666666666666667,2,54,fashion_bags_accessories,paulo frontin,PR,"SIM REFERENTE AOS CELULARES E A CAPA EM COURO ATENDEU MINHAS EXPECTATIVAS, MAS A PELÍCULA VEIO ERRADA MEU LG É O K10 PRO TELA 5,7MM, A PELÍCULA VEIO PRO K10 NOVO 5,3MM ",1,332.3,110.76666666666668,2
b021c4914aaf3c673e92473fb1e61010,2,333.49,111.16333333333334,1.0,5.0,2,23,bed_bath_table,mage,RJ,Muito bom,1,333.49,111.16333333333334,2
b03155da610163a1626f1b99d4787774,2,290.32,145.16,2.5,3.0,2,34,construction_tools_construction,candeias,BA,vocês e muito pontual | boa tarde vocês e pontual,1,290.32,145.16,2
b045295488236fa73d8d9c37dc4b03e7,2,2397.93,799.31,1.0,3.6666666666666665,2,350,toys,teresina,PI,Muito bom,1,410.84875,345.73,2
b0468c2f2573d7b6bc5bc33479785e2a,2,136.72000000000003,68.36000000000001,1.0,4.5,2,19,consoles_games,lages,SC,"Produto foi entregue corretamente antes do prazo,recomendo muito",1,136.72000000000003,68.36000000000001,2
b04b3653ac441004b247e96ac0829d0c,2,141.73,70.865,1.0,3.0,2,117,housewares,sao paulo,SP,A solda de uma das hastes metálicas se desfez enquanto eu desembalava o produto. Estou aguardando orientação para devolução.,1,141.73,70.865,2
b079e8a1977edd900b4522be9dec0245,2,358.72,179.36,1.5,5.0,2,215,computers_accessories,rio de janeiro,RJ,PRODUTO ENTREGUE ANTES DO PRAZO. | Produto chegou antes do prazo.,1,358.72,179.36,2
b08fab27d47a1eb6deda07bfd965ad43,4,477.34,119.335,1.0,4.5,2,344,fashion_bags_accessories,sao mateus,ES,"Minha esposa amou. | Perfeito para iniciantes.
",1,410.84875,119.335,2
b0b057559c54c99e41a21c40c08f7780,2,257.09000000000003,128.54500000000002,1.0,3.5,2,449,housewares,sao paulo,SP,"Comprei uma lixeira para cozinha, conforme a foto com suporte somente para o pé da lixeira, veio o suporte errado para banheiro com porta papel higiênico. | Entrega rápida, aconteceu em menos de 7 dias! Produto de ótima qualidade e preço impressionantes!! Comprei uma cadeira de escritório super confortável!",1,257.09000000000003,128.54500000000002,2
b0c5e02d315f15318e37d7aab7ebb289,2,216.51,72.17,1.0,4.0,2,297,sports_leisure,rio de janeiro,RJ,Caixa de pesca já chegou mas falta capa do Xbox e canivete  | Caixa de pesca já chegou mas falta capa do Xbox e canivete  | Caixa de pesca já chegou mas falta capa do Xbox e canivete ,1,216.51,72.17,2
b0e9276c9a1616b659dba62a86625edb,1,623.6,311.8,10.0,1.0,2,95,baby,aracruz,ES,Ainda não recebi minha capa de sofá tô aguardando | Ainda não recebi minha capa de sofá tô aguardando,1,410.84875,311.8,2
b1011cba0fd71c89bdb2a5c3b90bb1ae,1,499.4,249.7,4.0,4.0,2,325,baby,taruma,SP,Muito bom,1,410.84875,249.7,2
b1039a56990acdddd5438aea568557db,1,480.2,240.1,1.0,5.0,2,29,computers_accessories,rio de janeiro,RJ,Muito bom,1,410.84875,240.1,2
b1153ed93605e954b8710b36c8c5f5e8,2,250.81,125.405,1.5,2.5,2,127,sports_leisure,recife,PE,"NÃO RECEBI O PRODUTO ATE AGORA , E lannister NÃO DA NENHUM RETORNO!!!!!!!!!!!!!!!!!",1,250.81,125.405,2
b157d45094580a4a5a90af5331351c13,2,233.1,116.55,8.0,5.0,2,367,bed_bath_table,sao paulo,SP,Muito bom,1,233.1,116.55,2
b17ed96ffdf66518b4cf65e328298e7b,2,416.87,208.435,1.0,2.0,2,174,cool_stuff,nova iguacu,RJ,estou esperando a entrega que por sinal ja passou do prazo de entrega .,1,410.84875,208.435,2
b18c8cbd9616a95055ef4146f3f805e1,2,1474.93,163.88111111111112,1.0,3.4444444444444446,2,85,housewares,sao paulo,SP,Faltou o protetor de colchao | Faltou o protetor de colchao | Faltou o protetor de colchao | Faltou o protetor de colchao | Faltou o protetor de colchao | Faltou o protetor de colchao | Faltou o protetor de colchao,1,410.84875,163.88111111111112,2
b1a82c8d03f1811eb03d6cb6555ea68e,2,150.14,75.07,4.5,5.0,2,39,baby,carapicuiba,SP,Muito bom,1,150.14,75.07,2
b1addddee0c4b35550114227d2328cc4,2,172.18,86.09,2.0,5.0,2,61,sports_leisure,pirassununga,SP,Muito bom,1,172.18,86.09,2
b1c936c1a71a46cf4b840a9851486d86,2,129.01,43.00333333333333,4.0,5.0,2,286,fashion_bags_accessories,botucatu,SP,Muito bom,1,129.01,43.00333333333333,2
b222983612ccf9940049ebca9c555130,2,156.59,78.295,1.0,5.0,2,68,perfumery,salvador,BA,Muito bom,1,156.59,78.295,2
b239347d4d27f75a5d272929368ba243,1,406.14,135.38,6.0,5.0,2,40,construction_tools_lights,sao paulo,SP,Muito bom,1,406.14,135.38,2
b248c92ec54199bedb1d603e0e6f98c6,2,1483.26,741.63,1.0,5.0,2,189,housewares,botucatu,SP,"Estou muito satisfeito com a compra. Produto de excelente qualidade, chegou antes do prazo !!! Podem comprar com tranquilidade. Parabéns Lojas lannister pela competência, agilidade, honestidade.",1,410.84875,345.73,2
b25a21b56a2d74da49e04cadbc9e0dd8,2,127.62,15.9525,1.0,3.75,2,217,watches_gifts,simoes filho,BA,Muito bom,1,127.62,15.9525,2
b2664990a1ac9e250d98ff5c615c3276,2,227.78,75.92666666666666,7.333333333333333,3.6666666666666665,2,371,perfumery,volta redonda,RJ,Muito bom,1,227.78,75.92666666666666,2
b26fa76ddf33e534491e4ec46f51bc64,2,557.44,139.36,1.0,5.0,2,380,furniture_decor,vitoria,ES,Muito bom,1,410.84875,139.36,2
b28b906d2e7c601ca1311dbefff7962e,1,234.28,117.14,1.0,3.0,2,26,bed_bath_table,brasilia,DF,Comprei duas pelúcias e só chegou uma unidade. Está faltando a pelúcia do emoji diabinho.  | Comprei duas pelúcias e só chegou uma unidade. Está faltando a pelúcia do emoji diabinho. ,1,234.28,117.14,2
b2a35fdfe13998540dc5fdda95e35ceb,2,154.71,77.355,1.0,5.0,2,420,furniture_decor,barao de cotegipe,RS,produro chegou antes do prazo e funciona perfeitamente adorei | produto de excelente qualidade entrega super rapida adorei.,1,154.71,77.355,2
b2ad5a5e154642b975afe1d70ef27f63,1,247.38,123.69,1.0,5.0,2,446,telephony,ijui,RS,"Serviço excelente;
Produto excelente;
Prazo excelente;
Loja fantástica! | Serviço excelente;
Produto excelente;
Prazo excelente;
Loja fantástica!",1,247.38,123.69,2
b2b8c30ebaecd258b046a58574474c0c,1,223.04,111.52,6.0,1.0,2,73,bed_bath_table,vitoria,ES,Nao recebi o produto | Nao recebi o produto,1,223.04,111.52,2
b2c913a0723c7737e11067861e061913,2,821.8,205.45,3.0,3.0,2,44,construction_tools_construction,petropolis,RJ,"COMPREI DUAS PEÇAS DE FIOS E SÓ CHEGOU UMA, COM NOTA FISCAL CONTENDO AS DUAS PEÇAS. | COMPREI DUAS PEÇAS DE FIOS E SÓ CHEGOU UMA, COM NOTA FISCAL CONTENDO AS DUAS PEÇAS.",1,410.84875,205.45,2
b316e256ce45161d3ab81f74834376e8,2,250.93,125.465,5.0,5.0,2,181,fashion_bags_accessories,barrinha,SP,No 110v e meio fraca mais no 220v como manda a voltagem responde bem 😎 | Nota 10,1,250.93,125.465,2
b3879dce6b4a3b94b748b6c9b567695e,1,3536.8,1768.4,3.0,4.0,2,22,construction_tools_lights,russas,CE,Muito bom,1,410.84875,345.73,2
b39dde6dd619943190a8cc9aa6db38a4,4,769.81,192.4525,4.5,5.0,4,190,consoles_games,sao bernardo do campo,SP,Muito bom,1,410.84875,192.4525,2
b3a34bbf1a1d11885918ad3ad99083ae,2,590.87,196.95666666666668,2.0,3.6666666666666665,2,40,sports_leisure,valenca,BA,"Só foi entregue apenas um produto, a nota fiscal veio constando apenas um produto, mas a compra foi de dois produtos. | Só foi entregue apenas um produto, a nota fiscal veio constando apenas um produto, mas a compra foi de dois produtos. | A loja entregou antes do prazo previsto",1,410.84875,196.95666666666668,2
b3a6549b3cd47a7117094faafce8b10d,3,179.1,59.7,1.0,5.0,3,149,furniture_decor,osasco,SP,"Minha compra é linda, amei minhas canecas | Produto muito bom e entrega rapida, obrigada | Amei a loja",1,179.1,59.7,2
b434a4f306b4eb09c0d57b76f0c4684d,2,100.08,50.04,2.0,3.0,2,65,sports_leisure,sao paulo,SP,Muito bom,1,100.08,50.04,2
b4418ae2225a81808d6c5a61f3a719ff,2,187.71,93.855,1.0,5.0,2,52,electronics,limeira,SP,Muito bom,1,187.71,93.855,2
b46ace6f12b26ad64443c557953aee62,1,392.52,196.26,5.0,5.0,2,345,auto,anapolis,GO,Muito bom,1,392.52,196.26,2
b495d807ccbd38ea1be486a826c88008,2,312.01,156.005,2.5,5.0,2,55,furniture_decor,guaruja,SP,excelente...entrega rapida | adorei,1,312.01,156.005,2
b496bda4b2d6934b9e731a96889fd89e,1,514.1,257.05,1.0,5.0,2,70,computers_accessories,porto alegre,RS,Recebi bem rapido antes do prazo | Recebi bem rapido antes do prazo,1,410.84875,257.05,2
b49b2c657a8e73683be19111b5754ca5,1,276.78,138.39,6.0,1.0,2,335,garden_tools,rio de janeiro,RJ,"Comprei dois produtos ao mesmo tempo e só recebi um, o mesmo fornecedor, na mesma loja .  | Comprei dois produtos ao mesmo tempo e só recebi um, o mesmo fornecedor, na mesma loja . ",1,276.78,138.39,2
b4afb55d2d38d9bbe0b83ec108c3e77e,2,373.35,186.675,5.0,5.0,2,310,computers_accessories,sao paulo,SP,Produto entregue entes do prazo.,1,373.35,186.675,2
b4b0901bb872cf9972b32a05733b3394,2,463.29,231.645,6.0,5.0,2,31,construction_tools_construction,varginha,MG,Muito bom,1,410.84875,231.645,2
b4d20b907a61795e8c8f3a7966c6cfb9,2,760.6800000000001,152.13600000000002,1.0,5.0,2,76,computers_accessories,barueri,SP,Muito bom,1,410.84875,152.13600000000002,2
b4e4f24de1e8725b74e4a1f4975116ed,5,382.42,54.63142857142857,2.857142857142857,4.142857142857143,2,151,fashion_bags_accessories,juiz de fora,MG,muito bom a compara | muito bonito preço regular podia ser mai barato | faltou porta documento | gostei muito bacana | muito bom a compara | muito bonito preço regular podia ser mai barato | gosteis muito do produto ,1,382.42,54.63142857142857,2
b525fc8cce07342fb00ab3b2667c8eb9,2,692.3000000000001,138.46,1.0,5.0,2,275,home_construction,pains,MG,Muito bom,1,410.84875,138.46,2
b52b8debdefe66d4c0d7f44d9b4ff088,2,817.26,272.42,1.6666666666666667,2.0,2,21,office_furniture,armacao dos buzios,RJ,Não recebi o produto e nem satisfação | Não recebi o produto e nem satisfação,1,410.84875,272.42,2
b530945168f12f82a3f9be3a5e243afa,2,81.37,40.685,1.5,3.5,2,319,bed_bath_table,saltinho,SP,Bom,1,81.37,40.685,2
b56c60ed244eed72ff5640a41bf254d5,2,154.88,77.44,1.0,4.5,2,281,computers_accessories,ponte nova,MG,tudo joia,1,154.88,77.44,2
b57adba827f671c3f3f51139ce31f482,1,372.46,186.23,3.0,1.0,2,103,furniture_decor,curvelo,MG,Somente o Quadro Cofre Para minha Próxima Viagem 33x24x5cm foi entregue. | Somente o Quadro Cofre Para minha Próxima Viagem 33x24x5cm foi entregue.,1,372.46,186.23,2
b593353aa4c093b71235ece9689ce7e4,2,271.0,135.5,2.0,3.0,2,253,bed_bath_table,rio de janeiro,RJ,Muito bom,1,271.0,135.5,2
b59e4bb4efe81ba0f7d30cff6734f9a2,3,342.48,114.16,6.333333333333333,5.0,3,267,art,aracruz,ES,"Nossa muito linda só que eu pedi nossa senhora Aparecida e veio de Fátima,mais muito linda amei.",1,342.48,114.16,2
b5a5f413d1debecd51fd0e4874c03bbb,1,267.74,133.87,8.0,5.0,2,269,books_general_interest,jundiai,SP,Muito bom,1,267.74,133.87,2
b5d391e8447d5ae0f8b852be83249e07,2,460.37,230.185,7.0,4.0,2,14,construction_tools_lights,mairinque,SP,Muito bom,1,410.84875,230.185,2
b608532e04a3070b4b31178948f5c43b,2,338.93,169.465,1.0,5.0,2,110,health_beauty,maua,SP,"Recebei bem antes do prazo, produto maravilhoso, super recomendo.",1,338.93,169.465,2
b60fcee0a2f8f958bf64aa7e2606b21a,1,324.8,162.4,1.0,4.0,2,273,baby,conceicao do mato dentro,MG,Muito bom,1,324.8,162.4,2
b64064e3ae051f50b6f1eb12552d30e4,2,99.01,49.505,1.0,3.5,2,202,electronics,caieiras,SP,"me mandaram a antena com marca errada ,, ela não é pró eletronica mas de outa marca inferior a pró eletronica ,,veio com parafuso borboleta , qundo fui apertar , aborboleta espanou ... | para mim que tenho diabete , é muito bom para baixar a taxa de açucar do sangue .......",1,99.01,49.505,2
b643c19d91a65d73f94ba8e037668986,2,363.82,181.91,2.0,2.5,2,229,office_furniture,rio de janeiro,RJ,"Produto de péssima qualidade, as 3 partes de madeira vieram arranhadas e lascadas. Pintura horrível dos cavaletes, parece que era preta e foi pintada de amarelo. Sem marcação p furação. Arrependida.",1,363.82,181.91,2
b6551acfa77dba27fb288e08dbe02f84,2,566.29,188.7633333333333,8.666666666666666,5.0,2,223,furniture_decor,contagem,MG,Muito bom,1,410.84875,188.7633333333333,2
b659acd60c6a36583dcb78c06639c324,1,916.71,305.57,10.0,2.0,2,27,baby,itaquaquecetuba,SP,O relógio chegou perfeito porém as faixas fiz a compra de dois kits é só veio um gostaria de saber oq vai ser feito porq estou com uma parede em branco comprei dois kits porq era oq eu precisava . | O relógio chegou perfeito porém as faixas fiz a compra de dois kits é só veio um gostaria de saber oq vai ser feito porq estou com uma parede em branco comprei dois kits porq era oq eu precisava . | O relógio chegou perfeito porém as faixas fiz a compra de dois kits é só veio um gostaria de saber oq vai ser feito porq estou com uma parede em branco comprei dois kits porq era oq eu precisava .,1,410.84875,305.57,2
b65e1b1d5e469f9f39446671399ba1d7,1,203.58,67.86,3.0,5.0,2,274,christmas_supplies,barueri,SP,Chegou muito antes do combimado | Chegou muito antes do combimado | Chegou muito antes do combimado,1,203.58,67.86,2
b688e646e12a367e13e5d5f77dad15db,1,487.14,243.57,5.0,5.0,2,391,auto,holambra,SP,Muito bom,1,410.84875,243.57,2
b68a98377d20140feaa17eeb61687459,2,69.51,34.755,1.0,5.0,2,425,garden_tools,vicosa,MG,Muito bom,1,69.51,34.755,2
b6aa5a87f6c08e2510324edca009810f,2,101.1,50.55,1.0,5.0,2,322,fashion_bags_accessories,colombo,PR,"muito boa a carteira . | coberta normal , minha cadelinha gostou , produto chegou rápido . ",1,101.1,50.55,2
b6c083700ca8c135ba9f0f132930d4e8,2,156.95,78.475,1.0,4.0,2,275,housewares,suzano,SP,Muito bom,1,156.95,78.475,2
b6ccdcce8f60189ba221b69e1ee12401,1,343.38,171.69,2.0,2.0,2,502,fashio_female_clothing,ipiau,BA,"não disponibiliza acesso para contato com o comprador. enviou apenas um dos produtos. Não houve movimentação, até o momento, para justificar a ocorrencia na entrega e a consequente devolução do valor  | não disponibiliza acesso para contato com o comprador. enviou apenas um dos produtos. Não houve movimentação, até o momento, para justificar a ocorrencia na entrega e a consequente devolução do valor ",1,343.38,171.69,2
b70170c1c602142b425d3049b0729cf5,1,764.54,382.27,5.0,3.0,2,128,construction_tools_lights,rio grande,RS,Muito bom,1,410.84875,345.73,2
b7474898d0dccad79a77bf2b0d23bbab,2,188.37,94.185,2.0,4.5,2,82,health_beauty,sao paulo,SP,O kit mochila patrulha canina é lindo!! Meu netinho vai amar!! Obrigada!!,1,188.37,94.185,2
b778dfee1fc0527d3dc14c5a0631bd2a,1,236.22,118.11,1.0,5.0,2,496,baby,sao paulo,SP,Muito bom,1,236.22,118.11,2
b7b162291adff744d6f3c6450557ffee,3,580.29,145.0725,4.75,4.75,2,33,bed_bath_table,petrolandia,SC,O produto corresponde com o anúncio. Aprovado ,1,410.84875,145.0725,2
b7d8524e14913b79fe082a5fc2efffd7,2,189.41,94.705,4.0,5.0,2,365,bed_bath_table,sao paulo,SP,Muito bom,1,189.41,94.705,2
b7e2b4e7e5bbfc11eb1b22e6d822926b,2,124.71,41.57,2.6666666666666665,5.0,2,116,fashion_bags_accessories,sao paulo,SP,Muito bom,1,124.71,41.57,2
b7f170888469e5332e43c92edd77793f,2,137.12,68.56,1.0,3.0,2,527,bed_bath_table,juruaia,MG,PDOUTO CORRESPONDE À DESCRIÇÃO | PDOUTO CORRESPONDE À DESCRIÇÃO,1,137.12,68.56,2
b8049423197f431fc750c59c808038cd,1,437.73,145.91,10.0,3.0,2,153,telephony,curitiba,PR,Muito bom,1,410.84875,145.91,2
b824f6981f2ee1c30533c4138572428c,2,223.64,111.82,6.5,4.5,2,399,furniture_decor,teresopolis,RJ,"O produto chegou perfeitamente certo e antes do prazo previsto.o produto que comprei veio do mesmo jeitinho que vi no site,tudo certo!",1,223.64,111.82,2
b854c56e1163bced9c3ebf1e4a6576f3,2,592.38,84.62571428571428,1.0,1.8571428571428568,2,161,furniture_decor,juiz de fora,MG,"Minha opinião é que se comprei o produto ele tinha que ser entregue e não receber um notificação que seria dado como entregue o produto...então a empresa me devolva meu dinheiro!! | Não gostei da da loja, porque tentei cancelar esse pedido e trocar por outro lustre,e a loja não aceitava. | Não gostei da da loja, porque tentei cancelar esse pedido e trocar por outro lustre,e a loja não aceitava. | Não gostei da da loja, porque tentei cancelar esse pedido e trocar por outro lustre,e a loja não aceitava. | Não gostei da da loja, porque tentei cancelar esse pedido e trocar por outro lustre,e a loja não aceitava. | Não gostei da da loja, porque tentei cancelar esse pedido e trocar por outro lustre,e a loja não aceitava. | Não gostei da da loja, porque tentei cancelar esse pedido e trocar por outro lustre,e a loja não aceitava.",1,410.84875,84.62571428571428,2
b8626f76c6ff152c0bc519f0aae9ff13,1,1511.84,755.92,10.0,5.0,2,118,construction_tools_construction,lajeado,RS,"Comprei dois rolos de cabo 10 mm, um verde e outro azul. Recebi apenas o rolo de cabo verde. Continuo aguardando a entrega do outro. | Comprei dois rolos de cabo 10 mm, um verde e outro azul. Recebi apenas o rolo de cabo verde. Continuo aguardando a entrega do outro.",1,410.84875,345.73,2
b89917b120a313e3cbc951e4122f1e5c,1,190.52,95.26,1.0,1.0,2,3,auto,santo andre,SP,"Infelizmente o arejador não é articulado e nem 3/4, pois não coube na torneira do tanque.

Quanto a mangueira, ainda não testei. Espero que de certo. | Infelizmente o arejador não é articulado e nem 3/4, pois não coube na torneira do tanque.

Quanto a mangueira, ainda não testei. Espero que de certo.",1,190.52,95.26,2
b89ba10870f6b2ad9ffb1b2f052df62a,1,853.82,426.91,6.0,1.0,2,313,bed_bath_table,natal,RN,"Comprei um cesto de roupas e 4 tapetes. Porém nenhum tapete foi entregue, só chegou o cesto de roupas.  | Comprei um cesto de roupas e 4 tapetes. Porém nenhum tapete foi entregue, só chegou o cesto de roupas. ",1,410.84875,345.73,2
b8b3c435a58aebd788a477bed8342910,3,1190.66,297.665,11.5,5.0,2,370,pet_shop,arroio do sal,RS,"ÓTIMO ATENDIMENTO,TUDO 100% | Gostei. | Gostei. | Produto de 1 qualidade.",1,410.84875,297.665,2
b8f5e262105d173c8b1a866469789648,1,1566.64,391.66,10.0,2.0,2,133,bed_bath_table,campinas,SP,"Não gostei desta loja, a kit colcha não veio o Coração de almofada e ainda de cor diferente da foto, veio beje ao inves de branca. Péssima qualidade tb, é um lençol com babado!!! E a cadeira balança!! | Não gostei desta loja, a kit colcha não veio o Coração de almofada e ainda de cor diferente da foto, veio beje ao inves de branca. Péssima qualidade tb, é um lençol com babado!!! E a cadeira balança!! | Não gostei desta loja, a kit colcha não veio o Coração de almofada e ainda de cor diferente da foto, veio beje ao inves de branca. Péssima qualidade tb, é um lençol com babado!!! E a cadeira balança!! | Não gostei desta loja, a kit colcha não veio o Coração de almofada e ainda de cor diferente da foto, veio beje ao inves de branca. Péssima qualidade tb, é um lençol com babado!!! E a cadeira balança!!",1,410.84875,345.73,2
b9833a43443ed9fad7a66f9ffb80684c,2,207.61,103.805,2.0,5.0,2,42,furniture_decor,sao paulo,SP,"Minha mae adorou, ficou otimo.
Bom tecido, aprovado. | Produto bom, adorei",1,207.61,103.805,2
b9ab7ada653baddc579d8c8bbd8b8e1c,1,410.0,205.0,4.0,5.0,2,203,furniture_decor,colombo,PR,Muito bom,1,410.0,205.0,2
b9bab1d3bf90360ff3942299971001ef,2,252.68,126.34,10.5,4.5,2,14,furniture_decor,campinas,SP,Muito bom,1,252.68,126.34,2
b9badb100ff8ecc16a403111209e3a06,2,1586.2,396.55,2.0,3.75,3,24,bed_bath_table,florianopolis,SC,Ok | Produtos bons | Produtos bons | Produtos bons,1,410.84875,345.73,2
b9fba7ed7a4f5761ffd6c407ad764503,2,178.62,89.31,2.0,5.0,2,68,furniture_decor,piracicaba,SP,Muito bom,1,178.62,89.31,2
b9fd889214fcb1a45e4cd51f5af6cba3,2,233.4,116.7,4.5,5.0,2,149,home_appliances,barueri,SP,"Otimo, entrega rapida, qualidade do produto tbm , indico produto e a loja  | Produto perfeito, instalei a transmissão na minha maquina ficou otima , entrega muito rápida, recomendo loja .",1,233.4,116.7,2
ba16ab3721ffd6b57fc87a7a4f6a4fcf,2,166.89,55.63,5.333333333333333,2.0,2,195,auto,guaruja,SP,Produto entregue dentro de embalagem do fornecedor sem os parafusos de fixação das partes. | Produto entregue dentro de embalagem do fornecedor sem os parafusos de fixação das partes.,1,166.89,55.63,2
ba77e9b6506636dcbd03e463d4786f24,3,341.78,85.445,4.0,4.5,3,422,perfumery,caxias do sul,RS,Muito bom,1,341.78,85.445,2
baa8144c90cc484cda27858b86a32f99,2,218.07,72.69000000000001,3.0,5.0,2,65,furniture_living_room,osasco,SP,"Produto bom, forte e bom acabamento | Produto bom, forte e bom acabamento",1,218.07,72.69000000000001,2
baad97a77fafd04f72a7f874dd67b37e,2,269.49,134.745,4.0,5.0,2,99,health_beauty,sao paulo,SP,"Entregue bem antes do prazo, produto otimo, recomendo como sempre pois sou cliente a muito tempo! | conserva o liquido em otima temperatura e tem bonito acabamento.",1,269.49,134.745,2
bacc5ea5a06e45a99a88e8ffb19c3ee7,1,446.48,223.24,1.0,5.0,2,62,computers_accessories,telemaco borba,PR,Muito bom,1,410.84875,223.24,2
bb182f55e4cff6eabfc26d08354b5995,2,880.7,146.78333333333333,1.0,4.5,2,167,computers_accessories,lajeado,RS,Muito bom,1,410.84875,146.78333333333333,2
bb6069c06ebe289c666ac63a12d1443b,1,579.96,193.32,10.0,2.0,2,23,furniture_decor,santo andre,SP,Muito bom,1,410.84875,193.32,2
bb6d785b806cb1eef824812b06b9f15b,2,81.61,40.805,1.0,5.0,2,21,health_beauty,sao paulo,SP,Muito bom,1,81.61,40.805,2
bb804ab3b59099c10245f17159faf55e,2,488.72,244.36,1.5,4.5,2,34,furniture_decor,pontalina,GO,Muito bom,1,410.84875,244.36,2
bb8486cad0e431659227f6fb18fc6a72,2,202.81,67.60333333333334,1.3333333333333333,1.6666666666666667,2,277,electronics,vitoria,ES,O prazo já expirou e não recebi o produto | O prazo já expirou e não recebi o produto,1,202.81,67.60333333333334,2
bb99e6ae642f462d7bf05db05fc9aa11,2,205.98,102.99,1.5,5.0,2,145,computers_accessories,sao paulo,SP,Muito bom,1,205.98,102.99,2
bbf65e7823171a84e70a495dd6c34ceb,2,1183.96,295.99,1.0,5.0,3,76,health_beauty,santos,SP,Muito bom,1,410.84875,295.99,2
bbfa16828a49c356b46dcbea56ded834,2,161.28,80.64,1.0,4.5,2,45,food,brasilia,DF,Muito bom,1,161.28,80.64,2
bc0d7bb032bbf422fc74bb279c47de1e,2,144.46,72.23,1.0,5.0,2,350,bed_bath_table,sao paulo,SP,Ok | Ok,1,144.46,72.23,2
bc27afa44f5b67b080ab4ba3851a162d,2,341.54,113.84666666666664,1.0,1.0,2,380,furniture_decor,rosario do sul,RS,nao recomendo pq nem se quer me perguntaram a cor dos ursinhos na hora da comprar cliquei no rosa e veio azul .e agora dinheiro posto fora pois estou gravida de menina | nao recomendo pq nem se quer me perguntaram a cor dos ursinhos na hora da comprar cliquei no rosa e veio azul .e agora dinheiro posto fora pois estou gravida de menina | nao recomendo pq nem se quer me perguntaram a cor dos ursinhos na hora da comprar cliquei no rosa e veio azul .e agora dinheiro posto fora pois estou gravida de menina,1,341.54,113.84666666666664,2
bc3e7032668d3f411c227eec09221362,3,190.08,63.35999999999999,1.0,5.0,3,15,bed_bath_table,ribeirao das neves,MG,Muito bom,1,190.08,63.35999999999999,2
bc7b9e0d078c0c01f622b38cfcd7ee9c,2,384.31,192.155,7.0,3.5,2,296,furniture_decor,campos dos goytacazes,RJ,"A entrega foi rápida, mas a cor veio errada. Em vez de preto, entregaram um porta retrato branco. Não solicitei a troca porque era para um presente e não daria tempo. | Produto conforme o anunciado, entregue com rapidez.",1,384.31,192.155,2
bc877a9f97bb3f3d4fcd5f86028f81a9,2,355.35,118.45,1.0,4.333333333333333,2,205,sports_leisure,curitiba,PR,Se todas as lojas fossem rápidas assim tava bom,1,355.35,118.45,2
bc98051cee7c0111167e6f40a4ed76f6,2,898.3100000000001,299.43666666666667,1.0,5.0,2,166,baby,porto alegre,RS,Muito bom,1,410.84875,299.43666666666667,2
bcb63903e6e5a3a94181de0c728fbf4a,1,514.68,257.34,4.0,4.0,2,29,computers_accessories,sao sebastiao do alto,RJ,"Só recebi um dos dois produtos, mas até agora tudo ocorreu bem | Só recebi um dos dois produtos, mas até agora tudo ocorreu bem",1,410.84875,257.34,2
bcc9a08b533971412be737fd5bd918b3,2,404.2,202.1,6.5,3.0,2,274,books_general_interest,florianopolis,SC,"Produto errado e demorou muito para entregar, nem acho que vale a pena pedir o correto por causa da demora.",1,404.2,202.1,2
bcf0a5f0f3ec8639f940749aab360d8f,2,564.96,188.32,6.333333333333333,2.333333333333333,3,328,bed_bath_table,belo horizonte,MG,Produto de acordo com as expectativas. Minha filha adorou! Chegou muito antes do previsto.,1,410.84875,188.32,2
bcfc1d8cf64a476b003cee4599f9fd11,2,140.34,70.17,1.0,3.0,2,226,toys,sao francisco do sul,SC,Muito bom,1,140.34,70.17,2
bd0512ab6c631a62fdc974a682600f56,2,357.76,178.88,1.0,4.5,2,337,health_beauty,agua boa,MT,Otimo,1,357.76,178.88,2
bd748b6890efcaa0e79187653b2d6a91,2,190.47,95.235,7.0,4.5,2,98,construction_tools_construction,belo horizonte,MG,Muito bom,1,190.47,95.235,2
bd8483bb4a89a0734108e6d2d979e707,1,817.12,408.56,10.0,5.0,2,471,cool_stuff,sao paulo,SP,Muito bom,1,410.84875,345.73,2
bd86b1862fe796149a4d2af57bd85451,3,359.94,119.98,3.0,4.0,2,82,toys,barra do tarrachil,BA,Muito bom,1,359.94,119.98,2
bd8e0f3ea9fb694fc53c7a358643fc06,2,351.49,87.8725,3.75,5.0,2,26,health_beauty,goiania,GO,Muito bom,1,351.49,87.8725,2
bd8ee6a65c4d647953792da821444580,2,1034.91,258.7275,6.0,5.0,2,272,furniture_decor,sao paulo,SP,Muito bom,1,410.84875,258.7275,2
bd9faf610de6660a02b39510406c8e9f,2,161.01,80.505,5.0,5.0,2,66,auto,rancharia,SP,Gostei,1,161.01,80.505,2
bdb40fdb1df62064c8ee38b845459e77,2,89.96000000000001,44.98,3.0,3.0,2,55,housewares,sao paulo,SP,Muito bom,1,89.96000000000001,44.98,2
bdde9ce1c27b88a7fe3ef13ad6a80b5f,2,157.8,52.6,2.6666666666666665,5.0,2,276,bed_bath_table,sao paulo,SP,bom produto no prazo e embalado | bom produto no prazo e embalado | otimo,1,157.8,52.6,2
bdf0db9861842b73a9d715e8574914d6,1,301.18,150.59,1.0,5.0,2,457,furniture_decor,sao paulo,SP,Muito bom,1,301.18,150.59,2
be08ef2ebaeb41941a53aa75db874099,2,76.47,38.235,3.0,5.0,2,276,furniture_decor,itaguara,MG,Muito bom,1,76.47,38.235,2
be20851f26648632a9715c1e5491404d,1,203.22,101.61,3.0,3.0,2,108,computers_accessories,joinville,SC,"Comprei 2 produtos e somente 1 chegou, aguardando retorno da lojas lannister sobre isso. | Comprei 2 produtos e somente 1 chegou, aguardando retorno da lojas lannister sobre isso.",1,203.22,101.61,2
be4cb52f1e018e4ad1abc82eac59bfd3,1,828.16,414.08,1.0,5.0,2,220,computers_accessories,rio de janeiro,RJ,"Foi entregue o produto, conforme o previsto | Foi entregue o produto, conforme o previsto",1,410.84875,345.73,2
beceaa52fb2f761e647222b3cf7ce0b2,2,328.48,109.49333333333334,5.333333333333333,4.0,2,224,pet_shop,tijucas,SC,Muito bom,1,328.48,109.49333333333334,2
bef83ea220f4c7096b391b90323f44dc,1,570.36,190.12,9.0,4.0,2,381,furniture_decor,betim,MG,Os produtos cheragam porém não eram exatamente os que estavam na fotos mais da pra usar | Os produtos cheragam porém não eram exatamente os que estavam na fotos mais da pra usar | Os produtos cheragam porém não eram exatamente os que estavam na fotos mais da pra usar,1,410.84875,190.12,2
bf0a805b588b889511e15496905cf7c5,1,641.58,320.79,4.0,5.0,2,456,computers_accessories,bento de abreu,SP,Muito bom,1,410.84875,320.79,2
bf1dd33f93c58ea45d677d7e871e098e,2,1035.97,517.985,6.5,3.5,2,83,auto,sao paulo,SP,"Apesar de ter sido entregue rapidamente, substituíram a caixa METEORO pela caixa BORNE. Quando tentei reclamar nas lannister o sistema estaav fora do ar. A guitarra e acessórios estavam corretos.",1,410.84875,345.73,2
bf482716881b0c14af9efda1fc58a649,2,389.49,129.83,5.666666666666667,1.3333333333333333,2,180,pet_shop,rio de janeiro,RJ,Comprei dois tapetes laváveis para cães São Pet me entregaram 1 (um) e na cor diferente comprei azul entregaram rosa. | Comprei dois tapetes laváveis para cães São Pet me entregaram 1 (um) e na cor diferente comprei azul entregaram rosa. | Quando vão entregar?,1,389.49,129.83,2
bf59acdae64e9900fd93e4847baa1978,2,142.98,71.49,3.0,5.0,2,326,drinks,sao paulo,SP,Muito bom,1,142.98,71.49,2
bf5ed75fca98e8f79c49e9a5bf7690e1,1,126.5,63.25,1.0,1.0,2,506,baby,limeira,SP,"faltou a forma e nao consigo entrar em contato, sempre ocupados | faltou a forma e nao consigo entrar em contato, sempre ocupados",1,126.5,63.25,2
bf6504419e536f7c4c2461ebb0689d48,2,367.0,122.33333333333331,4.666666666666667,5.0,2,426,cool_stuff,sao paulo,SP,Excelente produto  | Excelente produto  | Excelente produto ,1,367.0,122.33333333333331,2
bf6656ef50e6fd00e7517b01d615b4f3,3,294.83,98.27666666666666,8.0,4.333333333333333,3,368,furniture_decor,vila velha,ES,Produto bom! Entrega antes do prazo previsto. ,1,294.83,98.27666666666666,2
bfb33fedf91eb21f6d32ad5345989a6e,2,260.49,130.245,1.0,4.5,2,314,computers_accessories,sao paulo,SP,Muito bom,1,260.49,130.245,2
bfc84496b1100cbbd83a6f8087526168,2,957.95,191.59,5.6,4.8,2,434,garden_tools,sao paulo,SP,Muito bom,1,410.84875,191.59,2
bfcdddab5a2fe5dd1d1b8330795f4061,2,252.36,126.18,4.0,5.0,2,247,drinks,taboao da serra,SP,.,1,252.36,126.18,2
bfd192684da3866e9c63028c82b7d0b2,1,516.03,86.005,1.0,5.0,2,249,furniture_decor,ituiutaba,MG,"Gostamos muito do produto!
 | Gostamos muito do produto!
 | Gostamos muito do produto!
 | Gostamos muito do produto!
 | Gostamos muito do produto!
 | Gostamos muito do produto!
",1,410.84875,86.005,2
bfe1ecef0f01ad67e5e0cf1860e94e60,2,209.62,104.81,1.0,4.0,2,344,furniture_decor,adamantina,SP,Muito bom,1,209.62,104.81,2
c0118e2c0a037c31aeca71d0b81f66a1,3,456.01,114.0025,1.0,5.0,2,152,furniture_decor,estiva gerbi,SP,Muito bom | Recomnfo esse Site👍L | Adorei o produto e no o prazo da entrega ecxelente👍👍 | Muito bom,1,410.84875,114.0025,2
c01ac50f437f46cc8fffb6d1a01d8631,1,1529.4499999999998,305.89,4.0,1.0,2,113,furniture_decor,belo horizonte,MG,Ainda faltam dois pendentes. | Ainda faltam dois pendentes. | Ainda faltam dois pendentes. | Ainda faltam dois pendentes. | Ainda faltam dois pendentes.,1,410.84875,305.89,2
c036799f1b7d9832bfa372f83278182a,1,656.9,328.45,1.0,1.0,2,237,furniture_decor,curitiba,PR,Apenas o tapete foi entregue a cortina MELISSA não. Registro meu interesse em receber a cortina. | Apenas o tapete foi entregue a cortina MELISSA não. Registro meu interesse em receber a cortina.,1,410.84875,328.45,2
c04a6c1c190e47ec62b4bb139921331a,2,68.94,34.47,1.0,5.0,2,13,health_beauty,rio de janeiro,RJ,Muito bom,1,68.94,34.47,2
c0842fc6a034863db2d8479df8435492,2,356.85,178.425,1.0,5.0,2,114,housewares,sao paulo,SP,Muito bom,1,356.85,178.425,2
c08a1a1b4aae4ec2e11ac593bf7a65df,1,944.28,314.76,1.0,2.0,2,121,garden_tools,novo hamburgo,RS,Muito bom,1,410.84875,314.76,2
c0ab0c71f36879a7e904700157a6d88c,2,169.76,84.88,1.0,4.0,2,496,fashion_male_clothing,amparo,SP,Muito bom,1,169.76,84.88,2
c0c3a3877e47b166130d5f6e76de11d0,1,227.06,113.53,4.0,5.0,2,266,computers_accessories,juara,MT,Muito bom,1,227.06,113.53,2
c0ceb197de4a31388883a6369ec291d6,2,69.15,34.575,1.0,5.0,2,62,housewares,sao paulo,SP,Muito bom,1,69.15,34.575,2
c0fcb07a9959ae14f01bad208e445cc4,2,372.52,186.26,1.0,5.0,2,317,computers_accessories,rio de janeiro,RJ,Muito bom,1,372.52,186.26,2
c130bf40aa6d3bdb444b04a8d78adf5a,2,170.68,85.34,1.0,5.0,2,454,housewares,sao paulo,SP,Muito bom,1,170.68,85.34,2
c17526359e1068290ebf7dd22a856de7,2,470.25,235.125,5.0,5.0,2,149,bed_bath_table,varzea paulista,SP,Muito bom,1,410.84875,235.125,2
c17dec01473d89441bb6a93fcb58e663,2,339.22,169.61,1.0,5.0,2,169,computers_accessories,lima duarte,MG,americana sempre entrega rapida e tudo certo agadeço e parabens pela competencia,1,339.22,169.61,2
c1977e8e3ea0900e70cd1dd70123d382,2,787.59,196.8975,4.5,5.0,2,267,bed_bath_table,votuporanga,SP,Muito bom,1,410.84875,196.8975,2
c1a4b53b842e8d216fb21eead6bd42b3,1,311.88,155.94,2.0,2.0,2,296,furniture_decor,curitiba,PR,Muito bom,1,311.88,155.94,2
c1a57f5222ef4a8987b8477784809637,2,141.29,70.645,1.0,1.0,2,351,bed_bath_table,patrocinio,MG,Muito bom,1,141.29,70.645,2
c207c1d4888e8931dc9a70d17700714c,1,465.34,232.67,1.0,1.0,2,219,market_place,sao paulo,SP,Comprei duas capas no formato gota e me entregaram outro tipo.  | Comprei duas capas no formato gota e me entregaram outro tipo. ,1,410.84875,232.67,2
c25d2fb6d22e04ce43c3652e3cacadad,3,178.56,35.712,3.2,2.6,2,358,computers_accessories,rio de janeiro,RJ,Muito bom,1,178.56,35.712,2
c28b1528e093df4b2a5d47f6f2b0d5fb,2,185.07,92.535,7.0,4.0,2,10,furniture_decor,itatiba,SP,"Produto excelente, entrega rápida ",1,185.07,92.535,2
c2919fbdb45366551c1e80d5cb35cd3f,3,253.67,63.4175,1.0,5.0,2,158,computers_accessories,uberaba,MG,"Produto chegou em perfeito estado e atendeu as expectativas | Entregaram antes do prazo! show! | muito bom, rápido como sempre | muito bom, rápido como sempre",1,253.67,63.4175,2
c297bb9230dc3152522d0c2b4caa7a1a,2,460.27,230.135,5.0,5.0,2,188,audio,mogi das cruzes,SP,Dentro do combinado! ,1,410.84875,230.135,2
c2a444c39a2d87b50039f910db917e3d,2,134.75,67.375,2.0,5.0,2,67,health_beauty,pouso alegre,MG,Muito bom,1,134.75,67.375,2
c2b85086965c0fed46df434ddd474a9a,2,124.7,62.35,5.0,5.0,2,254,health_beauty,salvador,BA,Muito bom,1,124.7,62.35,2
c2b85b27ebd380c2c156e3e8773bd4c6,2,95.58,47.790000000000006,1.5,5.0,2,129,bed_bath_table,santa rita do passa quatro,SP,Muito bom,1,95.58,47.790000000000006,2
c2f7ac13c2e0937f956659002e5d5783,2,175.26999999999998,87.63499999999999,2.5,5.0,2,316,garden_tools,teresina,PI,Ótimo | Muito boa.,1,175.26999999999998,87.63499999999999,2
c32c120fa230c291ecc017406aa2f39d,2,323.57,107.85666666666668,6.0,3.6666666666666665,2,8,furniture_decor,rio de janeiro,RJ,"Ate agora nao chegou nada , nao posso avaliar | Tamanho ideal , lindo de boa qualidade , amei | Tamanho ideal , lindo de boa qualidade , amei",1,323.57,107.85666666666668,2
c35716befca4818c7b68a67eb22b6dee,1,281.12,140.56,2.0,4.0,2,264,bed_bath_table,diadema,SP,O suporte da lixeira com papel higiênico é bonito e atendeu as expectativas..  | O suporte da lixeira com papel higiênico é bonito e atendeu as expectativas.. ,1,281.12,140.56,2
c35ffdd9679e194c3673533720b5e00c,2,450.7000000000001,150.23333333333335,3.333333333333333,5.0,2,377,auto,santa rita do passa quatro,SP,Vendedor é muito rápido na hora de enviar e o produto chegou muito rápido. Produto 100% original. | Vendedor é muito rápido na hora de enviar e o produto chegou muito rápido. Produto 100% original. | Vendedor despachou rápido. ,1,410.84875,150.23333333333335,2
c3733cbdb41f37b5477b2c01c523e220,2,399.6,199.8,1.0,5.0,2,347,bed_bath_table,curvelo,MG,SOBRE A CORTINA ÓTIMA  | SOBRE A CORTINA ÓTIMA ,1,399.6,199.8,2
c37449d8b51eefa148cd87b2c605a1c1,2,136.51,68.255,3.0,4.0,2,481,bed_bath_table,iracemapolis,SP, bom produto,1,136.51,68.255,2
c37cc6c1a59d81460a3059744f7ada1c,4,663.02,132.60399999999998,3.6,3.8,2,68,furniture_decor,correia pinto,SC,"Até agora não recebi meu produto, mais já comprei antes e chegou certinho... Espero receber meu produto em breve...",1,410.84875,132.60399999999998,2
c385f43894ac5ac31c50339ccf16e8f0,2,739.44,184.86,1.0,2.0,2,187,computers_accessories,sao paulo,SP,"Estou aguardando a encomenda. 
Recebi o aviso de dificuldade na entrega, mas ninguém entrou em contato para dizer o q realmente aconteceu.  | Estou aguardando a encomenda. 
Recebi o aviso de dificuldade na entrega, mas ninguém entrou em contato para dizer o q realmente aconteceu. ",1,410.84875,184.86,2
c3a8c3c742829113458555ed8d300404,2,726.1099999999999,363.055,2.5,4.5,2,140,health_beauty,sao paulo,SP,Muito bom,1,410.84875,345.73,2
c3c002bfe1364c4dd611fbcc53ad55bc,1,222.02,111.01,1.0,4.0,2,380,health_beauty,guaruja,SP,Muito bom,1,222.02,111.01,2
c40388c86f0334d1d69f33fc43322a8c,2,391.0,130.33333333333334,6.0,5.0,2,580,furniture_decor,teixeira de freitas,BA,Muito bom,1,391.0,130.33333333333334,2
c4063084f01f085897c04bcbd81fcb69,2,1516.36,379.09,1.0,3.0,2,131,bed_bath_table,porto alegre,RS,Não recebi as 8 fronhas ainda | Não recebi as 8 fronhas ainda,1,410.84875,345.73,2
c411c8b6dbaffd467263f87a23f2cf52,2,209.35,16.103846153846153,1.0,4.076923076923077,2,231,sports_leisure,sao paulo,SP,Muito bom,1,209.35,16.103846153846153,2
c4295b913119b04f3c9d28a7bfd524f1,1,421.12,210.56,1.0,5.0,2,414,bed_bath_table,planaltina,GO,Muito bom,1,410.84875,210.56,2
c45ece361aab055ea6c55b61eb2d99c0,2,886.35,295.45,7.666666666666667,4.0,2,331,perfumery,sao paulo,SP,Muito bom,1,410.84875,295.45,2
c49c236a96f8e5b983ce6467af4317b9,2,507.66,169.22,8.0,2.6666666666666665,2,177,bed_bath_table,porto real,RJ,Lindos amei | Gostaria de sabe o que aconteceu com meu produto estou desepicionada com as lojas lannister.Preciso urgente de uma posição da loja pois a primeira prestação no cartão está sendo paga. | Lindos amei,1,410.84875,169.22,2
c4fe9fc8b5e1b4f9992db983d0429854,3,364.86,121.62,5.333333333333333,5.0,3,480,fashion_male_clothing,tres rios,RJ,Muito bom,1,364.86,121.62,2
c51a1ea9fa9851c70f89d1178c861150,2,187.1,62.366666666666674,1.0,2.333333333333333,2,511,fashion_bags_accessories,rio de janeiro,RJ,"Recebi pulseira árvore dá vida vendida por Coçar Brasil com total defeito, sem galhos ,com furos , círculo amassado 
Já reclamei muito e não há qualquer resposta
Peço a troca pelo que foi divulgad | Recebi pulseira árvore dá vida vendida por Coçar Brasil com total defeito, sem galhos ,com furos , círculo amassado 
Já reclamei muito e não há qualquer resposta
Peço a troca pelo que foi divulgad",1,187.1,62.366666666666674,2
c51a1f42780144ae12d0e529abc3f83f,2,1484.16,371.04,1.0,4.0,2,272,garden_tools,salvador,BA,Muito bom,1,410.84875,345.73,2
c53e944da3d3ad66ccb7527165b78681,1,1555.17,518.39,1.0,3.0,2,151,office_furniture,franca,SP,Só foi entregue 1 dos 3 produtos q comprei  | Só foi entregue 1 dos 3 produtos q comprei  | Só foi entregue 1 dos 3 produtos q comprei ,1,410.84875,345.73,2
c5cc0bee4b73138ed973a1720df085aa,2,57.48,9.58,1.0,5.0,2,11,housewares,itaquaquecetuba,SP,Muito bom,1,57.48,9.58,2
c60635e3c36e27ff9222fdac1ef3e17f,2,304.33,152.165,1.0,4.0,2,129,health_beauty,goiania,GO,Muito bom,1,304.33,152.165,2
c632f50941cea29d2d1501813c183dcf,1,549.08,274.54,4.0,5.0,2,75,health_beauty,florianopolis,SC,Muito bom,1,410.84875,274.54,2
c644c379a96ef9468f073699ae37a84b,2,125.08,62.54,1.5,4.0,2,177,electronics,vitoria da conquista,BA,Prazo estabelecido de forma extremam ente longa. Demorou muito,1,125.08,62.54,2
c658495c41a24ef33a852db6840738a1,2,94.6,47.3,4.0,5.0,2,230,bed_bath_table,telemaco borba,PR,"Amei o produto a entrega, chegou conforme o anuncio, cumpre o prometido. | Amei, produto maravilhoso, deu um charme lindo na cama! Recomendo a loja e o produto para quem tem bom gosto!",1,94.6,47.3,2
c65e4c1159907cd349e6b6e6c2fec285,1,1020.39,340.13,6.0,2.0,2,133,office_furniture,maracai,SP,"Comprei 03 cadeiras, foram entregues duas cadeiras (palito) a cadeira rotatória ainda não foi entregue.... | Comprei 03 cadeiras, foram entregues duas cadeiras (palito) a cadeira rotatória ainda não foi entregue.... | Comprei 03 cadeiras, foram entregues duas cadeiras (palito) a cadeira rotatória ainda não foi entregue....",1,410.84875,340.13,2
c67329fd07872a68d6d6d1f1626a0760,1,115.5,57.75,2.0,5.0,2,127,perfumery,sao paulo,SP,Recebido o pedido finalmente produto ótimo | Recebido o pedido finalmente produto ótimo,1,115.5,57.75,2
c69d05231b1d37cc4cd29b1181fe0aff,1,595.38,297.69,6.0,3.0,2,122,furniture_decor,curitiba,PR,"Recebi uma unidade somente até agora a Colcha Giovana, falta a Colcha Beatriz. | Recebi uma unidade somente até agora a Colcha Giovana, falta a Colcha Beatriz.",1,410.84875,297.69,2
c6b2ccbe75ac5addb40fcff5db96a5c1,2,1336.08,334.02,2.0,5.0,2,53,auto,pirapora,MG,Produto de qualidade. Compra satisfatória. Recomendo. | Produto de qualidade. Compra satisfatória. Recomendo. | Produto de qualidade. Compra satisfatória. Recomendo! | Produto de qualidade. Compra satisfatória. Recomendo!,1,410.84875,334.02,2
c731a46dd44dfe456ccfa8968206943d,2,158.98,79.49,3.0,5.0,2,401,auto,ribeirao preto,SP,Muito bom,1,158.98,79.49,2
c73f294466cf13293810f4d1a3728d56,2,166.24,83.12,2.0,5.0,2,32,baby,paulinia,SP,Muito bom,1,166.24,83.12,2
c76762dfb642ac154475239639f7f8f4,3,256.86,85.62,1.0,4.333333333333333,2,566,bed_bath_table,rio de janeiro,RJ,"Chegou antes do prazo. O piso é muito prático e de fácil montagem. | Chegou antes do prazo. O piso é muito prático e de fácil montagem. | Chegou muito antes do prazo. Prático, fácil de limpar. Excelente produto.",1,256.86,85.62,2
c76dbe63126a89c815fe9716acfdb4a1,2,356.46,178.23,5.5,5.0,2,101,garden_tools,cascavel,PR,Muito bom,1,356.46,178.23,2
c76e101f384a7ce4088ffd4ff805ef32,1,957.51,319.17,1.0,5.0,2,156,housewares,fortaleza,CE,Muito bom,1,410.84875,319.17,2
c77a1d7ea4d97301c38bf7c7c87d95c1,1,1975.85,395.17,1.0,1.0,2,131,furniture_decor,sao paulo,SP,"Não recebemos as notas dos produtos, como isso é possivel, é gravíssimo transporte sem nota fiscal, o cliente fica sem garantias, no site do stark não é possível imprimir, preciso das notas. | Não recebemos as notas dos produtos, como isso é possivel, é gravíssimo transporte sem nota fiscal, o cliente fica sem garantias, no site do stark não é possível imprimir, preciso das notas. | Não recebemos as notas dos produtos, como isso é possivel, é gravíssimo transporte sem nota fiscal, o cliente fica sem garantias, no site do stark não é possível imprimir, preciso das notas. | Não recebemos as notas dos produtos, como isso é possivel, é gravíssimo transporte sem nota fiscal, o cliente fica sem garantias, no site do stark não é possível imprimir, preciso das notas. | Não recebemos as notas dos produtos, como isso é possivel, é gravíssimo transporte sem nota fiscal, o cliente fica sem garantias, no site do stark não é possível imprimir, preciso das notas.",1,410.84875,345.73,2
c7819760e70376028f519e3b57e6c441,2,138.28,69.14,6.0,2.0,2,26,bed_bath_table,abelardo luz,PR,Não posso opinar não usei ainda! | Um pouco fraca.,1,138.28,69.14,2
c7c19110042036e6266adc998cbf1289,3,733.01,183.2525,6.0,4.75,2,25,luggage_accessories,acarau,CE,Muito bom,1,410.84875,183.2525,2
c7e7c9292cbefb5a73573095f0ff21a6,1,451.14,225.57,8.0,4.0,2,36,furniture_decor,montes claros,MG,Comprei a capa de sofá que já foi entregue ( que por sinal é muito bom ) porém ainda não recebi as almofadas . | Comprei a capa de sofá que já foi entregue ( que por sinal é muito bom ) porém ainda não recebi as almofadas .,1,410.84875,225.57,2
c7f812dce068c1d276120b3fba208f7b,1,773.86,386.93,8.0,1.0,2,386,home_confort,criciuma,SC,Um dos produtos marcado como entregue não foi recebido. | Um dos produtos marcado como entregue não foi recebido.,1,410.84875,345.73,2
c7fb8ec1ea35af7e89f989b6e17e2bd8,2,1651.79,550.5966666666667,2.333333333333333,5.0,2,297,sports_leisure,sao paulo,SP,Muito bom,1,410.84875,345.73,2
c8198557f56764b4436d30b9059b3586,1,1266.4,158.29999999999998,5.5,2.5,2,359,bed_bath_table,porangatu,GO,Recebi apenas um item desse pedido. Recebimento incompleto.  | Recebi apenas um item desse pedido. Recebimento incompleto.  | Recebi apenas um item desse pedido. Recebimento incompleto.  | Recebi apenas um item desse pedido. Recebimento incompleto. ,1,410.84875,158.29999999999998,2
c82fcd6d4d15d0b52c8dad81603e46f8,1,469.44,234.72,4.0,1.0,2,19,garden_tools,treze tilias,SC,"Recebi apenas uma luminária.
Como proceder??? | Recebi apenas uma luminária.
Como proceder???",1,410.84875,234.72,2
c8363ce0bc801747400bc4af34cd1705,1,411.8,205.9,10.0,1.0,2,91,music,belo horizonte,MG,O produto nizzio Amore Hidratação Avançada 245g Lacqua Di Fiori foi entregue no dia 01/06/2018 mas o Inizzio Amore Golden Classics 100ml Lacqua Di Fiori não foi entregue !! Espero uma resposta  | O produto nizzio Amore Hidratação Avançada 245g Lacqua Di Fiori foi entregue no dia 01/06/2018 mas o Inizzio Amore Golden Classics 100ml Lacqua Di Fiori não foi entregue !! Espero uma resposta ,1,410.84875,205.9,2
c83c41456526926a16e2f95d3652b6d3,2,254.96,127.48,5.5,5.0,2,209,garden_tools,guarapari,ES,Produto mto bonito! Recomendo. | Produto muito bom e chegou mto antes do prazo . Recomendo o produto e o vendedor.,1,254.96,127.48,2
c8539b829959902cdab9e9b0412f04bf,1,700.05,140.01,10.0,5.0,2,248,housewares,teofilo otoni,MG,Muito bom,1,410.84875,140.01,2
c863f613022e5ce024c630ffa65ab51d,2,171.34,85.67,2.0,4.5,2,167,furniture_living_room,sao paulo,SP,Muito bom,1,171.34,85.67,2
c893e6fe915add1b28ef934048f0023e,2,583.3199999999999,291.66,8.0,5.0,2,56,housewares,rio claro,SP,mto bom o site recomendo e estou satisfeita. entrega mto antes do prometido. ,1,410.84875,291.66,2
c89d91308d60d2f2076d20296962f2c3,2,77.18,38.59,2.0,4.5,2,197,health_beauty,curitiba,PR,Muito bom,1,77.18,38.59,2
c8abffe7e68de3d6c4b6dd6d4c320dd4,2,152.08,76.04,1.5,5.0,2,40,health_beauty,sao paulo,SP,Muito bom,1,152.08,76.04,2
c8ce1d59b750fcf05f75188e8104e1f3,1,526.04,263.02,5.0,5.0,2,86,bed_bath_table,jaguariuna,SP,Muito bom,1,410.84875,263.02,2
c8e2ea7e324f7dd660e7481ec85bef3c,2,156.76999999999998,78.38499999999999,1.0,3.0,2,86,computers_accessories,sao paulo,SP,"A loja não responde, nem consta em rastreio a o produto está com o transportador",1,156.76999999999998,78.38499999999999,2
c902f3ef39179b58e803da196af3467a,2,201.11,67.03666666666668,6.0,4.666666666666667,2,275,health_beauty,nova friburgo,RJ,Muito bom,1,201.11,67.03666666666668,2
c9158d089637ab443c78984d20da7fc0,2,151.36,75.68,1.0,5.0,2,209,fashio_female_clothing,sao paulo,SP,Muito boas as capas. Obrigado. | Muito boas. Obrigado. ,1,151.36,75.68,2
c92f31f36283b5e3c4b4657734ea8c16,2,178.57,89.285,7.0,5.0,2,190,baby,sao paulo,SP,Muito bom,1,178.57,89.285,2
c937a5d7fe89380c128d9b8746495474,2,483.25,241.625,1.0,5.0,2,215,office_furniture,nova iguacu,RJ,"Fui sempre informada a cada processo, até a chegada do produto. Chegou muito antes do tempo.
Um trabalho excelente. Parabéns",1,410.84875,241.625,2
c957b57bcaff0ed3a494d95c865de4a1,2,262.5,131.25,1.0,4.0,2,285,bed_bath_table,quedas do iguacu,PR,Muito bom,1,262.5,131.25,2
c9aa56428d8b5bba23a9c7a435b09645,1,298.62,149.31,7.0,1.0,2,69,auto,belo horizonte,MG,"Só chegou metade do que comprei fiquei tentando entrar em contato com a loja ou com quem 
Quer qui seja e não obtive resposta  | Só chegou metade do que comprei fiquei tentando entrar em contato com a loja ou com quem 
Quer qui seja e não obtive resposta ",1,298.62,149.31,2
c9b3b24308b1a4587ffa3e60fafc2b1f,3,553.15,184.38333333333333,2.333333333333333,5.0,2,296,computers_accessories,santos,SP,Vendedor e produto excelentes.,1,410.84875,184.38333333333333,2
c9c6d353f4101827b3dbc83b093b2fe6,2,182.95,91.475,5.5,5.0,2,510,cool_stuff,varginha,MG,excelente e lindo,1,182.95,91.475,2
c9c7f143771017a9c61af26f7291f7a5,2,318.89,106.29666666666668,1.0,4.666666666666667,2,273,housewares,sao paulo,SP,Loja excelente e produto muito bom,1,318.89,106.29666666666668,2
c9ec7638cb8f2dd8e4439fa8374d89e4,2,176.79,88.395,8.5,3.0,2,241,furniture_decor,viamao,RS,"confortável, e ainda é muito bonito , material muito bom",1,176.79,88.395,2
ca0cd77819a2427d6ca0e0d0e92de58b,2,197.65,98.825,2.0,4.0,2,301,fashion_bags_accessories,junqueiropolis,SP,Muito bom,1,197.65,98.825,2
ca12da7d856692d5cf4960c5edd99756,2,730.9399999999999,146.188,1.0,5.0,2,53,food_drink,rio de janeiro,RJ,Muito bom,1,410.84875,146.188,2
ca26c28cab4d8cef1f2bc24e9bc78380,2,286.57,143.285,4.0,4.5,2,127,perfumery,casimiro de abreu,RJ,Muito bom,1,286.57,143.285,2
ca3865ab988451f1544dad3910217f29,2,132.41,66.205,4.5,4.0,2,204,health_beauty,ilhabela,SP,"Chego certo adoro comprar na lannister.com.br
Qto ao produto ainda não usei. | Chego certo adoro comprar na lannister.com.br
Qto ao produto ainda não usei.",1,132.41,66.205,2
ca55f9ebddc988ee65f4dea1a93ebc98,2,147.5,73.75,1.5,5.0,2,190,cool_stuff,mogi das cruzes,SP,Muito bom,1,147.5,73.75,2
ca59b3f1cb691ed31e52243506f53204,1,1262.52,315.63,10.0,1.0,2,200,garden_tools,nova iguacu,RJ,"Recebi apenas uma luminária, quando comprei três. E não recebi a churrasqueira. No momento, não recomendaria a loja. Espero que haja uma solução, então avaliarei novamente. | Recebi apenas uma luminária, quando comprei três. E não recebi a churrasqueira. No momento, não recomendaria a loja. Espero que haja uma solução, então avaliarei novamente. | Recebi apenas uma luminária, quando comprei três. E não recebi a churrasqueira. No momento, não recomendaria a loja. Espero que haja uma solução, então avaliarei novamente. | Recebi apenas uma luminária, quando comprei três. E não recebi a churrasqueira. No momento, não recomendaria a loja. Espero que haja uma solução, então avaliarei novamente.",1,410.84875,315.63,2
ca6d9bc2e717c2a0aa19d77a3bfa5398,2,1237.39,618.695,8.0,1.0,2,418,fashion_bags_accessories,rio de janeiro,RJ,Comprei o relogio para o dia das mães e até hoje o mesmo não chegou.  | Estou no aguardo da entrega. ,1,410.84875,345.73,2
ca77025e7201e3b30c44b472ff346268,7,2126.44,177.20333333333335,1.0,5.0,4,89,cool_stuff,recife,PE,Muito bom,1,410.84875,177.20333333333335,2
ca994abc57b0bd7981d91d0061b3d8d6,3,1011.23,202.246,1.0,2.8,2,373,bed_bath_table,porto alegre,RS,Muito bom,1,410.84875,202.246,2
caa3d56b7a6777daaa2793053bdf2309,2,82.11,41.055,1.5,5.0,2,268,auto,diadema,SP,Muito bom,1,82.11,41.055,2
cabef558b42bd1d2578afc81048e8415,2,88.28,44.14,2.0,4.5,2,142,furniture_decor,sao jose dos campos,SP,Muito bom,1,88.28,44.14,2
cb06773dbb3415543b78720a3986344e,2,155.15,77.575,3.5,2.5,2,164,bed_bath_table,porto alegre,RS,Estou esperando o pedido sei que o correio sempre atrasa,1,155.15,77.575,2
cb36af177245c06f2eec15fb7afd4c72,1,967.02,483.51,1.0,5.0,2,102,construction_tools_safety,rio de janeiro,RJ,"A maioridade das cameras de espiã em baixo de R$100 são lixo. Raramente funcionam, e com qualidade péssima de video e som. Investi um pouco mais aqui e fiquei impressionado com imagem e som. Recomendo | A maioridade das cameras de espiã em baixo de R$100 são lixo. Raramente funcionam, e com qualidade péssima de video e som. Investi um pouco mais aqui e fiquei impressionado com imagem e som. Recomendo",1,410.84875,345.73,2
cb36d0f12c99d07935b706269045f613,2,199.18,99.59,3.5,5.0,2,88,sports_leisure,rio grande,RS,Muito bom,1,199.18,99.59,2
cb4253d36367737b6baa4f8ca58fac62,2,142.8,71.4,2.0,4.5,2,118,fashion_bags_accessories,canoas,RS,Carteira linda conforme descrição aparentemente de ótima qualidade vamos ver com o tempo,1,142.8,71.4,2
cb4f48aa5b4657435b012a65f2a122eb,2,963.25,481.625,2.5,5.0,2,193,health_beauty,santa barbara,MG,Muito bom,1,410.84875,345.73,2
cb57be427d5e8c06c10cdd1540df1e00,2,485.23,242.615,9.0,3.0,2,267,perfumery,rio de janeiro,RJ,Muito bom,1,410.84875,242.615,2
cbe71e4cb0b82b97bbec5cd51e0fa3ea,2,231.8,115.9,1.5,4.5,2,177,baby,franca,SP,Muito bom,1,231.8,115.9,2
cbebce165db72a2bfba9e81a3411bdf7,2,737.45,245.8166666666667,7.0,5.0,2,476,furniture_decor,recife,PE,Entrega respeitando o prazo estabelecido. | ótimo produto e entregue dentro do prazo estabelecido. | ótimo produto e entregue dentro do prazo estabelecido.,1,410.84875,245.8166666666667,2
cc025521d96a3005316b61cde71907db,2,450.78,225.39,7.5,3.0,2,189,health_beauty,rio de janeiro,RJ,Muito bom,1,410.84875,225.39,2
cc0472ed54d7ef34d66a4cad6bf2e666,2,199.9,99.95,6.5,5.0,2,185,computers_accessories,curitiba,PR,Muito bom,1,199.9,99.95,2
cc44d1f72587f44e3af25f68f1db8cd2,2,185.64,92.82,1.0,5.0,2,50,bed_bath_table,eunapolis,BA,Muito bom,1,185.64,92.82,2
cc492df9ae61715ec0ede787f6f086d9,2,107.31,53.655,2.5,4.5,2,77,furniture_decor,mozarlandia,GO,ótimo!,1,107.31,53.655,2
cc6a7c09092000c1485649d3cff4e0c3,1,703.5,234.5,4.0,1.0,2,370,furniture_decor,mogi das cruzes,SP,"O tecido não era oq eu esperava, parece uma borracha, igual aos plásticos q forravamos as mesas em tempo do colégio. Abri apenas uma e a outra nem abri, por favor me façam a troca deste priduto | O tecido não era oq eu esperava, parece uma borracha, igual aos plásticos q forravamos as mesas em tempo do colégio. Abri apenas uma e a outra nem abri, por favor me façam a troca deste priduto | O tecido não era oq eu esperava, parece uma borracha, igual aos plásticos q forravamos as mesas em tempo do colégio. Abri apenas uma e a outra nem abri, por favor me façam a troca deste priduto",1,410.84875,234.5,2
ccafc1c3f270410521c3c6f3b249870f,2,207.51,103.755,6.5,5.0,2,82,perfumery,goiania,GO,Obrigado pela atenção. Lojas lannister perfeito em tudo. | Recomendo sempre para todos. Foi tudo ótimo.,1,207.51,103.755,2
cd04cd9aa9eb0b51b40a2b124f3a93f3,2,249.16,124.58,2.5,5.0,2,315,furniture_decor,sao paulo,SP,Muito bom,1,249.16,124.58,2
cd0e1d42225b7f4cf78a382e4f57e704,2,543.87,271.935,4.5,4.0,2,66,auto,sao paulo,SP,Muito bom,1,410.84875,271.935,2
cd52ca09554e5cc34d9ec28d230008af,2,276.08000000000004,92.02666666666669,1.0,5.0,3,161,baby,blumenau,SC,Muito bom,1,276.08000000000004,92.02666666666669,2
cd6c68c5fad15e0a5a5c1150546704e0,2,697.42,348.71,5.0,5.0,2,15,cool_stuff,limeira,SP,"Ótima máquina faz bem o algodão doce, minhas sobrinhas adoraram. | A panela é ótima!!",1,410.84875,345.73,2
cd915c60db8686f9a3dc35745aa1691c,2,162.28,81.14,1.0,5.0,2,14,bed_bath_table,curitiba,PR,"Produto e loja atenderam as minhas expectativas. Ótimo produto, funcionou perfeitamente e chegou antes do prazo. | Produto muito bom, entrega rápida, antes do prazo, facilidade na compra. Nada a reclamar. Recomendo.",1,162.28,81.14,2
cd995a16b76d69cd6383c9d13d9e4bc1,1,295.76,147.88,1.0,4.0,2,221,furniture_decor,cunha,SP,Muito bom,1,295.76,147.88,2
cdc8b0d152b868db7e28de59f642c94a,2,432.56,144.18666666666667,2.333333333333333,5.0,2,55,auto,guarulhos,SP,Muito bom,1,410.84875,144.18666666666667,2
cddc66766972c6d5da2fdd80fcefe1f0,2,578.61,192.87,5.0,3.0,2,161,furniture_decor,osvaldo cruz,SP,Muito bom,1,410.84875,192.87,2
cde6577300fbd06655ff162902f15b2a,2,308.92,154.45999999999998,6.5,4.5,2,13,baby,blumenau,SC,Muito bom,1,308.92,154.45999999999998,2
ce41a50f9ff95ef577cb759483fe9165,2,172.85,86.425,5.5,3.0,2,75,construction_tools_construction,conselheiro lafaiete,MG,"Produto veio com defeito não funciona, bem vou pedir troca, o preço não vale a dor de cabeça, fui em uma elétrica e comprei um prestasse. | Comprei de presente para minha mãe que adorou , pelo preço achei que seria algo ruim mas me.surpreendi e a empresa foi rápida no envio só não chegou antes do prazo por causa dos correios.Recomendo",1,172.85,86.425,2
ce53d0436a0b5d49e67638cb97d715fb,1,440.06,220.03,1.0,1.0,2,81,health_beauty,santo andre,SP,Muito bom,1,410.84875,220.03,2
ce5b62f9f3c15d2ddb0060ef1319419b,1,293.0,146.5,1.0,2.0,2,282,electronics,osasco,SP,Muito bom,1,293.0,146.5,2
ce6160651998b40db0a0f3b9d69f7f3d,2,1127.01,375.67,10.0,5.0,2,18,construction_tools_safety,santo andre,SP,"Loja:Produto entregue com rapidez, processo ágil c/ entrega antes do prazo previsto sem nenhum problema, Produto de aparência ótima. Vou instalar ainda, Produto recomendado por confiança no fabricante | Loja:Produto entregue com rapidez, processo ágil c/ entrega antes do prazo previsto sem nenhum problema, Produto de aparência ótima. Vou instalar ainda, Produto recomendado por confiança no fabricante",1,410.84875,345.73,2
ce8b665ad7a00dfee2a4fbd19dedb82a,2,490.59,245.295,6.5,3.0,2,184,electronics,rio de janeiro,RJ,O produto não foi entregue por problema nos Correios que está desde 01/03/2018 | Otimo,1,410.84875,245.295,2
cecc19ff12c206e6368dd1e9c22a848d,3,819.52,273.17333333333335,3.0,5.0,3,162,bed_bath_table,capao bonito,SP,Muito bom,1,410.84875,273.17333333333335,2
cee4e6509d99d45518c65d26971c1cbb,2,221.8,110.9,1.0,3.0,2,407,air_conditioning,sao paulo,SP,A mercaduria nao fue recibida e nao te ligan para avisar da entrega. No app deles nao colocan a previsão de entrega. O que confunde muito.,1,221.8,110.9,2
cef2883537239067f21cf38c1b2abb32,2,103.3,51.65,1.5,5.0,2,164,perfumery,jundiai,SP,Muito bom,1,103.3,51.65,2
cef29e793e232d30250331804cdb7000,3,1966.5,491.625,1.0,5.0,2,222,bed_bath_table,belo horizonte,MG,Ótima compra. Obrigado.,1,410.84875,345.73,2
cef42836ff25476d55c9a3e58f8da99d,2,171.15,85.575,6.5,5.0,2,27,furniture_decor,valparaiso de goias,GO,Muito bom,1,171.15,85.575,2
cf32aeb4e8a323e6499a573ac5c90326,2,299.45,99.81666666666666,1.3333333333333333,5.0,2,379,furniture_decor,sao paulo,SP,O mobile é muito bem feito! Adorei,1,299.45,99.81666666666666,2
cf56ccfd32ac8a510501a6fa69972c74,2,179.36,89.68,1.0,5.0,2,11,baby,nova iguacu,RJ,Achei a cortina linda e de boa qualidade.Recomendo! ,1,179.36,89.68,2
cf8184665e75b70ff95922909d792bdd,1,644.38,322.19,2.0,1.0,2,326,luggage_accessories,rio de janeiro,RJ,Só veio a lancheira. Falta a mochiLa  | Só veio a lancheira. Falta a mochiLa ,1,410.84875,322.19,2
cfb025f193db116549c9c23e4d58e3e3,2,112.01,56.005,3.5,5.0,2,244,furniture_decor,campinas,SP,Muito bom,1,112.01,56.005,2
cfbf4886ae3c9a97d20957d147e50fbb,1,433.44,216.72,1.0,1.0,2,298,bed_bath_table,piraquara,PR,Muito bom,1,410.84875,216.72,2
cfdaaa0caea59b06efb4b0fb8c700684,2,197.49,98.745,1.5,5.0,2,543,bed_bath_table,mirante do paranapanema,SP,Muito bom,1,197.49,98.745,2
cfe96f24bd8c36325e0d92e44324cf66,2,158.87,79.435,4.0,5.0,2,335,food,belford roxo,RJ,Muito bom,1,158.87,79.435,2
d00cb93157046651ca3e21a3fc422413,1,2189.16,547.29,5.0,1.0,3,284,bed_bath_table,nova hartz,RS,Não recebi meus produtos  | Não recebi meus produtos  | Não recebi meus produtos  | Não recebi meus produtos ,1,410.84875,345.73,2
d0145502f422d4a9387f75186674f29a,2,220.29,110.145,4.5,4.0,2,160,furniture_decor,jacutinga,MG,Devido outros quadros serem grandes preciso devolver ,1,220.29,110.145,2
d0175fc564515a47e95bcfdf40e6bc07,2,474.61,237.305,6.0,3.5,2,77,health_beauty,gravatai,RS,"Como sempre, tudo dentro da proposta das lannister, sem nenhuma inconformidade. | O produto entregue chegou diferente do produto ilustrado na foto do site, induzindo ao erro na compra. Estou tentando devolver no site, porém não finaliza o processo, quando tento dar continuidade.",1,410.84875,237.305,2
d0401aa66d5c33ae752ece32f8474d3c,2,224.07,112.035,4.5,4.5,2,112,bed_bath_table,rio de janeiro,RJ,Muito bom,1,224.07,112.035,2
d052fe86655dae0e952c1bacbbb99d7a,2,204.09,102.045,1.0,5.0,2,114,furniture_decor,paraibuna,SP,Muito bom,1,204.09,102.045,2
d059a0ec4c911c7abb10602099670325,2,768.5400000000001,192.135,1.75,2.0,2,395,bed_bath_table,cotia,SP,Ainda não foi entregue | Ainda não foi entregue | Ainda não foi entregue,1,410.84875,192.135,2
d05fdf65460ea1bf8735cd5843c3d97d,2,326.17,163.08499999999998,2.0,3.0,2,169,computers_accessories,resende,RJ,"Não recebi o produto, vou querer receber o dinheiro de volta",1,326.17,163.08499999999998,2
d0813c57df04369487ff42ab24dd0ac7,2,106.43,53.215,5.0,1.0,2,280,telephony,brasilia,DF,Muito bom,1,106.43,53.215,2
d08c29302907086e8fe823369542f3ae,2,976.92,244.23,5.5,2.5,3,6,audio,angra dos reis,RJ,"Comprei 2 relógios, mas só foi entregue 1 | Comprei 2 relógios, mas só foi entregue 1",1,410.84875,244.23,2
d0924cc48eeb9e613a31e365ba1db47d,2,227.85,113.925,1.0,4.0,2,212,sports_leisure,sao sebastiao,SP,Muito bom,1,227.85,113.925,2
d0b4d070b79dfda98aed0d61463d99ec,1,411.96,205.98,1.0,1.0,2,505,auto,barra bonita,SP,"Não foi entregue a chupeta, veio apenas o Esterilizador a Vapor para Microondas - Philips Avent. | Não foi entregue a chupeta, veio apenas o Esterilizador a Vapor para Microondas - Philips Avent.",1,410.84875,205.98,2
d0be859f85cda9d896ab14e4ffba955d,2,340.26,170.13,1.5,5.0,2,194,furniture_decor,sao paulo,SP,Muito bom,1,340.26,170.13,2
d0c62583f73531eba6338b2390e7a861,2,240.08,120.04,7.0,5.0,2,99,perfumery,pirassununga,SP,Muito bom,1,240.08,120.04,2
d0d4c1d3dfb98ee43fda6a93e53e5709,1,197.82,98.91,1.0,5.0,2,36,baby,duque de caxias,RJ,Muito bom,1,197.82,98.91,2
d0e4eb7f19326cba84b20949f1c90393,2,76.93,38.465,3.5,4.0,2,261,baby,sao jose do rio preto,SP,Muito bom,1,76.93,38.465,2
d0ed2b32e947d78eee48981b7f031575,1,581.3,290.65,1.0,3.0,2,383,sports_leisure,amparo,SP,Muito bom,1,410.84875,290.65,2
d0ed9308bbe21930c658ae7a063d040e,1,1271.12,317.78,5.0,2.0,2,276,garden_tools,duque de caxias,RJ,"Botei que não foi entregue, porque da compra que eu fiz de 4 produto da mesma nota só 1 veio.. estou esperando alguem entrar em contato | Botei que não foi entregue, porque da compra que eu fiz de 4 produto da mesma nota só 1 veio.. estou esperando alguem entrar em contato | Botei que não foi entregue, porque da compra que eu fiz de 4 produto da mesma nota só 1 veio.. estou esperando alguem entrar em contato | Botei que não foi entregue, porque da compra que eu fiz de 4 produto da mesma nota só 1 veio.. estou esperando alguem entrar em contato",1,410.84875,317.78,2
d105a60a6dee61fad9cb8b0e649a49ad,1,336.7,168.35,2.0,5.0,2,280,baby,belo horizonte,MG,Muito bom,1,336.7,168.35,2
d132b863416f85f2abb1a988ca05dd12,3,2313.7,462.74,2.2,5.0,2,38,bed_bath_table,santo andre,SP,Recomendo a parceira  | Recomendo a parceira  | Minha loja preferida | produto lindo e entregue antes da data fiquei bem satisfeita | produto lindo e entregue antes da data fiquei bem satisfeita,1,410.84875,345.73,2
d16f2966cda34d01f661bfc50635edb2,2,2235.01,447.00200000000007,7.6,4.6,3,60,home_construction,sao paulo,SP,Muito bom,1,410.84875,345.73,2
d1b1a515d00c439c119352339757376c,1,1771.86,590.62,1.0,5.0,2,55,sports_leisure,pedralva,MG,Muito bom,1,410.84875,345.73,2
d1cda6997ec00dd06cb0de062d2fa517,1,149.58,74.79,2.0,5.0,2,189,auto,araruama,RJ,"Produto chegou antes do prazo.
Recomendo... | Produto chegou antes do prazo.
Recomendo...",1,149.58,74.79,2
d24e1d0902dac57dd313bcf4f9c80160,2,387.36,96.84,2.5,5.0,2,128,watches_gifts,sao paulo,SP,Tudo OK | entrega super rápida e produto maravilhoso. adorei !!!! | entrega super rápida e produto maravilhoso. adorei !!!! | entrega super rápida e produto maravilhoso. adorei !!!!,1,387.36,96.84,2
d26c616e241736e0c1c1ab14150239e7,3,579.78,144.945,1.0,1.5,2,106,bed_bath_table,niteroi,RJ,"Uma loja que só pensa em pegar o dinheiro do cliente, mas não entrega mercadoria. | Uma loja que só pensa em pegar o dinheiro do cliente, mas não entrega mercadoria.",1,410.84875,144.945,2
d2787622df9fd933c164f7cf696a4e2a,2,342.61,171.305,1.0,5.0,2,336,auto,gurupi,TO,Perfeito  | Perfeito ,1,342.61,171.305,2
d2925e8624ac68e8e49f5e35e2d36822,1,457.9,228.95,2.0,1.0,2,268,bed_bath_table,angra dos reis,RJ,"Recebinum email, nele constava que houve um problema no transporte da minha encomenda, porém quando pedi um exclarecimento, simplesmente ignoraram. | Recebinum email, nele constava que houve um problema no transporte da minha encomenda, porém quando pedi um exclarecimento, simplesmente ignoraram.",1,410.84875,228.95,2
d2a21549bd13dfc5f3a8ff1c01e0b0eb,1,221.38,110.69,6.0,4.0,2,239,computers_accessories,pitangueiras,SP,O e-mail consta relógio e gravadora mas somente foi entregue o relógio pelo correio | O e-mail consta relógio e gravadora mas somente foi entregue o relógio pelo correio,1,221.38,110.69,2
d2d3ed262b31f2bb50932fd0b1ab5df7,2,408.31,136.10333333333332,9.333333333333334,5.0,2,481,furniture_decor,brasilia,DF,Muito bom,1,408.31,136.10333333333332,2
d2f38262a9f66d15aa9fc2b60ea873d9,2,170.47,85.235,1.0,5.0,2,453,furniture_decor,sao paulo,SP,Muito bom,1,170.47,85.235,2
d3359a56d96666ac0c21bb01e7a61c95,4,937.38,117.1725,7.625,4.5,3,160,fashio_female_clothing,sao paulo,SP,Muito bom,1,410.84875,117.1725,2
d3581765bcf955dcf282b1642c74157c,2,244.45,81.48333333333333,1.0,1.0,2,218,air_conditioning,cuiaba,MT,Espero obter uma resposta para minha encomenda. Comprei 3 controles remotos para ar condicionado e apenas recebi 1 controle Komeco e dos 2 controles Elgin pedidos e pago só foi entregue 1 controle Elg | Espero obter uma resposta para minha encomenda. Comprei 3 controles remotos para ar condicionado e apenas recebi 1 controle Komeco e dos 2 controles Elgin pedidos e pago só foi entregue 1 controle Elg | Espero obter uma resposta para minha encomenda. Comprei 3 controles remotos para ar condicionado e apenas recebi 1 controle Komeco e dos 2 controles Elgin pedidos e pago só foi entregue 1 controle Elg,1,244.45,81.48333333333333,2
d35add94591c282fe5555e6d24be10a1,1,297.54,148.77,8.0,5.0,2,121,fashion_bags_accessories,sao paulo,SP,Recomendo. | Recomendo.,1,297.54,148.77,2
d366cfc097d250c153a712cebfc7d94a,2,920.29,230.0725,10.0,1.0,3,205,perfumery,palhoca,SC,de tres produtos somente um foi entregue quero saber por que falto dois e esta dando e status entregue | de tres produtos somente um foi entregue quero saber por que falto dois e esta dando e status entregue | de tres produtos somente um foi entregue quero saber por que falto dois e esta dando e status entregue,1,410.84875,230.0725,2
d3738b2218832d0397dbbceffa3f3514,2,176.3,88.15,1.0,1.0,2,192,bed_bath_table,sao paulo,SP,Muito bom,1,176.3,88.15,2
d375c3a3a6bff030c08c6d4109b3f226,2,166.84,83.42,4.0,5.0,2,290,computers_accessories,sao paulo,SP,"Produto certinho ,tudo correto !!! | gostei do kit eu recomendo",1,166.84,83.42,2
d37b5d5b492f667ea230e377a97fe859,2,180.92,90.46,1.0,5.0,2,211,bed_bath_table,brasilia,DF,Muito bom,1,180.92,90.46,2
d383ccd394fc5ccc2418388b70060ab7,1,158.52,79.26,7.0,1.0,2,79,bed_bath_table,tupa,SP,Só recebi a cortina.. o rolo nao recebi.. e consta como se tivesse entregado os 2. | Só recebi a cortina.. o rolo nao recebi.. e consta como se tivesse entregado os 2.,1,158.52,79.26,2
d3857f98166ef23ca95d44cbe9b1828c,2,621.32,207.10666666666668,3.333333333333333,5.0,2,114,telephony,goiania,GO,"Muito bom, recomendo",1,410.84875,207.10666666666668,2
d387ea85dc301a91740e31360d355686,3,2123.96,530.99,2.75,5.0,2,92,watches_gifts,sao joao da boa vista,SP,Muito bom,1,410.84875,345.73,2
d3882d7abd0c66064d740d7ed04dd1ef,3,223.12,44.624,1.0,5.0,2,196,home_appliances,campinas,SP,Muito bom,1,223.12,44.624,2
d3b7b3c1e6a1e88e1d8f2d0131acf460,1,1783.72,891.86,6.0,5.0,2,94,electronics,teresina,PI,Excelente produto é entregue antes do prazo | Excelente produto é entregue antes do prazo,1,410.84875,345.73,2
d3d7dd472d49050c5f6c1e81f71545f0,1,765.48,255.16,6.0,5.0,2,448,garden_tools,tramandai,RS,Muito bom,1,410.84875,255.16,2
d3e6520dde5fda9917fb56ffc3066d66,2,442.77,221.385,3.5,5.0,2,158,housewares,passo fundo,RS,Muito bom,1,410.84875,221.385,2
d42abb03c8796ea293a48772c24843c1,2,210.54,105.27,3.5,5.0,2,199,bed_bath_table,colina,SP,TUDO PERFEITO....,1,210.54,105.27,2
d42d80a0e58167c0dbb59315c93788bc,2,384.66,128.22,5.333333333333333,2.333333333333333,2,71,kitchen_dining_laundry_garden_furniture,agua boa,MT,parece bom ainda não usei. | parece bom ainda não usei.,1,384.66,128.22,2
d4336c36fbe83d4668606c4361932e1d,1,4957.96,708.28,10.0,1.0,2,214,office_furniture,peruibe,SP,"Das cinco cadeiras que comprei chegaram somente duas com acabamento em tecido, o pedido foi feito com acabamento em corino...
 | Das cinco cadeiras que comprei chegaram somente duas com acabamento em tecido, o pedido foi feito com acabamento em corino...
 | Das cinco cadeiras que comprei chegaram somente duas com acabamento em tecido, o pedido foi feito com acabamento em corino...
 | Das cinco cadeiras que comprei chegaram somente duas com acabamento em tecido, o pedido foi feito com acabamento em corino...
 | Das cinco cadeiras que comprei chegaram somente duas com acabamento em tecido, o pedido foi feito com acabamento em corino...
 | Das cinco cadeiras que comprei chegaram somente duas com acabamento em tecido, o pedido foi feito com acabamento em corino...
 | Das cinco cadeiras que comprei chegaram somente duas com acabamento em tecido, o pedido foi feito com acabamento em corino...
",1,410.84875,345.73,2
d43c6aa82fc6dc2c43d6813a4822081f,2,105.22,52.61,1.0,4.5,2,226,bed_bath_table,cotia,SP,O produto chegou no prazo e parece ser ótimo. Custo benefício excelente  | Achei ótimo só achei o tecido misto fino mas no geral é bom custo benefício ! ,1,105.22,52.61,2
d44ccec15f5f86d14d6a2cfa67da1975,3,352.35,70.47,2.4,5.0,3,292,sports_leisure,sao paulo,SP,Muito bom,1,352.35,70.47,2
d44f553a3663a6323c901cf1f0a47c87,2,324.05,108.01666666666668,4.333333333333333,4.333333333333333,2,1,housewares,sao paulo,SP,Muito bom,1,324.05,108.01666666666668,2
d4a5e9f19897de65433c9d97bf4b9f8e,3,1039.23,207.846,1.8,5.0,3,42,bed_bath_table,sao paulo,SP,"Amei Meu quadro, perfeito.. indentico ao anúncio, não falhou em nada. Como sempre as lojas lannister arrasa em seus produtos e na rapidez da entrega. Parabéns!!!! | Boa tarde,
só foi entregue 1 produto, falto a Kit Colcha Patchwork Bouti Inter Home Solteiro Rozac.
Espero entregue, pois já foi pago. | Boa tarde,
só foi entregue 1 produto, falto a Kit Colcha Patchwork Bouti Inter Home Solteiro Rozac.
Espero entregue, pois já foi pago. | Boa tarde,
só foi entregue 1 produto, falto a Kit Colcha Patchwork Bouti Inter Home Solteiro Rozac.
Espero entregue, pois já foi pago.",1,410.84875,207.846,2
d4c08fff82e9995899d6f5377b5d5367,1,137.6,68.8,6.0,5.0,2,391,health_beauty,belo horizonte,MG,Muito bom,1,137.6,68.8,2
d4d13f7f2d183537ba2074adf27b155e,1,788.58,394.29,10.0,3.0,2,398,health_beauty,lauro de freitas,BA,"Só chegou o modelo na cor prata, o dourado não veio!  | Só chegou o modelo na cor prata, o dourado não veio! ",1,410.84875,345.73,2
d4e5ada242c876e58b2dbbcfaa80d977,2,199.87,99.935,5.5,5.0,2,143,pet_shop,sao paulo,SP,Recebi antes do prazo. ,1,199.87,99.935,2
d50c10b739ca1b20e38519852508ad9b,1,1307.79,435.93,10.0,2.0,3,19,furniture_decor,caruaru,PE,"Só veio um dos pendentes , preciso dos outros, conforme a nota  | Só veio um dos pendentes , preciso dos outros, conforme a nota  | Só veio um dos pendentes , preciso dos outros, conforme a nota ",1,410.84875,345.73,2
d5419994a02a55d4b7cd00e77fabdbae,2,1229.43,409.81,8.0,4.333333333333333,2,265,cool_stuff,ipero,SP,Eu gostei muito os pedidos são entregue sem problemas  | Eu gostei muito os pedidos são entregue sem problemas ,1,410.84875,345.73,2
d58760239457cc420d92744d97087921,2,525.85,175.28333333333333,5.666666666666667,3.333333333333333,2,56,sports_leisure,marica,RJ,Tudo ok na entrega | Tudo ok na entrega | Veio com defeito. Não reconhece em nenhum computador e não funciona.,1,410.84875,175.28333333333333,2
d5b4fce33a7ef8e6025bff334e6bbf1d,2,228.22,114.11,5.5,5.0,2,91,furniture_decor,vassouras,RJ,Muito bom,1,228.22,114.11,2
d5f79f616536f08c3946ee6ac810a43a,2,168.12,84.06,4.0,5.0,2,329,baby,sao jose dos campos,MG,Muito bom,1,168.12,84.06,2
d615a46ee39d41088222d36e46fb5c03,1,577.5,192.5,1.0,4.0,2,312,bed_bath_table,sao paulo,SP,Muito bom,1,410.84875,192.5,2
d64023c35e5c1452ce568e993ac12c86,3,280.64,93.54666666666668,1.3333333333333333,4.333333333333333,2,71,cool_stuff,sao paulo,SP,"Ok | Correu tudo bem, contudo o produto veio danificado. Vamos ver como a loja se saí agora.  | Excelente produto. ",1,280.64,93.54666666666668,2
d649357bd5b1b116bf9662f41259db37,2,274.26,91.42,4.0,1.0,2,6,fashion_bags_accessories,batatais,SP,Negativo | Negativo | Negativo,1,274.26,91.42,2
d65921a138c59000aff343f8c991b896,2,343.57000000000005,171.78500000000005,1.5,4.0,2,92,computers_accessories,santa fe de goias,GO,Muito bom,1,343.57000000000005,171.78500000000005,2
d687c16dcf223790dd97278b2cdbe240,1,9443.35,1349.05,8.0,4.0,2,210,bed_bath_table,mogi das cruzes,SP,Muito bom,1,410.84875,345.73,2
d6903bc66ac9ae94d0bec00ea5c39568,2,271.34000000000003,135.67000000000002,2.5,4.0,2,99,baby,rio claro,SP,Muito bom,1,271.34000000000003,135.67000000000002,2
d6b7b7b651f4a32b5c16f62c01f3b565,1,464.7,232.35,1.0,5.0,2,35,stationery,marau,RS,Muito bom,1,410.84875,232.35,2
d6caf670c8bf91aed723f242cafb71c8,2,374.84,93.71,5.0,3.0,2,116,garden_tools,cachoeiro de itapemirim,ES,Muito bom,1,374.84,93.71,2
d6db3091e8c13023bf1e6d367b8c0847,2,130.28,43.42666666666667,3.333333333333333,5.0,2,41,home_appliances,monte carlo,SC,Produto de excelente qualidade.,1,130.28,43.42666666666667,2
d753459418d268407f19b64be28e3c5a,2,38.24,19.12,1.0,5.0,2,601,fashion_bags_accessories,curitiba,PR,"Comprei e chegou antes do prazo, tudo perfeito. adorei! | Comprei e chegou antes do prazo, tudo perfeito.",1,38.24,19.12,2
d75a854dd5534f42bfac3299ac2d0b33,2,1003.31,250.8275,10.0,4.0,2,168,furniture_decor,sitio novo do tocantins,TO,"Tenho dúvidas se o problema é com o fornecedor ou com o entregador, pois na operacionalização da compra beleza, já quanto ao tempo de entrega (via correios) tudo atrasado.",1,410.84875,250.8275,2
d75acd4c5b7b4dfd32b9d9172b195419,3,615.55,123.11,9.0,4.8,4,85,housewares,sao paulo,SP,"As três empresadas associadas da targaryen estão de parabéns! Entregaram os produtos bem antes do prazo, e já estou degustando um cafezinho moído na hora, preparado na prensa francesa! | As três empresadas associadas da targaryen estão de parabéns! Entregaram os produtos bem antes do prazo, e já estou degustando um cafezinho moído na hora, preparado na prensa francesa! | As três empresadas associadas da targaryen estão de parabéns! Entregaram os produtos bem antes do prazo, e já estou degustando um cafezinho moído na hora, preparado na prensa francesa!",1,410.84875,123.11,2
d7624d219b6ffad980e91412174db310,3,87.75,29.25,2.333333333333333,5.0,2,510,bed_bath_table,catanduva,SP,Muito bom,1,87.75,29.25,2
d7a86208b8dd2e697ddf825c386a0402,2,279.8,139.9,1.0,5.0,2,254,computers_accessories,sao jose dos campos,SP,Muito bom,1,279.8,139.9,2
d7a9f47a1c943e087a775dc2f9d43eb3,2,126.81,63.405,3.0,5.0,2,133,construction_tools_construction,taboao da serra,SP,Muito bom,1,126.81,63.405,2
d7b4f3c9c89ba771ef099693c61d7085,2,110.63,55.315,1.0,4.0,2,259,electronics,lagoa santa,MG,O produto chegou conforme o combinado. | Tudo conforme o combinado.,1,110.63,55.315,2
d7bf7cfe09c3d0f40e1cabde2dc17fd4,2,358.49,179.245,4.5,4.5,2,61,health_beauty,sorocaba,SP,Muito bom,1,358.49,179.245,2
d7c6335139cb055ed0ce1125ddc788d8,2,678.72,226.24,2.333333333333333,5.0,2,274,computers_accessories,sao paulo,SP,compra fácil e site recomendado,1,410.84875,226.24,2
d7c90f6ab0a9d694c9f37bb8d027a19c,1,1239.36,413.12000000000006,3.0,5.0,2,194,baby,petropolis,RJ,Muito bom,1,410.84875,345.73,2
d7e306d63be84c9bd5cecf2f851d3c19,1,260.72,130.36,1.0,5.0,2,358,baby,sao jose dos campos,SP,Muito bom,1,260.72,130.36,2
d8079e13179a4ba20a2d06c42e713ff9,2,191.01,95.505,1.0,5.0,2,303,fashion_bags_accessories,rio de janeiro,RJ,Muito bom,1,191.01,95.505,2
d81bc4bbe85d4432bbd96d5241268903,1,216.72,108.36,6.0,1.0,2,3,baby,cajamar,SP,"Recebi apenas um produto.
O outro não . | Recebi apenas um produto.
O outro não .",1,216.72,108.36,2
d821b0981be9795c42ff1b2dece149cb,2,226.6,113.3,6.5,5.0,2,248,bed_bath_table,sao paulo,SP,Muito bonita. Igual a foto! | Lindo! Macio e de ótima qualidade!,1,226.6,113.3,2
d83257348027bd8c59a228cc034de5e3,2,197.73,98.865,4.5,5.0,2,78,bed_bath_table,guaira,SP,"Ótima compra | Cortina linda e de boa qualidade, ainda não estalei, mas ja vi que vai resolver meu problema com a luz do brindex.",1,197.73,98.865,2
d836cdcc6b2608a7f0ddf11e9b5bb2e5,1,1475.96,368.99,1.0,4.0,2,68,computers_accessories,diadema,SP,Muito bom,1,410.84875,345.73,2
d870a06834e68bdc8864f3a9a97e73ec,1,1573.64,786.82,10.0,3.0,2,243,construction_tools_lights,nilopolis,RJ,até o momento continuo aguardando a entrega do produto | até o momento continuo aguardando a entrega do produto,1,410.84875,345.73,2
d87cd982d4b793abe00c75c000c89237,2,259.51,86.50333333333333,3.0,5.0,2,261,home_confort,barbacena,MG,Muito bom,1,259.51,86.50333333333333,2
d885d4dcc9bb0cbaf3e7aa0fa4af16e0,1,217.42,108.71,7.0,1.0,2,40,health_beauty,uberlandia,MG,"O relógio foi entregue.
A máscara que não recebi. | O relógio foi entregue.
A máscara que não recebi.",1,217.42,108.71,2
d88c6d8c0caed386e83167dc6c448dc9,1,500.84,250.42,8.0,1.0,2,10,bed_bath_table,osasco,SP," Comprei a Garrafa térmica,E um kit de toalhas de 10 toalhas,porém só chegou a Garrafa,Até agora nada Das toalhas.......quero muito um retorno por favor |  Comprei a Garrafa térmica,E um kit de toalhas de 10 toalhas,porém só chegou a Garrafa,Até agora nada Das toalhas.......quero muito um retorno por favor",1,410.84875,250.42,2
d89cda51daee5f58ebd5d1d12a4575bb,1,455.48,227.74,4.0,1.0,2,59,garden_tools,nilopolis,RJ,Muito bom,1,410.84875,227.74,2
d8ad2c0c09bb419ee20bbbda66ed6d9c,2,124.02,62.01,1.5,4.0,2,165,fashion_bags_accessories,cajamar,SP,Muito bom,1,124.02,62.01,2
d8dc373219d0f95053c8d65df85a7f1c,2,804.8499999999999,201.2125,8.25,5.0,2,20,books_general_interest,araraquara,SP,blza,1,410.84875,201.2125,2
d8e4bf349af9df104faeef494ad2c6de,2,154.49,77.245,1.0,5.0,2,330,sports_leisure,guaruja,SP,Muito bom,1,154.49,77.245,2
d8f3c4f441a9b59a29f977df16724f38,2,373.67,93.4175,1.0,4.25,2,4,furniture_decor,sao bernardo do campo,SP,Muito bom,1,373.67,93.4175,2
d90ad5d193792bb1ea740bd2168f2414,1,306.76,153.38,2.0,5.0,2,475,furniture_decor,salvador,BA,"Produtos maravilhosos.
Comparei novamente sim | Produtos maravilhosos.
Comparei novamente sim",1,306.76,153.38,2
d92462d83762d5e5c112bccc344119e6,2,313.52,78.38,7.5,5.0,2,280,computers_accessories,grajau,MA,"Produto exelente | A empresa entregou de forma rapida e no prazo, sem contratempos | A empresa entregou de forma rapida e no prazo, sem contratempos | Produto exelente",1,313.52,78.38,2
d927267e54f07b9e0fd408d2f840024c,2,276.73,138.365,1.0,2.0,2,470,housewares,itaborai,RJ,Muito bom,1,276.73,138.365,2
d92e065f815b20aa0535f71f00efb6a9,1,1457.76,364.44,1.0,1.0,2,274,garden_tools,sao sebastiao,SP,"Faltou 2 produtos na entrega, tive de ligar na loja para reclamar. | Faltou 2 produtos na entrega, tive de ligar na loja para reclamar. | Faltou 2 produtos na entrega, tive de ligar na loja para reclamar. | Faltou 2 produtos na entrega, tive de ligar na loja para reclamar.",1,410.84875,345.73,2
d970a2354b55cfb67fa5840b9b4936ed,2,260.68,130.34,1.0,4.0,2,30,home_appliances,cascavel,PR,Muito bom,1,260.68,130.34,2
d9752ac494a2b97507fd2faa478cabd9,1,855.76,213.94,4.0,2.0,2,404,bed_bath_table,vitoria da conquista,BA,Muito bom,1,410.84875,213.94,2
d991d3ae7a0de4096b433ddc61afc932,1,312.78,156.39,10.0,1.0,2,345,bed_bath_table,bananal,SP,Ficou faltando uma cortina só veio a juvenil | Ficou faltando uma cortina só veio a juvenil,1,312.78,156.39,2
d9ad5b8ce105bd3baced4648987fbbfc,2,354.73,177.365,1.0,5.0,2,100,food_drink,sao paulo,SP,maravilhoso  | otimo ,1,354.73,177.365,2
d9d038353abdad5717e9d11c1748736d,2,212.14,70.71333333333332,6.666666666666667,1.3333333333333333,2,388,audio,florianopolis,SC,Muito bom,1,212.14,70.71333333333332,2
d9e1b1a2be1099683792849d51b2edc6,1,310.06,155.03,2.0,2.0,2,260,bed_bath_table,cachoeira alta,GO,"O compra veio pela metade não recebi meu cobertor microfribra de berço rosa. 
A bolça vermelha veio.  | O compra veio pela metade não recebi meu cobertor microfribra de berço rosa. 
A bolça vermelha veio. ",1,310.06,155.03,2
d9e6c750121d4d84ba6f2cdc6cc80008,2,155.93,77.965,1.5,4.0,2,247,electronics,ipero,SP,Muito bom,1,155.93,77.965,2
d9e97e176fab9b275f9665eef6151a7b,2,176.62,88.31,1.0,5.0,2,114,christmas_supplies,belo horizonte,MG,O produto é bom e muto bem feito | Recomendo o site,1,176.62,88.31,2
da1e7179b9c5a1494d78528cbcf05aa0,2,1467.87,733.935,4.0,3.0,2,293,computers,chapeco,SC,Muito bom,1,410.84875,345.73,2
da2b78576894a7f95d45bfd20250cc54,3,408.7,136.23333333333332,6.666666666666667,3.6666666666666665,3,267,furniture_decor,sao paulo,SP,"Recebi o produto dentro do prazo, mas o produto deixou muito a desejar, muito frágil, não atendeu as expectativas.",1,408.7,136.23333333333332,2
da5bbfd583efb762f6fda762f1aaf4a9,2,133.72,66.86,4.5,2.5,2,490,computers_accessories,londrina,PR,"A COMPRA FOI REALIZADA EM JANEIRO DE 2017,COM PAGAMENTO POR BOLETO EM 24-01-2017, O PRODUTO DEVERIA SER ENTREGUE ATÉ 28-02-2017, E ATÉ APENAS EMITIDO A NOTA FISCAL SEM DADOS DE TRANSPORTE E ENTREGA.",1,133.72,66.86,2
da8f764b90a3b800f31d093c22cd3074,2,291.1,97.03333333333336,2.6666666666666665,4.333333333333333,2,235,luggage_accessories,campo limpo paulista,SP,Muito bom,1,291.1,97.03333333333336,2
da97d3a5a7013344d88b124902922376,1,113.9,56.95,5.0,1.0,2,238,bed_bath_table,sao paulo,SP,"Comprei 2 itens atraves deste pedido, mas apenas o suporte foi entregue. O tapete não chegou até o momento, e consta aqui que os dois itens foram entregues! Favor peço me enviarem o tapete urgente! | Comprei 2 itens atraves deste pedido, mas apenas o suporte foi entregue. O tapete não chegou até o momento, e consta aqui que os dois itens foram entregues! Favor peço me enviarem o tapete urgente!",1,113.9,56.95,2
daa7bbf7016cc30bf64f97d1db63e5e6,2,83.21000000000001,41.605,1.5,3.5,2,411,electronics,osasco,SP,material excelente alticima qulidade otimo | deu tudo certo gostei,1,83.21000000000001,41.605,2
dad9e634284872d012677965e512b57d,2,287.46,143.73,3.5,3.0,2,77,health_beauty,aracatuba,SP,Mas o produto é de má qualidade muito fraco ,1,287.46,143.73,2
db094faaa9628ba9f5e5da127407f139,2,169.73,84.865,3.5,5.0,2,63,bed_bath_table,alcinopolis,MS,Muito bom,1,169.73,84.865,2
db1af3fd6b23ac3873ef02619d548f9c,1,658.44,27.435,1.0,1.0,2,418,computers_accessories,itaqui,RS,foi entregue um dos produtos. o outro não foi entregue. | foi entregue um dos produtos. o outro não foi entregue. | foi entregue um dos produtos. o outro não foi entregue. | foi entregue um dos produtos. o outro não foi entregue. | foi entregue um dos produtos. o outro não foi entregue. | foi entregue um dos produtos. o outro não foi entregue. | foi entregue um dos produtos. o outro não foi entregue. | foi entregue um dos produtos. o outro não foi entregue. | foi entregue um dos produtos. o outro não foi entregue. | foi entregue um dos produtos. o outro não foi entregue. | foi entregue um dos produtos. o outro não foi entregue. | foi entregue um dos produtos. o outro não foi entregue. | foi entregue um dos produtos. o outro não foi entregue. | foi entregue um dos produtos. o outro não foi entregue. | foi entregue um dos produtos. o outro não foi entregue. | foi entregue um dos produtos. o outro não foi entregue. | foi entregue um dos produtos. o outro não foi entregue. | foi entregue um dos produtos. o outro não foi entregue. | foi entregue um dos produtos. o outro não foi entregue. | foi entregue um dos produtos. o outro não foi entregue. | foi entregue um dos produtos. o outro não foi entregue. | foi entregue um dos produtos. o outro não foi entregue. | foi entregue um dos produtos. o outro não foi entregue. | foi entregue um dos produtos. o outro não foi entregue.,1,410.84875,27.435,2
db539c729198334582efc7b53c803c79,2,100.09,50.045,1.5,5.0,2,512,bed_bath_table,rio de janeiro,RJ,Prazos cumpridos corretamente.mercadoria bem embalada. | Ótima entrega.produto bem embalado.prazos cumpridos.tudo ok,1,100.09,50.045,2
db63d1938f9fd68035212ae046df6917,1,174.4,87.2,1.0,1.0,2,7,books_general_interest,sao caetano do sul,SP,1 dos produtos (o cavalo) nao veio. Favor verificar . Consta no site que foi entregue e isso nao ocorreu | 1 dos produtos (o cavalo) nao veio. Favor verificar . Consta no site que foi entregue e isso nao ocorreu,1,174.4,87.2,2
db856e8cb7586dd746d36ee69f7dbe68,2,250.96,83.65333333333332,1.0,5.0,2,155,fashion_bags_accessories,sao paulo,SP,Boa,1,250.96,83.65333333333332,2
dbb8985cba830b580df7d14ef6a5d548,1,298.6,49.76666666666667,2.0,5.0,2,119,bed_bath_table,sao paulo,SP,Muito bom,1,298.6,49.76666666666667,2
dbc19912d7a5ce777b71178146f803f8,2,99.67000000000002,49.83500000000001,4.5,4.0,2,142,musical_instruments,sao paulo,SP,"produto bom para sua faixa de preço!as alças poderiam se maiores e c mis regulagens!
",1,99.67000000000002,49.83500000000001,2
dbdfcd1e9de47452f3c9b0229bc0edc3,2,287.8,143.9,5.0,4.0,2,324,bed_bath_table,cambui,MG,Muito bom,1,287.8,143.9,2
dc1e294dceea9fbe6bd8646954e03c95,2,644.34,214.78,1.0,5.0,2,207,bed_bath_table,paty do alferes,RJ,Muito bom,1,410.84875,214.78,2
dc450fdb03562a6d52752858f7855348,2,991.14,330.38000000000005,7.333333333333333,4.333333333333333,2,559,bed_bath_table,belo horizonte,MG,Recomendo | Recomendo  | Recomendo ,1,410.84875,330.38000000000005,2
dc48b0a1b0e6abb6586f322c189f6b93,3,461.01,115.2525,9.0,4.0,4,8,bed_bath_table,salvador,BA,"comprei uma garrafa térmica e uma capa de colchão e não recebi a capa, já tentei entrar em contato mas não tive retorno.  | comprei uma garrafa térmica e uma capa de colchão e não recebi a capa, já tentei entrar em contato mas não tive retorno. ",1,410.84875,115.2525,2
dc6502a8fc5ef5239994a36192e7a0ca,2,375.64,187.82,5.0,4.5,2,112,auto,palmas,TO,Muito bom,1,375.64,187.82,2
dc813062e0fc23409cd255f7f53c7074,6,2710.4700000000003,246.4063636363637,12.272727272727272,4.363636363636363,3,6,cool_stuff,garanhuns,PE,"Pedido cancelado.  | Recebi dois e a compra foi de três relógios ,estou aguardando o outro. | Recebi dois e a compra foi de três relógios ,estou aguardando o outro. | Recebi dois e a compra foi de três relógios ,estou aguardando o outro. | Pensei q fosse mais bonita .",1,410.84875,246.4063636363637,2
dc858be5b0bb881c067192937bf4ff78,2,104.78,52.39,1.0,5.0,2,209,bed_bath_table,osasco,SP,"Ainda não usei o produto, mas em relação à entrega, chegou muito antes do esperado.  | Ainda não usei o produto, mas em relação à entrega, chegou muito antes do esperado. ",1,104.78,52.39,2
dcae10a371a35e87b7e88b8724a7bbea,2,142.66,71.33,1.0,3.0,2,315,furniture_decor,rio de janeiro,RJ,"A targaryen para entrega de bijuterias e relógios foi perfeita, mas este papel não. ",1,142.66,71.33,2
dcc9b6eac03a7f9c934c35aad0affdca,1,150.88,75.44,1.0,1.0,2,158,art,gramado,RS,"Meu pedido foi entregue pela metade. As réguas vieram, mas as tesouras não. Aguardo um retorno da loja | Meu pedido foi entregue pela metade. As réguas vieram, mas as tesouras não. Aguardo um retorno da loja",1,150.88,75.44,2
dcc9c0fd8dbf091ca2965710ef45c16c,2,120.51,60.255,1.0,3.5,2,402,bed_bath_table,sorocaba,SP,Muito bom,1,120.51,60.255,2
dcd27efb93b723b301f8bac00e5d7e01,2,321.9,160.95,1.0,4.0,2,107,furniture_decor,porto alegre,RS,"Produto recebido conforme o combinado, tudo certo! | Poderia ser mais fácil colocar os fios na base, pois é necessário muito ""jeitinho"" e força, no entanto, o produto atende.",1,321.9,160.95,2
dce6dc77c19d239bfbe9d77dd4d0ef98,2,187.84,93.92,2.0,5.0,2,118,auto,barueri,SP,Mto bom tapete universal,1,187.84,93.92,2
dceb4917f47969515db757f78b8851eb,1,362.84,181.42,3.0,1.0,2,192,bed_bath_table,ipatinga,MG,"comprei um jogo de toalha e um jogo de cama ; só veio o jogo de cama, sendo que os dois segundo o e-mail que me mandaram, foram enviados juntos, com o mesmo código de rastreamento;  | comprei um jogo de toalha e um jogo de cama ; só veio o jogo de cama, sendo que os dois segundo o e-mail que me mandaram, foram enviados juntos, com o mesmo código de rastreamento; ",1,362.84,181.42,2
dcee1e44ded6f1bfc5b4988d771243da,2,793.5699999999999,264.5233333333333,4.333333333333333,3.0,2,267,watches_gifts,belem,PA,Produto não corresponde com o produto da imagem,1,410.84875,264.5233333333333,2
dd1640a5d21d24d20ee6788725a303b7,1,1102.5,551.25,3.0,5.0,2,334,construction_tools_safety,assis,SP,Recomendo | Recomendo,1,410.84875,345.73,2
dd20866f2a6d0f83a61cf8887a09528d,2,215.05,107.525,10.0,5.0,2,22,bed_bath_table,sete lagoas,MG,Muito bom,1,215.05,107.525,2
dd25b514ee922669e5de2d638199a3e3,2,197.95,98.975,3.0,5.0,2,229,computers_accessories,rio de janeiro,RJ,Muito bom,1,197.95,98.975,2
dd47740f3c285d15d8c9c72fc204e78a,2,204.05,102.025,5.5,5.0,2,47,computers_accessories,belo horizonte,MG,Produto entregue antes do prazo,1,204.05,102.025,2
dd8253fe17486f2e2cbff105e36e4a55,2,865.97,432.985,1.0,3.5,2,226,auto,jau,SP,Muito bom,1,410.84875,345.73,2
dd9b235dbe7d48c82caca4da097a2240,2,1272.49,318.1225,1.0,2.75,3,105,furniture_decor,sao carlos,SP,"O site do stark consta meu pedido como totalmente entregue, mas recebi apenas 1 de 3 itens. Já comprei antes com a targaryen e gostei, a entrega foi super rápida. Mas não concordo com constar meu pedi | O site do stark consta meu pedido como totalmente entregue, mas recebi apenas 1 de 3 itens. Já comprei antes com a targaryen e gostei, a entrega foi super rápida. Mas não concordo com constar meu pedi | O site do stark consta meu pedido como totalmente entregue, mas recebi apenas 1 de 3 itens. Já comprei antes com a targaryen e gostei, a entrega foi super rápida. Mas não concordo com constar meu pedi | Entrega super rápida e excelente produto",1,410.84875,318.1225,2
ddcbd9c87bce192fc14812129a7894da,2,470.2,235.1,1.5,5.0,2,151,bed_bath_table,sao paulo,SP,Muito bom,1,410.84875,235.1,2
dde8dd36a5290a1bfb650e1c8037b88b,1,995.24,497.62,10.0,2.0,2,418,auto,brasilia,DF,Não recebi o toner preto | Não recebi o toner preto,1,410.84875,345.73,2
ddeb6f3566dcf17cb455271ac103a73f,2,424.49,212.245,7.0,4.5,2,210,housewares,sao joao da boa vista,SP,"Entrega rápida e produto dentro do esperado. Recomendado. | Entrega rápida, ótimo produto, porém frete caro tendo em vista que no Mercado livre o frete do mesmo produto é grátis.",1,410.84875,212.245,2
de0cd4a836cfd7c507e551fdba5a0bc1,1,654.34,327.17,8.0,3.0,2,164,construction_tools_construction,rio de janeiro,RJ," so recebi 1 rolo 2,5mm falta o rolo 6,00 mm ainda nao chegou Catia |  so recebi 1 rolo 2,5mm falta o rolo 6,00 mm ainda nao chegou Catia",1,410.84875,327.17,2
de18795710878308ae1ee6c113107e38,1,509.82,254.91,10.0,1.0,2,370,baby,duque de caxias,RJ,Não recebi o kit bercinho  | Não recebi o kit bercinho ,1,410.84875,254.91,2
de226a12fac20b56580d731ec8ab8623,2,193.17,96.585,5.0,5.0,2,66,toys,guarulhos,SP,Muito bom,1,193.17,96.585,2
de34b16117594161a6a89c50b289d35a,5,530.38,106.076,1.8,3.4,2,223,watches_gifts,santo andre,SP,"Sem manual ou embalagem, enrolado apenas em plástico bolha. Mas pelo menos chegou intacto. Veremos nos próximos produtos. | O produto não veio com qualquer manual, mesmo que em inglês explicando seu funcionamento. No mais o produto é satisfatório.
 | Cumpriu o esperado, exceto pelo manual do produto vir em inglês, e não passar de um pedaço de papel mal impresso como uma cópia reprográfica mal enquadrada em 1/4 de folha A-4 | Relógio com pulseira quebrada. Já enviado para reparos em um relojoeiro para evitar perda de tempo visto ser um produto bonito. Sem embalagem, manual ou garantia.",1,410.84875,106.076,2
de73179fb08ccaa16bfbf6c139879855,2,129.14,64.57,3.0,4.5,2,71,housewares,cuiaba,MT,"Gostei chegou antes do previsto | Gostei, produto bacano só deveria ter tamanhos de raladores diferentes.",1,129.14,64.57,2
de7cad0a39eabfa2285ef0b891ef404a,2,138.38,46.126666666666665,4.333333333333333,5.0,2,393,bed_bath_table,sao paulo,SP,Chegou antes do prazo | Chegou antes do prazo | Bom vendedor chegou dentro do prazo tudo ok,1,138.38,46.126666666666665,2
de8ce480b6119f2835ce8ad07c326793,2,482.92,160.97333333333333,1.6666666666666667,5.0,2,147,toys,maua,SP,Muito bom,1,410.84875,160.97333333333333,2
dec5217f924eab1dae338b9b54f53558,2,144.45999999999998,72.22999999999999,1.0,5.0,2,190,market_place,novo horizonte,SP,Muito bom,1,144.45999999999998,72.22999999999999,2
dec8632530ce2c58e688e63cbc5105e6,2,326.36,163.18,4.0,5.0,2,262,home_confort,sao pedro da aldeia,RJ,Muito bom,1,326.36,163.18,2
ded4351942c7fc292b88e5b090af2b46,2,297.68,148.84,10.0,5.0,2,23,electronics,sao paulo,SP,Muito bom,1,297.68,148.84,2
dee08f6d91c8a85939d1f694e79d487d,1,95.34,47.67,1.0,2.0,2,150,computers_accessories,hortolandia,SP,"Eu não recebi o produto ""Adaptador Otg USB Tipo C Type C Moto Z Oneplus 3 Zenfone 3"" | Eu não recebi o produto ""Adaptador Otg USB Tipo C Type C Moto Z Oneplus 3 Zenfone 3""",1,95.34,47.67,2
df1f61c43368a8ed99dc76b43594fc4b,2,457.12,152.3733333333333,3.333333333333333,2.0,2,306,bed_bath_table,rio de janeiro,RJ,"Aguardando a entrega ou a devolução do dinheiro. Irei reavaliar após a resolução da compra. | Aguardando a entrega ou a devolução do dinheiro. Irei reavaliar após a resolução da compra. | Produto bonito e confortável, porém não durma de unhas grandes nem sem esfoliar os pés, porque é frágil e puxa fio com facilidade. ",1,410.84875,152.3733333333333,2
df69205330ca51a4f5312b0ac01918f3,1,865.4,432.7,1.0,5.0,2,22,luggage_accessories,pitangui,MG,Muito bom,1,410.84875,345.73,2
dff41d762e4e7b68b73af7203a429072,2,228.0,57.0,1.0,2.0,2,368,auto,sao paulo,SP,Muito bom,1,228.0,57.0,2
e016365b624d1755f3e2d0e8f1631ebb,3,772.45,154.49,2.6,3.4,2,193,health_beauty,rio maria,PA,"Bom amei o produto
 | Na foto o produto e um e Na hora que o produto chegou e totalmente diferente . | Na foto o produto e um e Na hora que o produto chegou e totalmente diferente . | Bom amei o produto
",1,410.84875,154.49,2
e0233c751408137ec5cdde0c37e6a61a,2,295.16,147.58,2.5,3.5,2,256,cool_stuff,pouso alegre,MG,Muito bom,1,295.16,147.58,2
e031118eb65330b4c180522f2743cf51,2,280.33,140.165,1.0,4.0,2,453,market_place,santo augusto,RS,Muito bom,1,280.33,140.165,2
e05757dc57fc38f5156c82e9e4444f8f,2,644.5899999999999,322.295,7.0,2.0,2,218,kitchen_dining_laundry_garden_furniture,rio de janeiro,RJ,"A entrega esta em atraso e eu preciso da para p. O dia 20,02 e a mesma ainda nao chegou.. se passar do dia 20, n vou querer mais o produto!",1,410.84875,322.295,2
e0836a97eaae86ac4adc26fbb334a527,3,88.27,29.42333333333333,1.0,5.0,2,2,health_beauty,campinas,SP,Muito bom,1,88.27,29.42333333333333,2
e09e509936d44d03ec876c40b0f6dd3f,2,108.22,54.11,3.5,3.5,2,133,telephony,santo angelo,RS,Muito bom,1,108.22,54.11,2
e0a1aa604ed61564997b8d69144e415b,1,153.16,76.58,1.0,1.0,2,147,bed_bath_table,jaguariuna,SP,"Produto foi entregue parcialmente
não recebi o que comprei  | Produto foi entregue parcialmente
não recebi o que comprei ",1,153.16,76.58,2
e0c99ffdcd8891130985ac90cd2d8eec,3,588.71,147.1775,1.25,5.0,3,337,toys,claudio,MG,Muito bom,1,410.84875,147.1775,2
e0e3eaa3330d98b1b65cb8c780cc57b5,1,143.98,71.99,1.0,4.0,2,259,bed_bath_table,sao paulo,SP,Muito bom,1,143.98,71.99,2
e1015df046a6e086818dc851b65c2392,1,419.42,209.71,4.0,4.0,2,313,bed_bath_table,piedade,SP,"Entrega muita rápida, vale a pena comprar. | Entrega muita rápida, vale a pena comprar.",1,410.84875,209.71,2
e10b68125f54adc15562b1fa412e655a,2,147.56,73.78,7.0,4.0,2,232,bed_bath_table,sao jose do barreiro,SP,Veio amassado o podruto | Muito boa rápida e eficiente,1,147.56,73.78,2
e1224167b1a3f92781c2ff55b0b794be,3,141.42000000000002,47.14000000000001,1.3333333333333333,3.6666666666666665,2,194,electronics,sao paulo,SP,Muito bom,1,141.42000000000002,47.14000000000001,2
e12f7f1e96f1f9f6361572028a1fad5a,3,729.74,243.24666666666667,1.0,4.333333333333333,2,303,electronics,rio de janeiro,RJ,regular | muito boa  | otima,1,410.84875,243.24666666666667,2
e13173fd16b572985c50742546978614,1,466.72,233.36,5.0,4.0,2,122,bed_bath_table,sao paulo,SP,Muito bom,1,410.84875,233.36,2
e1407f4d2fd92ed069307bb0b836615a,2,1483.08,494.36,4.0,5.0,2,169,sports_leisure,balsas,MA,Muito bom,1,410.84875,345.73,2
e14b8cd578c1f576594719bce2ee1aa2,2,117.86,58.92999999999999,1.0,5.0,2,166,baby,rio de janeiro,RJ,Muito bom,1,117.86,58.92999999999999,2
e1708ec558c8c1d8bd5e24d022cd13ce,1,772.3499999999999,257.45,4.0,4.0,2,112,food,sao paulo,SP,"Recebi incompleto, faltou um produto | Recebi incompleto, faltou um produto | Recebi incompleto, faltou um produto",1,410.84875,257.45,2
e18e5bacd926fa2430662e451bbdfaa9,1,834.03,278.01,3.0,5.0,2,469,furniture_decor,nova iguacu,RJ,GOSTEI PRODUTOS ENTREGUE EM PERFEITAS CONDIÇOES. | GOSTEI PRODUTOS ENTREGUE EM PERFEITAS CONDIÇOES. | GOSTEI PRODUTOS ENTREGUE EM PERFEITAS CONDIÇOES.,1,410.84875,278.01,2
e1b59a2032b34097d0c1c8d320f40832,2,318.42,159.20999999999998,4.0,4.5,2,268,furniture_decor,belo horizonte,MG,Muito bom,1,318.42,159.20999999999998,2
e1cc1be2730188040748affa422b2803,2,92.22,46.11,1.0,5.0,2,162,housewares,bauru,SP,Muito bom,1,92.22,46.11,2
e1cdf692ed47d0ba0429839e43913966,1,977.16,488.58,20.0,5.0,2,334,bed_bath_table,cruz das almas,BA,"Produto lindo, ótimo material, muito feliz com minha compra!!! | Produto lindo, ótimo material, muito feliz com minha compra!!!",1,410.84875,345.73,2
e208e280c8d8debab258793b0ce264ba,2,206.62,103.31,2.0,5.0,2,125,housewares,niteroi,RJ,Perfeito . Comprei não para bolo e sim para fazer sabao de roupas . Bem resistente o produto . Recomendo | Lindo o bebê. Recomendo,1,206.62,103.31,2
e219a439f6ca99e32824bcc7153969c9,2,342.51,171.255,6.0,5.0,2,41,housewares,angra dos reis,RJ,Chegou na data combinada nota 10 recomendo,1,342.51,171.255,2
e2226f481eef03f2876d1a27f0f4b1b0,2,711.89,355.945,1.0,5.0,2,365,furniture_living_room,santos,SP,Muito bom,1,410.84875,345.73,2
e226254ce0c6d5b7a7ef7218c9b5b518,3,1056.88,211.376,6.4,5.0,2,112,sports_leisure,araras,SP,Ótimo produto e exatamente como descrito.,1,410.84875,211.376,2
e238fba997eec80e48bf8d8689877d89,1,419.42,209.71,4.0,5.0,2,346,bed_bath_table,sao bernardo do campo,SP,Muito bom,1,410.84875,209.71,2
e2439c7b04c3500e7a4aa7a208e78f70,2,224.55,74.85000000000001,1.0,5.0,2,85,sports_leisure,sao paulo,SP,Loja muito ágil no envio do produto. Bem embalado e conforme anunciado | Loja muito ágil no envio do produto. Bem embalado e conforme anunciado,1,224.55,74.85000000000001,2
e28538e3001edb06752b7fc98b6ed97e,1,229.98,114.99,1.0,1.0,2,350,baby,brasilia,DF,aguardo a entrega do segundo produto. Até o presente momento o produto não foi entregue | aguardo a entrega do segundo produto. Até o presente momento o produto não foi entregue,1,229.98,114.99,2
e2889baccec81ed3bed4d66c1c675cb2,2,221.61,110.805,5.5,3.0,2,275,bed_bath_table,eldorado do sul,RS,Muito bom,1,221.61,110.805,2
e2ad62287d09d865cc01cad90869dd91,1,958.5,479.25,10.0,3.0,2,259,bed_bath_table,ribeirao preto,SP,Muito bom,1,410.84875,345.73,2
e2af42f42a86805055a8e71af58ee71e,2,108.09,54.045,1.5,3.0,2,297,stationery,ouro preto,MG,Recebi o produto em menos tempo que o esperado mas não atendeu 100% das minhas demandas. A alça veio estragada e o tubo é difícil de lacrar de verdade ,1,108.09,54.045,2
e30b83af13d6ff0b0f427b2a67c43b39,3,1802.07,360.414,8.6,4.8,2,274,furniture_decor,pocos de caldas,MG,"Ótimo, chegou bem antes do previsto. Produto Excelente  | Produto de qualidade, entrega rápida! | Ótimo. Rápido demais, chega bem antes do prazo | Ótimo. Rápido demais, chega bem antes do prazo | Ótimo. Rápido demais, chega bem antes do prazo",1,410.84875,345.73,2
e336a9719ccdcfb34a02d22e84571527,1,102.76,51.38,5.0,2.0,2,85,housewares,tatui,SP,"Boa noite, conforme informei anteriormente, a espátula inox nao foi entregue, gostaria de saber sobre.? Grato Jean  | Boa noite, conforme informei anteriormente, a espátula inox nao foi entregue, gostaria de saber sobre.? Grato Jean ",1,102.76,51.38,2
e374f0ed9ec35b9af339460a75c4d096,2,694.55,347.275,5.0,3.5,2,192,cool_stuff,aparecida de goiania,GO,"O som é baixo, mas atende minhas necessidades.",1,410.84875,345.73,2
e378ece7324086aedbcb98b5f5eed332,1,701.8199999999999,233.94,5.0,3.0,2,177,garden_tools,linhares,ES,"COLOQUEI COMO NÃO POIS SO VEIO UM PRODUTO E FICOU FALTANDO O OUTRO.
NA AVALIAÇÃO CONSTA OS 2 PRODUTOS SENDO QUE SO RECEBI UM. ENTREI EM CONTATO COM A lannister E NÃO ME RESPONDERAM AINDA.
 | COLOQUEI COMO NÃO POIS SO VEIO UM PRODUTO E FICOU FALTANDO O OUTRO.
NA AVALIAÇÃO CONSTA OS 2 PRODUTOS SENDO QUE SO RECEBI UM. ENTREI EM CONTATO COM A lannister E NÃO ME RESPONDERAM AINDA.
 | COLOQUEI COMO NÃO POIS SO VEIO UM PRODUTO E FICOU FALTANDO O OUTRO.
NA AVALIAÇÃO CONSTA OS 2 PRODUTOS SENDO QUE SO RECEBI UM. ENTREI EM CONTATO COM A lannister E NÃO ME RESPONDERAM AINDA.
",1,410.84875,233.94,2
e38a9d13896946501404c6d82790728c,2,364.16,182.08,4.5,5.0,2,261,cool_stuff,xangri-la,RS,"Produto otimo. Entregou antes do prazo. Super recomendo. A loja esta de parabens! | Amei! Lindas bolsas, bem reforçadas e espaçosas. Adorei!",1,364.16,182.08,2
e38bf9a883752b0b65407a103fd7ef30,2,261.15,130.575,1.0,4.5,2,239,air_conditioning,rio de janeiro,RJ,produto de boa qualidade | demora muito pr entregar,1,261.15,130.575,2
e395de53a61a2f8fa96ea1ca399c3ff5,2,438.92,219.46,9.0,5.0,2,345,home_construction,cunha pora,SC,Muito bom,1,410.84875,219.46,2
e3c95cff4b8cca496061b369eaa006f7,2,340.54,170.26999999999998,1.0,5.0,2,114,bed_bath_table,sao paulo,SP,Muito bom,1,340.54,170.26999999999998,2
e3cf594a99e810f58af53ed4820f25e5,2,191.61,95.805,4.5,5.0,2,345,fashion_bags_accessories,ijui,RS,"Ótimo produto, pena a demora dos correios | Ótimo produto",1,191.61,95.805,2
e424731f7e9ccc9f3384b8b71378cbf7,2,283.18,94.39333333333332,4.0,5.0,2,369,bed_bath_table,indaiatuba,SP,Muito bom,1,283.18,94.39333333333332,2
e43c9920240823d6c97bedc723c25281,2,256.3,128.15,1.0,5.0,2,27,fashion_bags_accessories,sao paulo,SP,Muito bom,1,256.3,128.15,2
e43e7031cd89dd0ac61dd44b840c311f,2,248.18,124.09,1.0,3.0,2,20,computers_accessories,jeceaba,MG,Muito bom,1,248.18,124.09,2
e47e3ecbe9ae12ecbfc5651bd62d7733,2,195.74,97.87,1.0,5.0,2,267,bed_bath_table,rio de janeiro,RJ,Muito bom,1,195.74,97.87,2
e4b98eebb8983cade8610c0def59f705,3,2203.26,314.7514285714286,1.0,1.8571428571428568,3,483,furniture_decor,rio de janeiro,RJ,até o momento não recebi nenhum produto | até o momento não recebi nenhum produto | até o momento não recebi nenhum produto,1,410.84875,314.7514285714286,2
e4d800060f85d896b83b4c3e3570065b,2,207.56,103.78,2.0,5.0,2,160,toys,sao paulo,SP,Muito bom,1,207.56,103.78,2
e4f1eaf3bc1eda42616c79d56bb123cd,1,183.0,91.5,2.0,5.0,2,180,bed_bath_table,itajuba,MG,Não chegou minha colcha | Não chegou minha colcha,1,183.0,91.5,2
e4f218d824a59b96c4399ad182327138,2,236.29,118.145,4.0,1.0,2,165,bed_bath_table,volta redonda,RJ,Muito bom,1,236.29,118.145,2
e4f974024ecf8d260dad56ce05f2ad0a,1,439.64,219.82,1.0,2.0,2,135,furniture_decor,ijui,RS,"Por enquanto recebi apenas um dos produtos, o soquete. O pendente aramado duplo diamante não chegou e consta como entregue. | Por enquanto recebi apenas um dos produtos, o soquete. O pendente aramado duplo diamante não chegou e consta como entregue.",1,410.84875,219.82,2
e53454696deadacfdbaffb91e29b1ca9,1,789.88,394.94,8.0,1.0,2,232,computers_accessories,rio de janeiro,RJ,foi comprado dois produtos juntos e so entregaram um ! | foi comprado dois produtos juntos e so entregaram um !,1,410.84875,345.73,2
e53821a413d5b137cd9005b41f09dfe0,2,317.16,105.71999999999998,3.0,3.0,2,313,housewares,osasco,SP,"Não recebi, então não posso opinar  | Não recebi, então não posso opinar ",1,317.16,105.71999999999998,2
e53fd5575f1418397aae732c5755b6fc,3,132.03,44.01,2.0,5.0,2,8,telephony,americana,SP,Muito bom,1,132.03,44.01,2
e5ae3dacf82b0ced4bd9e85046b96f38,2,302.46000000000004,75.61500000000001,5.0,5.0,2,182,furniture_bedroom,natal,RN,Muito bom,1,302.46000000000004,75.61500000000001,2
e60856952187516c3397a2c4ac63aac4,2,789.4599999999999,263.1533333333333,6.0,5.0,2,179,fashion_bags_accessories,recife,PE,Chegou antes do tempo,1,410.84875,263.1533333333333,2
e67af1efd445becc5019902668fe3218,2,156.07,78.035,1.0,3.5,2,435,bed_bath_table,andradina,SP,Bom,1,156.07,78.035,2
e68856e8450afe7390b02d1b2bcefb29,2,654.6700000000001,130.93400000000003,7.0,5.0,2,277,bed_bath_table,uberaba,MG,Ok | Ok | Ok | Ok | Bom!,1,410.84875,130.93400000000003,2
e68e1b61896163cdd7f8e07b2ae814c9,3,363.69,121.22999999999998,2.6666666666666665,4.0,3,134,bed_bath_table,rio de janeiro,RJ,Muito bom,1,363.69,121.22999999999998,2
e69e2b2ce493d7d2307b2588fd1614bd,2,243.93,121.965,1.0,5.0,2,544,sports_leisure,saquarema,RJ,"MOCHILA LINDA E SUPER CONFORTÁVEL..
AMEIIIIIIII",1,243.93,121.965,2
e6ae3727da5a849a77c47c7d661bd152,2,354.24,118.08,8.666666666666666,4.0,2,75,furniture_decor,taboao da serra,SP,Muito bom | Muito bom | Muito bom,1,354.24,118.08,2
e6f7ddad5d0159e391e27db652c17246,2,313.79,156.895,10.0,3.0,2,28,construction_tools_construction,pato branco,PR,o produto é bom a entrega é rapida;mas frete muito caro. | o produto é bom a entrega é rapida;mas frete muito caro.,1,313.79,156.895,2
e6fae271fd4393679d8ae159b0c5e04a,1,458.48,229.24,12.0,5.0,2,252,costruction_tools_garden,contagem,MG,"Veio tudo bem embrulhado, chegou no dia informado, ótimo produto . Recomendo!  | Veio tudo bem embrulhado, chegou no dia informado, ótimo produto . Recomendo! ",1,410.84875,229.24,2
e7039843c54c69530bbf70d926baaab6,2,588.24,196.08,2.6666666666666665,4.0,2,286,auto,sao paulo,SP,Excelente relógio  | Ótimo pneus  | Ótimo pneus ,1,410.84875,196.08,2
e7073ad190896b5cb1afdb51bdb1b708,1,2631.68,657.92,8.0,1.0,2,64,baby,teixeira soares,PR,falta uma cortina e um tapete | falta uma cortina e um tapete | falta uma cortina e um tapete | falta uma cortina e um tapete,1,410.84875,345.73,2
e73ccd01efa72e05476abdfa25f36208,2,353.96,117.98666666666666,11.333333333333334,4.666666666666667,2,277,computers_accessories,curitiba,PR,Muito bom,1,353.96,117.98666666666666,2
e750aa1589e2bbd986ee68a82cfeb024,1,141.22,70.61,1.0,5.0,2,52,baby,santo andre,SP,Muito bom,1,141.22,70.61,2
e7688fef5438be571d0c39bbb3e8e998,2,72.01,36.005,2.5,5.0,2,304,computers_accessories,itu,SP,"Entregue antes do prazo, sempre compro no baratheon, recomendo, parabéns.",1,72.01,36.005,2
e77723abebdc6d6b95814047f75c2aab,2,527.53,175.84333333333333,5.0,4.666666666666667,2,255,bed_bath_table,sao paulo,SP,Muito bom,1,410.84875,175.84333333333333,2
e78838df9c44e102b6ac84cc5eea7d5c,3,879.72,97.74666666666668,1.0,5.0,3,567,fashion_bags_accessories,astolfo dutra,MG,Muito bom,1,410.84875,97.74666666666668,2
e7a57c5b35cdb485d352afad87560042,2,249.43,83.14333333333333,1.0,5.0,3,239,baby,itu,SP,"o produto é mt bom mas so chegou um cubo o 2x2x2, o outro cubo maior o 4x4x4 nao chegou  | o produto é mt bom mas so chegou um cubo o 2x2x2, o outro cubo maior o 4x4x4 nao chegou ",1,249.43,83.14333333333333,2
e7e84072c5730f21d38aea4e37d531f0,2,73.01,24.33666666666667,1.6666666666666667,4.333333333333333,2,278,toys,rio grande,RS,Muito bom,1,73.01,24.33666666666667,2
e8001d7ab27230c1f2fb39aa63aea136,2,449.16,224.58,7.5,5.0,2,79,fashion_shoes,itaperuna,RJ,"O fichário que eu comprei veio bem rápido e estava muito bem embalado.  | Recomendo a loja, minha encomenda chegou em tempo hábil e de acordo com minhas expectativas.
",1,410.84875,224.58,2
e8663abca66edfe7b18d03a921637578,2,196.64,98.32,4.0,3.0,2,182,stationery,marica,RJ,"Chegou, porém não é só isso que conta, apesar de estar dentro do prazo a entrega demorou. O rastreio vc só consegue se ligar para a lannister para saber, motivo esse que não dei menos estrelas.",1,196.64,98.32,2
e87c2e2e5985c5996ec20651a3d50fe7,2,375.87,187.935,10.0,5.0,2,342,furniture_decor,brasilia,DF,Muito bom,1,375.87,187.935,2
e89bf89e2621b5aeb4c181e69a8c6952,2,731.74,243.91333333333333,5.0,2.333333333333333,2,408,bed_bath_table,porto alegre,RS, bom dia recebi so cortina deveria ter vindo junto a capa de sofa espero receber ate sexta feira dia 04.08.2017 |  bom dia recebi so cortina deveria ter vindo junto a capa de sofa espero receber ate sexta feira dia 04.08.2017,1,410.84875,243.91333333333333,2
e8a425f2b5d885c380a80386d64277b8,1,483.14,241.57,2.0,5.0,2,9,health_beauty,campinas,SP,Muito bom,1,410.84875,241.57,2
e8a63b5829f45bc153ed838ba9de6c0b,2,134.74,67.37,1.0,4.5,2,106,furniture_decor,juiz de fora,MG,Muito bom,1,134.74,67.37,2
e8d87ee946600f7753579a074fbd2d5d,1,156.86,78.43,7.0,5.0,2,398,perfumery,mesquita,RJ,Muito bom,1,156.86,78.43,2
e8de5b217669cd4d0a026f97656068d6,1,595.4399999999999,198.48,10.0,5.0,2,30,furniture_decor,cosmopolis,SP,Muito bom,1,410.84875,198.48,2
e90dc9258e140b61728e3745eacb26fe,1,1123.06,561.53,1.0,5.0,2,21,bed_bath_table,joao monlevade,MG,Recomendo  | Recomendo ,1,410.84875,345.73,2
e9523749328fe82cd18a39f8611a69b9,2,607.39,303.695,2.0,5.0,2,128,small_appliances,belo horizonte,MG,Muito bom,1,410.84875,303.695,2
e9659b474a13413b36c7a5c1e6d7055b,2,159.01999999999998,79.50999999999999,4.0,5.0,2,167,baby,itapira,SP,Muito bom,1,159.01999999999998,79.50999999999999,2
e9b87dccd9c326a3325385087eb0150c,3,722.6099999999999,180.6525,2.5,5.0,2,327,sports_leisure,guaiba,RS,Entrega antes do prazo,1,410.84875,180.6525,2
e9e96ff4f36a319a3621b95b43343532,2,316.01,105.33666666666666,1.0,3.6666666666666665,3,229,auto,atibaia,SP,"Comprei dois produtos , chegou apenas um, quero meu boné | Comprei dois produtos , chegou apenas um, quero meu boné",1,316.01,105.33666666666666,2
ea09b32bf96ba057088e140c6bec60da,2,408.44,204.22,3.0,5.0,2,114,baby,sao paulo,SP,Muito bom,1,408.44,204.22,2
ea201d395b28edab46f644127fbd34ac,1,221.98,110.99,2.0,5.0,2,131,sports_leisure,matao,SP,Muito bom,1,221.98,110.99,2
ea2a4a14c49ad9a9d64d2b7f91f0c293,2,152.48000000000002,76.24000000000001,1.0,4.0,2,325,small_appliances,catanduva,SP,Foi mandado conforme o combinado,1,152.48000000000002,76.24000000000001,2
ea3c07aab1b899dd4b1b0db6fb1729a2,1,608.44,304.22,8.0,1.0,2,84,furniture_decor,petropolis,RJ,"ENTREGARAM A TÁBUA E Ñ FOI ENTREGUE O QUADRO, LOGO QUERO UMA RESPOSTA TENDO EM VISTA QUE VIA EMAIL DISSERAM QUE FOI ENTREGUE JUNTO. | ENTREGARAM A TÁBUA E Ñ FOI ENTREGUE O QUADRO, LOGO QUERO UMA RESPOSTA TENDO EM VISTA QUE VIA EMAIL DISSERAM QUE FOI ENTREGUE JUNTO.",1,410.84875,304.22,2
ea94f7a5177a14fde12ff625b03dcd7a,2,152.14,76.07,3.5,4.0,2,124,furniture_decor,coronel martins,SC,Muito bom,1,152.14,76.07,2
eabaccde0fe3120d2cbbcfc93e2b4177,2,84.64999999999999,42.325,3.0,4.0,2,116,electronics,piracicaba,SP,Entrega super rápida adoreiiii ,1,84.64999999999999,42.325,2
eac6dbc8ecd0a2f08ed8e53d18f0e0d0,2,257.52,128.76,6.0,4.0,2,350,bed_bath_table,sao paulo,SP,"cortina boa, de longe parece um tecido, mais ela é de plastico, só não pode ficar perto do fogão ou de algo que esquente muito.recomendo | Tapete muito bonito peludo grande pena que não foto está marrom claro e veio um marrom bem escuro quase preto e os.pelos tem bastante brilho.",1,257.52,128.76,2
ead394416d4f85207932cc124eb145e2,2,416.36,208.18,2.5,5.0,2,268,small_appliances,sao paulo,SP,Muito bom,1,410.84875,208.18,2
eb28e67c4c0b83846050ddfb8a35d051,2,284.56,142.28,2.0,4.5,2,344,computers_accessories,santa fe do sul,SP,ok.,1,284.56,142.28,2
eb305a3d9b1a076a1c6c62fcbb8522bf,1,353.88,176.94,3.0,5.0,2,65,art,sao paulo,SP,muito rapido | muito rapido,1,353.88,176.94,2
eb3401656cd6eaad985629735dc1c339,2,692.7900000000001,138.55800000000002,1.0,1.6,2,90,bed_bath_table,vicosa,MG,"O PRODUTO É DE PESSIMA QUALIDADE, 100% POLIESTER, TEXTURA HORRÍVEL, NÃO RECOMENDO. | O PRODUTO É DE PESSIMA QUALIDADE, 100% POLIESTER, TEXTURA HORRÍVEL, NÃO RECOMENDO. | O PRODUTO É DE PESSIMA QUALIDADE, 100% POLIESTER, TEXTURA HORRÍVEL, NÃO RECOMENDO. | O PRODUTO É DE PESSIMA QUALIDADE, 100% POLIESTER, TEXTURA HORRÍVEL, NÃO RECOMENDO. | Gostei do produto apesar de que o tapete de grama é muito fraco",1,410.84875,138.55800000000002,2
eb4520b16c32518b6615f2d50f1be1bb,2,837.36,209.34,9.0,4.0,2,34,housewares,bauru,SP,Muito bom,1,410.84875,209.34,2
eb51871bb18a99294b2130d3976cc706,1,1980.5,396.1,10.0,5.0,2,394,furniture_decor,franca,SP,Muito bom,1,410.84875,345.73,2
eb60d4194a1aa2e2d0c821dcc4152c9a,1,695.8199999999999,231.94,1.0,1.0,2,283,perfumery,formosa,GO,Muito bom,1,410.84875,231.94,2
eb62689716e21cdf23c677fb6f95b138,1,182.16,91.08,1.0,3.0,2,342,food_drink,frutal,MG,Muito bom,1,182.16,91.08,2
eb8367e178d144706a4ff3da62d284cb,2,112.88,56.44,2.0,2.5,2,320,consoles_games,ipiranga,PR,Muito bom,1,112.88,56.44,2
eb8ace0670e08632f5fe8977b669530e,2,75.92,37.96,2.5,4.5,2,280,bed_bath_table,limeira,SP,achei de boa qualidade,1,75.92,37.96,2
ebad8517c448bbd20ca1910bf1a33819,2,271.54,135.76999999999998,10.0,5.0,2,304,bed_bath_table,rio de janeiro,RJ,"Meu gatinho adorou, pode ser cama ou toca, é macia e bonita! ",1,271.54,135.76999999999998,2
ebb7c2cbb003311bbd7cebeaeeeff8a3,1,1939.95,387.99,8.0,2.0,2,307,health_beauty,sao paulo,SP,Comprei 2 mochilas de rodinhas solicitei a devoluçao de 1 ate agora nao tive resposta pra fazer a postagem pros correios sem contar que nao recebi o meu produto do cabelo o matizador  | Comprei 2 mochilas de rodinhas solicitei a devoluçao de 1 ate agora nao tive resposta pra fazer a postagem pros correios sem contar que nao recebi o meu produto do cabelo o matizador  | Comprei 2 mochilas de rodinhas solicitei a devoluçao de 1 ate agora nao tive resposta pra fazer a postagem pros correios sem contar que nao recebi o meu produto do cabelo o matizador  | Comprei 2 mochilas de rodinhas solicitei a devoluçao de 1 ate agora nao tive resposta pra fazer a postagem pros correios sem contar que nao recebi o meu produto do cabelo o matizador  | Comprei 2 mochilas de rodinhas solicitei a devoluçao de 1 ate agora nao tive resposta pra fazer a postagem pros correios sem contar que nao recebi o meu produto do cabelo o matizador ,1,410.84875,345.73,2
ec0f5b4fe392d71f361112c1b508b707,2,285.18,142.59,5.0,4.0,2,238,cool_stuff,campina grande,PB,"O produto comprado demorou demais, fiquei irritado .... | O prazo de entrega é longo, o valor do frete é muito alto em relação a Porto Velho - RO ",1,285.18,142.59,2
ec449149317e67f234b1cf7fe9fc966c,2,495.5700000000001,247.78500000000005,1.0,4.0,2,184,home_appliances_2,londrina,PR,Muito bom,1,410.84875,247.78500000000005,2
ec7f1811826ab04a27a92197bc40c888,4,717.34,143.46800000000002,4.2,4.8,3,253,sports_leisure,rio de janeiro,RJ,Demorou para chegar ,1,410.84875,143.46800000000002,2
ec8cf19822473555370553d399f7a654,1,407.34,203.67,1.0,3.0,2,254,bed_bath_table,junqueiropolis,SP,Achei que a qualidade fosse melhor!! Mas gostei.. | Achei que a qualidade fosse melhor!! Mas gostei..,1,407.34,203.67,2
ec8d6e9f822cddd2f1408b764cd173c4,2,117.06,58.53,3.0,4.5,2,102,books_technical,presidente epitacio,SP,"Aí, adorei, chegou bem antes do prazo, e a armação é lindaaaaa, do jeitinho que eu queria ",1,117.06,58.53,2
ecb2bbf5c566fab74d5ab5f3cfd2ba19,2,102.13,51.065,1.0,3.5,2,114,furniture_decor,sao paulo,SP,Muito bom,1,102.13,51.065,2
ecb43665c8c390857cabf385d918da87,2,307.18,102.39333333333332,3.0,1.0,2,369,bed_bath_table,porto alegre,RS,Deveriam contratar transportadora e não correio até o momento não recebi minha encomenda  | Deveriam contratar transportadora e não correio até o momento não recebi minha encomenda ,1,307.18,102.39333333333332,2
ecd089b0d574032823af505ff4817513,1,421.7,210.85,8.0,1.0,2,220,health_beauty,rio de janeiro,RJ,Nao recebino produto | Nao recebino produto,1,410.84875,210.85,2
ecdbc4bf2201c807294c7d8c4b777032,2,1294.09,647.045,4.5,5.0,2,315,food,indaiatuba,SP,Muito bom,1,410.84875,345.73,2
ece908ca0502def5dd56deca8a5c67d5,2,265.58000000000004,132.79000000000002,10.0,4.0,2,122,home_construction,mairipora,SP,Muito bom,1,265.58000000000004,132.79000000000002,2
ed1dab3e2a156ab47043d93fae898a0d,1,768.16,384.08,5.0,1.0,2,27,bed_bath_table,goiania,GO,Faltou 1 rede chegar chegou somente 1 rede | Faltou 1 rede chegar chegou somente 1 rede,1,410.84875,345.73,2
ed42ccde391485cde5b0699b84b5c070,2,561.75,112.35,1.0,5.0,2,64,furniture_decor,sao paulo,SP,"Entrega super rápida! 
 | Entrega super rápida! 
",1,410.84875,112.35,2
ed4c785e11a78a73c48fa3af98008292,2,1184.93,236.986,1.0,5.0,3,102,garden_tools,teofilo otoni,MG,Amei são lindos | Amei são lindos | Amei são lindos | Amei são lindos,1,410.84875,236.986,2
ed64cf9aa7a7028f4a7ba14dbc08de41,2,290.78,96.92666666666666,3.0,5.0,2,112,cool_stuff,osasco,SP,Muito bom,1,290.78,96.92666666666666,2
ed682d0a6b02ba0c382af599f33d76bb,1,669.56,334.78,10.0,1.0,2,280,garden_tools,serra,ES,"Não recebi a grelha comprada. Gostaria de saber o que está ocorrendo.


 | Não recebi a grelha comprada. Gostaria de saber o que está ocorrendo.


",1,410.84875,334.78,2
ed7ecb1bd52fef9f35d06b0f09c79539,2,103.62,51.81,2.0,2.5,2,263,sports_leisure,belo horizonte,MG,Muito bom,1,103.62,51.81,2
ed891ac9ea39363e127dd2e4e3875416,1,454.1,227.05,4.0,5.0,2,146,electronics,guaruja,SP,"Minha primeira compra , entrega antes do prazo estipulado | Minha primeira compra , entrega antes do prazo estipulado",1,410.84875,227.05,2
ed917c786a8a3e411eae87aeca27cb27,2,628.16,31.408,1.0,5.0,3,82,bed_bath_table,cruz alta,RS,Recebi todos os produtos bem certinho e no prazo. O sling é lindo e de um tecido muito bom! | Recebi todos os produtos bem certinho e no prazo. O sling é lindo e de um tecido muito bom! | Recebi todos os produtos bem certinho e no prazo. O sling é lindo e de um tecido muito bom! | Recebi todos os produtos bem certinho e no prazo. O sling é lindo e de um tecido muito bom! | Recebi todos os produtos bem certinho e no prazo. O sling é lindo e de um tecido muito bom! | Recebi todos os produtos bem certinho e no prazo. O sling é lindo e de um tecido muito bom! | Recebi todos os produtos bem certinho e no prazo. O sling é lindo e de um tecido muito bom! | Recebi todos os produtos bem certinho e no prazo. O sling é lindo e de um tecido muito bom! | Recebi todos os produtos bem certinho e no prazo. O sling é lindo e de um tecido muito bom! | Recebi todos os produtos bem certinho e no prazo. O sling é lindo e de um tecido muito bom! | Recebi todos os produtos bem certinho e no prazo. O sling é lindo e de um tecido muito bom! | Recebi todos os produtos bem certinho e no prazo. O sling é lindo e de um tecido muito bom! | Recebi todos os produtos bem certinho e no prazo. O sling é lindo e de um tecido muito bom! | Recebi todos os produtos bem certinho e no prazo. O sling é lindo e de um tecido muito bom! | Recebi todos os produtos bem certinho e no prazo. O sling é lindo e de um tecido muito bom!,1,410.84875,31.408,2
ed91e2bcbc71d72c1d7871961a01d3e3,2,141.17000000000002,70.58500000000001,3.5,3.5,2,173,bed_bath_table,diadema,SP,Paguei o frete mas tive que buscar nós Correios. Insatisfeita.,1,141.17000000000002,70.58500000000001,2
eda1b9521cd006dff9400fdc29285097,1,409.36,102.34,3.0,2.0,2,102,housewares,sao paulo,SP,"Eu não recebi, porém acredito que seja reflexo da greve.  | Eu não recebi, porém acredito que seja reflexo da greve.  | Eu não recebi, porém acredito que seja reflexo da greve.  | Eu não recebi, porém acredito que seja reflexo da greve. ",1,409.36,102.34,2
edb73fb9e9c6e283badde40e37f5c9e5,2,366.71,122.23666666666666,8.333333333333334,5.0,2,272,toys,itu,SP,Muito bom,1,366.71,122.23666666666666,2
edd0d266ff17dbbc60ee63eaa7cc4fb0,1,276.34,138.17,4.0,1.0,2,337,bed_bath_table,campina grande do sul,PR,"Ainda não recebi um jogo de banheiro que comprei junto com a colcha de casal, ate o momento foi entregue a colcha e jogo de banheiro nada, estou aguardando uma solução. | Ainda não recebi um jogo de banheiro que comprei junto com a colcha de casal, ate o momento foi entregue a colcha e jogo de banheiro nada, estou aguardando uma solução.",1,276.34,138.17,2
ee04cc9bca4c9198bec5c54c2542dd3b,2,232.72,116.36,5.5,4.5,2,23,baby,suzano,SP,Muito bom,1,232.72,116.36,2
ee2e40e31211c5c36ebf28b78316542e,2,210.43,105.215,7.5,5.0,2,474,baby,estancia velha,RS,Muito bom,1,210.43,105.215,2
ee3adea169ca02ca9bd1e80bc620856e,2,770.62,385.31,4.5,5.0,2,238,electronics,diadema,SP,"Atendimento excelente | Muito bom o produto, tinha minhas dúvidas mas quando chegou vi a qualidade do produto...",1,410.84875,345.73,2
ee4a5dab94b427525ea24bc30d4442fb,2,227.54,56.885000000000005,1.0,4.75,2,134,auto,niteroi,RJ,Muito bom,1,227.54,56.885000000000005,2
ee5c5d0ff3ff8e904b5c2b66dd471b01,2,454.6,227.3,5.0,3.0,2,540,bed_bath_table,barueri,SP,"As peças vieram conforme solicitado, porem as medidas não vieram conforme o pedido. | As peças vieram conforme solicitado, porem as medidas não vieram conforme o pedido.",1,410.84875,227.3,2
eebff6c3f05996ab67cfc35398c6893f,1,194.12,97.06,9.0,1.0,2,419,stationery,erechim,RS,"Foi entregue apenas um dos produtos que eu comprei, sendo que falta mais um a ser entregue e o codigo pra rastrear diz que ja foi encerrado | Foi entregue apenas um dos produtos que eu comprei, sendo que falta mais um a ser entregue e o codigo pra rastrear diz que ja foi encerrado",1,194.12,97.06,2
eed62c02f6a5da5c0b856bb612d42cd6,1,601.54,300.77,6.0,1.0,2,106,baby,belford roxo,RJ,"comprei dois ´purodutos e o principal não enviaram!
 | comprei dois ´purodutos e o principal não enviaram!
",1,410.84875,300.77,2
eeea20d93b0e221411defcabab3c8949,2,483.43,161.14333333333337,1.0,5.0,2,75,bed_bath_table,icem,SP,adoro fazer comprar pelo sai-te  | adoro fazer comprar pelo sai-te ,1,410.84875,161.14333333333337,2
ef068814b087cac3c1bb6cea58c98480,1,3012.1,1506.05,8.0,5.0,2,136,audio,nova friburgo,RJ,Muito bom,1,410.84875,345.73,2
ef1d0f1922417f396a0aa0a03296c572,2,190.75,95.375,1.0,5.0,2,278,computers_accessories,sao paulo,SP,"Chegou super rápido de verdade , e recomendo sim a todos que quiserem comprar. | Demorou um pouco pra fazer a nota fiscal mas não tem problema.",1,190.75,95.375,2
ef3aa901ca7f8bc099be6fd33f8daba6,2,166.96,83.48,3.0,5.0,2,41,auto,salvador,BA,"O produto funciona corretamente, aquece bem e é indicado para microeletrônica uma vez que a ponteira é bem fina. Quanto ao prazo, chegou em 1 semana e estou no nordeste. | O produto chegou rápido e correto. Recomendo",1,166.96,83.48,2
ef3b6ab8a1704ead096adbcdee78284b,2,284.7,94.9,4.0,5.0,2,171,sports_leisure,sorocaba,SP,Ótimo! Recomendo ,1,284.7,94.9,2
ef5947984bf1aad3ed84c0ad7da9f059,1,432.78,216.39,15.0,4.0,2,300,baby,cariacica,ES,Muito bom,1,410.84875,216.39,2
ef695418889f83b91a11a0fb43379be5,1,317.76,158.88,10.0,1.0,2,373,bed_bath_table,duque de caxias,RJ,Muito bom,1,317.76,158.88,2
ef7200d5b0b899369c77c7407ec5502e,2,210.03,105.015,3.5,5.0,2,122,construction_tools_safety,rio de janeiro,RJ,"Ainda não avaliei o produto, porém se cumprir as funções previstas durante o uso, estarei bastante satisfeito com a compra.",1,210.03,105.015,2
ef7ccf8e6acbf1ac71af305967e708c3,2,294.72,147.36,1.5,3.5,2,401,computers_accessories,belo horizonte,MG,faltou cupom fiscal,1,294.72,147.36,2
efb164704e9f4fc3867f6f59f5f6dbd6,2,188.41,94.205,2.0,4.5,2,202,computers_accessories,curitiba,PR,"O produto realmente funciona, a cachorrada calou a boca geral... | Chegou...mas quase 1 mês para a entrega...",1,188.41,94.205,2
efce1ab3e96ccab8b1b464326bd22417,2,7971.88,724.7163636363637,9.545454545454543,5.0,3,155,computers_accessories,sao paulo,SP,Muito bom,1,410.84875,345.73,2
f006d7920bd71c252f61ec355eb50dcb,1,108.4,54.2,1.0,1.0,2,124,computers_accessories,cotia,SP,Eu comprei dois produtos tais como: testador de cabo de rede Rj45 e RJ11 e um pacote com 100 conectores Rj45. Só q no pacote da entrega estava o pacote com 100 conectores e de 50 quero o testador | Eu comprei dois produtos tais como: testador de cabo de rede Rj45 e RJ11 e um pacote com 100 conectores Rj45. Só q no pacote da entrega estava o pacote com 100 conectores e de 50 quero o testador,1,108.4,54.2,2
f00e99f043c33da533ebc107f5a68c4e,2,317.06,158.53,1.0,1.5,2,86,baby,brasilia,DF,A loja simplesmente não entrega o produto!,1,317.06,158.53,2
f043529722a354cd3f185270e0c6aa15,2,66.97,22.32333333333333,1.0,5.0,2,330,sports_leisure,sao paulo,SP,Entrega pontual | Entrega pontual | Recebi o produto e gostei da qualidade,1,66.97,22.32333333333333,2
f06d35a600b606329886d392afda66c7,2,213.74,106.87,1.0,5.0,2,50,health_beauty,joao pessoa,PB,"otima

 | Otimo ",1,213.74,106.87,2
f091cb60c97d35a42101a95cb825f821,2,458.44,152.81333333333333,1.0,5.0,2,16,bed_bath_table,sao paulo,SP,Ótimo vendedor .Recomendo a todos. | Entrega rápida.Recomendo  | Entrega rápida.Recomendo ,1,410.84875,152.81333333333333,2
f0a8e36658d6d08f6e96b9ecf389fd52,2,295.06,98.35333333333334,1.0,4.0,2,80,auto,sao paulo,SP,Muito bom,1,295.06,98.35333333333334,2
f0ac405c280fab1d087b8982e7801b54,2,302.03,151.015,9.0,5.0,2,22,bed_bath_table,campinas,SP,A cor é um pouco mais clara q a foto ... mas é lindo....,1,302.03,151.015,2
f0e310a6839dce9de1638e0fe5ab282a,6,540.69,90.115,2.0,4.5,2,146,bed_bath_table,vitoria,ES,Muito bom,1,410.84875,90.115,2
f0fcaf0959a6f1e90456c92b90128da8,1,490.98,245.49,2.0,1.0,2,151,air_conditioning,rio de janeiro,RJ,Bom dia. Comprei 2 produtos 01 ventilador de teto que ainda não recebi. e um filtro do squime que fui buscar no correio mesmo pagando frete. | Bom dia. Comprei 2 produtos 01 ventilador de teto que ainda não recebi. e um filtro do squime que fui buscar no correio mesmo pagando frete.,1,410.84875,245.49,2
f0fd988c7c2a4cba167138a8adada6ca,3,175.54,21.9425,1.0,5.0,3,78,baby,cansancao,BA,Não tive problemas.  | Não tive problemas.  | Não tive problemas.  | Sem problemas. | Sem problemas. | Produto melhor do que pensei. Entrega rápida. Valeu. | Produto melhor do que pensei. Entrega rápida. Valeu. | Produto melhor do que pensei. Entrega rápida. Valeu.,1,175.54,21.9425,2
f113042ff356f926d517f3087d4a1ba8,2,128.41,64.205,6.0,3.0,2,64,furniture_decor,espumoso,RS,Muito bom,1,128.41,64.205,2
f11821d908830e74ad782532ebed897a,3,225.79,56.447500000000005,1.0,3.5,2,373,bed_bath_table,diamantino,MT,Muito bom,1,225.79,56.447500000000005,2
f121995493925a5ef0b46a13f594e0ab,2,477.64,238.82,1.5,5.0,2,224,fixed_telephony,sao paulo,SP,Muito bom,1,410.84875,238.82,2
f129ee560484c2c2f35abe2ea5c3e166,1,460.74,230.37,6.0,4.0,2,391,bed_bath_table,rio de janeiro,RJ,Muito bom,1,410.84875,230.37,2
f14f9e4261e5a4543e35297cf9ced50a,1,1325.48,662.74,2.0,1.0,2,64,auto,goiania,GO,não recebi o item caixas organizadoras | não recebi o item caixas organizadoras,1,410.84875,345.73,2
f156ecff8cfeef747e99c7b70a1c8c71,1,658.71,219.57,8.0,5.0,2,61,health_beauty,cruzeiro,SP,Estou muito satisfeito com os produtos. Parabéns aos lojistas. | Estou muito satisfeito com os produtos. Parabéns aos lojistas. | Estou muito satisfeito com os produtos. Parabéns aos lojistas.,1,410.84875,219.57,2
f172c33b146e90b95ee12499eb6632cb,2,237.44,118.72,2.5,5.0,2,155,computers_accessories,crixas,GO,Tudo certo. Ótimo produto entregue dentro do prazo.,1,237.44,118.72,2
f1a0948e37cad002a23d21dfcd801de9,1,615.78,307.89,3.0,5.0,2,28,electronics,cataguases,MG,Muito bom,1,410.84875,307.89,2
f1a325803dd4c341c5a946ac84c71973,2,647.73,161.9325,1.0,2.5,2,362,fashion_bags_accessories,hortolandia,SP,Muito bom,1,410.84875,161.9325,2
f1bee02ceae8a430506b798786f766b4,2,145.01,72.505,1.0,5.0,2,143,bed_bath_table,fortaleza,CE,"O produto chegou no prazo e foi o que comprei, excelente compra | Comprei e não recebi, tá se tornando rotina, vocês vão perder seus clientes ",1,145.01,72.505,2
f1c08d13b8520a6efa197627fada3a56,2,198.79,99.395,1.0,4.5,2,22,bed_bath_table,arvorezinha,RS,Muito bom,1,198.79,99.395,2
f1fc483a199c20417121d6ab1c5171a4,1,1860.84,465.21,10.0,1.0,2,100,bed_bath_table,campos novos,SC,Recebi apenas a Cadeira secretária giratória crepe verde bandeira. As Capas Para Colchão Casal Impermeáveis ainda não chegaram. | Recebi apenas a Cadeira secretária giratória crepe verde bandeira. As Capas Para Colchão Casal Impermeáveis ainda não chegaram. | Recebi apenas a Cadeira secretária giratória crepe verde bandeira. As Capas Para Colchão Casal Impermeáveis ainda não chegaram. | Recebi apenas a Cadeira secretária giratória crepe verde bandeira. As Capas Para Colchão Casal Impermeáveis ainda não chegaram.,1,410.84875,345.73,2
f216de65ece42736f341247dcba60ccb,2,664.61,166.1525,8.75,5.0,3,274,baby,rio de janeiro,RJ,Otimo | Otimo | Otimo | Otimo,1,410.84875,166.1525,2
f22bff5bbd318b89e51698347cd1837d,1,1166.08,291.52,4.0,4.0,2,56,bed_bath_table,barra do garcas,MT,"gostei muito ,do produto e do atendimento | gostei muito ,do produto e do atendimento | gostei muito ,do produto e do atendimento | gostei muito ,do produto e do atendimento",1,410.84875,291.52,2
f22da779a017ed42f2c4e03862584885,2,105.41,52.705,1.5,4.0,2,126,auto,joao monlevade,MG,Muito bom,1,105.41,52.705,2
f26a70ca11d3ead9236e4b51dea74135,1,443.22,110.805,1.0,3.0,2,148,furniture_decor,maringa,PR,"A respeito das prateleiras não recebemos os parafusos para afixação, acreditávamos que eles deveriam acompanhar o produto | A respeito das prateleiras não recebemos os parafusos para afixação, acreditávamos que eles deveriam acompanhar o produto | A respeito das prateleiras não recebemos os parafusos para afixação, acreditávamos que eles deveriam acompanhar o produto | A respeito das prateleiras não recebemos os parafusos para afixação, acreditávamos que eles deveriam acompanhar o produto",1,410.84875,110.805,2
f2ab7bd70a9a23df0dac0be98f038374,2,204.32,102.16,3.5,5.0,2,192,computers_accessories,ribeirao preto,SP,Muito bom,1,204.32,102.16,2
f2e0c95f9c0e971bb561b11ecf5a95d3,2,325.56,81.39,3.0,5.0,2,187,furniture_decor,sao bernardo do campo,SP,Produto chegou antes do prazo | Produto chegou antes do prazo | Produto chegou antes do prazo,1,325.56,81.39,2
f31ac54af6af7097bddd1053011e7a3a,2,1068.34,213.668,2.6,5.0,3,23,bed_bath_table,pelotas,RS,Muito bom,1,410.84875,213.668,2
f31d2c22ddcad145e224e6dc48f349b9,2,262.66,87.55333333333334,1.0,5.0,2,104,construction_tools_construction,sao paulo,SP,Muito bom,1,262.66,87.55333333333334,2
f33407700cab2fab56dbf90a859ca270,1,1591.22,795.61,10.0,3.0,2,106,furniture_decor,santana do paraiso,MG,"Eu comprei dois produtos, um adesivo de parede e um estoscopio, só recebi um produto, o esto, falta o adesivo e está constando como recebi no site | Eu comprei dois produtos, um adesivo de parede e um estoscopio, só recebi um produto, o esto, falta o adesivo e está constando como recebi no site",1,410.84875,345.73,2
f3738f6f5687da7c7ae0623172be00bf,2,180.04000000000002,90.02000000000001,1.0,5.0,2,220,electronics,florianopolis,SC,Muito bom,1,180.04000000000002,90.02000000000001,2
f37bd405972a0229ec900f3743f5bca6,2,94.41,47.205,3.5,3.0,2,313,furniture_decor,salvador,BA,Muito bom,1,94.41,47.205,2
f3b75d6f1b2a6555223b35fcb52dcf54,2,124.53,62.265,4.0,5.0,2,111,electronics,tubarao,SC,Muito bom,1,124.53,62.265,2
f3bddad9740ed90d3170d4a3f4c28048,1,1101.92,275.48,1.0,5.0,2,496,furniture_decor,niteroi,RJ,"Chegou direitinho, sem nada quebrado, embalagem adequada e protegida, visto que é material que pode quebrar no transporte | Chegou direitinho, sem nada quebrado, embalagem adequada e protegida, visto que é material que pode quebrar no transporte | Chegou direitinho, sem nada quebrado, embalagem adequada e protegida, visto que é material que pode quebrar no transporte | Chegou direitinho, sem nada quebrado, embalagem adequada e protegida, visto que é material que pode quebrar no transporte",1,410.84875,275.48,2
f3bf3bed9936aecd7792e6c49779dedc,2,160.43,80.215,1.5,5.0,2,120,air_conditioning,santos,SP,"produto chegou no prazo, em perfeitas condições. | produto entregue antes do prazo e em perfeitas condições",1,160.43,80.215,2
f3d176999f9c1273045f770712608944,2,373.04,124.34666666666668,5.0,3.0,2,386,toys,mogi das cruzes,SP,Bom gostei dos brinquedos e encomendas pra outras pessoas | Só tem muito frete né poderia ser menos kk | Só tem muito frete né poderia ser menos kk,1,373.04,124.34666666666668,2
f3d7cb12e7dc54a424d935aae4426461,2,201.76,100.88,1.0,4.5,2,144,auto,belem,PA,Muito bom,1,201.76,100.88,2
f3f9a4d3e6b3768160929fc82279a414,1,407.8,203.9,1.0,1.0,2,90,furniture_decor,cachoeira do sul,RS,Nao recebi um dos pendentes (kit com 2). Enviei email questionando e ainda nao obtive resposta!!! | Nao recebi um dos pendentes (kit com 2). Enviei email questionando e ainda nao obtive resposta!!!,1,407.8,203.9,2
f41aff28fb2e2bc57786226f35582408,1,186.68,93.34,2.0,5.0,2,213,baby,marilia,SP,Muito bom,1,186.68,93.34,2
f46b6397d5e7eeb53c40c51880238687,1,436.44,218.22,1.0,3.0,2,290,garden_tools,sao paulo,SP,Muito bom,1,410.84875,218.22,2
f4769d07fbfa6b165ac06e843ce1e3da,1,593.91,197.97,3.0,3.0,2,555,furniture_decor,jundiai,SP,Recebi apenas o adesivo de coruja e coração a faixa de corujinha nao recebi. Como devo proceder? | Recebi apenas o adesivo de coruja e coração a faixa de corujinha nao recebi. Como devo proceder? | Recebi apenas o adesivo de coruja e coração a faixa de corujinha nao recebi. Como devo proceder?,1,410.84875,197.97,2
f491ee1c8b179ef20bf46bf58085b51a,1,526.48,263.24,12.0,5.0,2,224,bed_bath_table,itapevi,SP,produto chegou rápido de ótima qualidade | produto chegou rápido de ótima qualidade,1,410.84875,263.24,2
f497801658db70e1b18c76268001e944,2,157.35,78.675,1.0,5.0,2,254,housewares,rio de janeiro,RJ,Satisfeito | Fiz uma ótima compra,1,157.35,78.675,2
f4af0b3f627879bf6801db96949b1e71,2,708.8,141.76,8.0,2.6,2,372,furniture_decor,taboao da serra,SP,"Comprei duas cortinas e recebi apenas uma.
Era pra dar de presente,infelizmente não deu certo. | Comprei duas cortinas e recebi apenas uma.
Era pra dar de presente,infelizmente não deu certo. | Lindo,fácil de limpar, ótimo custo benefício. | Comprei duas cortinas e recebi apenas uma.
Era pra dar de presente,infelizmente não deu certo. | Lindo,fácil de limpar, ótimo custo benefício.",1,410.84875,141.76,2
f4d1502ace38b0df6f052a5544add9f4,3,390.47,130.15666666666667,2.333333333333333,5.0,3,139,air_conditioning,sao joao de meriti,RJ,"Adorei,pena que as contas são muito miudas
 | Pena que é de plastico,achei que fosse de ferro.",1,390.47,130.15666666666667,2
f4f2d85371955b0e254ce594fcf09a0d,2,130.56,43.52,4.0,5.0,2,211,furniture_decor,lavras,MG,Muito bom,1,130.56,43.52,2
f50ca6544a0ed8a52cc964e15cbe9cf9,2,320.64,80.16,4.5,4.0,2,322,baby,erechim,RS,Muito bom,1,320.64,80.16,2
f522be0944683283c4d275471fdc497c,1,744.02,372.01,8.0,1.0,2,23,construction_tools_lights,sao leopoldo,RS,Só recebi um item | Só recebi um item,1,410.84875,345.73,2
f561632522774ab728bb93f8f3ab5e61,2,699.31,349.655,11.0,5.0,2,235,furniture_living_room,florianopolis,SC,Muito bom,1,410.84875,345.73,2
f5cfaa005ccaf9be67c00b7e559ea47b,1,649.18,324.59,6.0,1.0,2,180,costruction_tools_garden,ananindeua,PA,Muito bom,1,410.84875,324.59,2
f5d32f2ee3d4caec1870de481c276bd8,2,200.62,100.31,9.0,5.0,2,84,bed_bath_table,goiania,GO,Muito bom,1,200.62,100.31,2
f63e56138ee7885ffc3b7e56933446e6,2,261.1,130.55,4.0,5.0,2,353,bed_bath_table,candeias,MG,Muito bom,1,261.1,130.55,2
f676ed47d492247956088aae351e1bf9,1,475.98,237.99,4.0,1.0,2,394,bed_bath_table,cruzeiro,SP,"Já recebi todas as outras, menos a vermelha, aguardando resposta suas.  | Já recebi todas as outras, menos a vermelha, aguardando resposta suas. ",1,410.84875,237.99,2
f6d97b059c6d1feb6c63e6fb765d0e58,1,521.54,260.77,3.0,5.0,2,367,fixed_telephony,campos dos goytacazes,RJ,O produto chegou bem antes do prazo de entrega; feliz com a loja e os produtos adquiridos. Recomendo. | O produto chegou bem antes do prazo de entrega; feliz com a loja e os produtos adquiridos. Recomendo.,1,410.84875,260.77,2
f6dc4789e4669873c35f8f92fdbed89f,2,694.73,231.57666666666668,7.0,5.0,2,20,bed_bath_table,ribeirao preto,SP,"Entrega antes do prazo.  | Entrega antes do prazo.  | Deu tudo certo. SE tiverem um preço bom e frete com certeza escolherei esta e-commerce, pois pesquiso muito antes de comprar.",1,410.84875,231.57666666666668,2
f700c475c69e4402aeaf4b55d531a2b2,1,146.8,73.4,1.0,1.0,2,101,computers_accessories,salvador,BA,"Olá 
Boa Noite
Até o momento nao foi entregue o meu pedido de capa para notebook que estava previsto para ser entregue entre as datas 28/06 e 29/06
Gostaria que verificassem o que aconteceu?
 | Olá 
Boa Noite
Até o momento nao foi entregue o meu pedido de capa para notebook que estava previsto para ser entregue entre as datas 28/06 e 29/06
Gostaria que verificassem o que aconteceu?
",1,146.8,73.4,2
f7094d4271d1de526d9a9f47d1d5ddda,1,893.8499999999999,297.95,10.0,2.0,2,158,furniture_decor,ipatinga,MG,Boa tarde recebi o pedido incompleto veio faltando a luminária grande de 50 cm preto brilhante estou aguardando o produto .espero o mais rápido possível. obrigado  | Boa tarde recebi o pedido incompleto veio faltando a luminária grande de 50 cm preto brilhante estou aguardando o produto .espero o mais rápido possível. obrigado  | Boa tarde recebi o pedido incompleto veio faltando a luminária grande de 50 cm preto brilhante estou aguardando o produto .espero o mais rápido possível. obrigado ,1,410.84875,297.95,2
f7471d502dd946e0a2cb6020bf076808,2,503.08,167.69333333333333,3.333333333333333,1.3333333333333333,2,150,bed_bath_table,praia grande,SP,"Comprei 2 colcha chenille jolitex casal uma azul de 89,90 a outra marrom de 74,90 retirei o pacote no correio e quando abrir em casa só veio 1 a marrom e foi finalizado 2 o valor de 187,67 com frete | Comprei 2 colcha chenille jolitex casal uma azul de 89,90 a outra marrom de 74,90 retirei o pacote no correio e quando abrir em casa só veio 1 a marrom e foi finalizado 2 o valor de 187,67 com frete | O problema nao foi a demora e sim pedir vermelha e veio preta.",1,410.84875,167.69333333333333,2
f793a3de252b605e4ffc8a4b1ba5903c,1,127.2,63.6,1.0,1.0,2,229,garden_tools,uberaba,MG,Faltou um produto. Não recebi o jogo de chaves. E o alicate é pequeno. | Faltou um produto. Não recebi o jogo de chaves. E o alicate é pequeno.,1,127.2,63.6,2
f79c1eba3ebd97c75683b3ac6e333daa,2,94.25,47.125,4.0,5.0,2,126,fashion_bags_accessories,sao bernardo do campo,SP,"Produto ótimo, entrega no prazo!!!",1,94.25,47.125,2
f7ac7452ae241a5a36aaf9542c2428d5,2,1318.4,329.6,10.0,5.0,2,398,bed_bath_table,iguaracu,PR,ótimo vendedor | lindooo | lindooo | lindooo,1,410.84875,329.6,2
f7be9bec658c62ab6240b44cd26c0b84,2,38.24,19.12,1.0,5.0,2,601,auto,curitiba,PR,"Produto de boa qualidade, chegou antes do prazo, vendedor extremamente atencioso. | Vendedor muito bom, chegou bem antes do prazo,
produto de boa qualidade e super bem embalado, adorei!
",1,38.24,19.12,2
f7f18d14c199a7343fc6d2e6d6c26636,1,300.9,150.45,10.0,5.0,2,400,bed_bath_table,serra,ES,Satisfeita. Produto conforme anunciado. | Satisfeita. Produto conforme anunciado.,1,300.9,150.45,2
f801278dc42ce9d4773cb91ad0e21ab8,2,223.63,74.54333333333334,5.0,5.0,2,584,sports_leisure,ipora,GO,Muito bom,1,223.63,74.54333333333334,2
f80c7e4cf2fa8ff3532323f19bf603ba,2,163.3,81.65,3.0,1.5,2,112,audio,sao paulo,SP,"Não gostei do produto, solicitei a devolução pelo site da lannister, informaram que em 48 horas iriam dar o retorno e até o momento ninguém se manifestou. Quero devolver o produto.",1,163.3,81.65,2
f84e31805a5c477596610d415106bf2a,1,1174.64,293.66,4.0,4.0,2,125,baby,itaqui,RS,Muito bom,1,410.84875,293.66,2
f8666e50d990ee722b53e8a3bdc57fbe,1,649.89,216.63,1.0,5.0,2,424,bed_bath_table,venda nova do imigrante,ES,Produtos entregues dentro do prazo e de boa qualidade... | Produtos entregues dentro do prazo e de boa qualidade... | Produtos entregues dentro do prazo e de boa qualidade...,1,410.84875,216.63,2
f87108f2ff59f6cbc898ca230483c0ab,2,120.43,60.215,1.5,4.0,2,287,bed_bath_table,franco da rocha,SP,Muito bom,1,120.43,60.215,2
f8775885b850a0a164eb55c1d12c8821,1,165.82,82.91,6.0,5.0,2,189,health_beauty,itapecerica da serra,SP,Muito bom,1,165.82,82.91,2
f8bc1d81f395f6239a2a5ab1b9edf1ab,3,983.91,196.782,1.8,5.0,4,9,garden_tools,belo horizonte,MG,"ADOREI FICOU MUITO LINDO NA MINHA COZINHA! | ADOREI FICOU MUITO LINDO NA MINHA COZINHA! | gostei muito!!,foi entregue antes do prazo, parabéns pela equipe. | Chegou bem embalado e bem antes do prazo estipulado!.
Ainda não montamos a fruteira,mas já agradeço pela eficiência.
Grata
Mary | Chegou bem embalado e bem antes do prazo estipulado!.
Ainda não montamos a fruteira,mas já agradeço pela eficiência.
Grata
Mary",1,410.84875,196.782,2
f8d1720cca57b3c6961eb25114347ade,2,500.61,166.87,6.333333333333333,5.0,3,117,fashion_shoes,pindamonhangaba,SP,Parabéns a loja online. Comprei o que estava procurando. Recebi o produto antes da data. Com produto de qualidade. Recomendo. | Parabéns a loja online. Comprei o que estava procurando. Recebi o produto antes da data. Com produto de qualidade. Recomendo. | Parabéns a loja online. Comprei o que estava procurando. Recebi o produto antes da data. Com produto de qualidade. Recomendo.,1,410.84875,166.87,2
f9165be8a411384aab9f945394418a0c,2,289.07,144.535,3.0,3.5,2,101,garden_tools,vitoria,ES,Produto bem menor do que o esperado. ,1,289.07,144.535,2
f92fd2c87375f957ece022972b16849b,2,222.8,111.4,6.0,3.0,2,266,furniture_decor,belo horizonte,MG,Produto bonito e de excelente qualidade  | Uma criança ficou sem receber seu presente de Natal!,1,222.8,111.4,2
f93ea08ded32a5b926f9dd98c1dbd61d,2,2761.2,460.2,10.0,5.0,2,458,bed_bath_table,orlandia,SP,Muito bom,1,410.84875,345.73,2
f95407bbebadeb8eb236153ba339e998,2,191.27,95.635,1.0,4.5,2,79,bed_bath_table,sao paulo,SP,Muito bom,1,191.27,95.635,2
f96be73d5c1d3bfe8fcba7924798ba91,2,440.55,220.275,4.5,5.0,2,103,health_beauty,rio claro,SP,Muito bom,1,410.84875,220.275,2
f982853f2882760f3a52e7bdfabb1080,2,577.2,144.3,6.0,3.5,2,87,bed_bath_table,sao paulo,SP,Muito bom,1,410.84875,144.3,2
f98ba45b711901694978daec941423c3,1,548.9,274.45,5.0,1.0,2,233,art,maua,SP,EU NÃO RECEBI O PRODUTO E CONSTA NO SISTEMA QUE EU RECEBI ALÉM DE PAGAR CARO DO FRETE  | EU NÃO RECEBI O PRODUTO E CONSTA NO SISTEMA QUE EU RECEBI ALÉM DE PAGAR CARO DO FRETE ,1,410.84875,274.45,2
f99fa0c7b369bde9c53edc9e6f6c4a58,2,104.74,52.37,1.0,5.0,2,278,furniture_decor,sao paulo,SP,Otimo | Otimo,1,104.74,52.37,2
f9b12cbf236e9ec94b4a0896246b1387,1,222.3,111.15,5.0,5.0,2,147,bed_bath_table,cotia,SP,Muito bom,1,222.3,111.15,2
f9b5d3c8bd2dc9c26ff00bde73171554,2,485.38,242.69,10.0,5.0,2,37,bed_bath_table,maracas,BA,Amo comprar no baratheon.... Vcs são mil | estou satisfeita c esse produto q adquiri... ,1,410.84875,242.69,2
f9e494e1e853b1ae259da70c7aaa317b,1,308.84,154.42,5.0,1.0,2,114,baby,camacari,BA,"A loja só faturou o mosquiteiro, a garrafa térmica ainda não chegou e não consta na NF. Cadê meu produto!???? | A loja só faturou o mosquiteiro, a garrafa térmica ainda não chegou e não consta na NF. Cadê meu produto!????",1,308.84,154.42,2
fa0ee7ceb94193fb02aa78ce3a55695a,2,267.6,133.8,4.0,4.0,2,195,cool_stuff,carapicuiba,SP,O produto é uma ótima decoração para deixar o ambiente lindo. ,1,267.6,133.8,2
fa230a26b5583381d0ce9ffc42de2035,1,332.04,166.02,8.0,5.0,2,407,bed_bath_table,porto alegre,RS,Oleo de coco não entregue. Toalhas entregues.  | Oleo de coco não entregue. Toalhas entregues. ,1,332.04,166.02,2
fa7a67f97f761a6a97aa6108986e0a60,1,403.9,201.95,8.0,5.0,2,362,luggage_accessories,ituiutaba,MG,"Tudo nos conformes, entrega muito rápida!Estou satisfeito. | Tudo nos conformes, entrega muito rápida!Estou satisfeito.",1,403.9,201.95,2
fa980c101c0dcecaecd3a1b5984c6b5c,2,176.09,88.045,4.5,4.0,2,95,baby,teutonia,RS,Muito bom,1,176.09,88.045,2
fad8fa1578908295ca8becfc5660c73f,1,697.84,348.92,10.0,4.0,2,129,construction_tools_construction,francisco beltrao,PR,"Comprei 2 produtos , chegou 1 somente, estou aguardando os pendentes, obrigado  | Comprei 2 produtos , chegou 1 somente, estou aguardando os pendentes, obrigado ",1,410.84875,345.73,2
fafe2f8e0b7065fef995698ef3809fec,1,5583.78,1861.26,10.0,5.0,2,37,bed_bath_table,goiania,GO,Muito bom,1,410.84875,345.73,2
fb258014c67a0f16e4da53fa45e90db5,1,596.56,298.28,8.0,1.0,2,161,furniture_decor,campos dos goytacazes,RJ,Só recebi o puff a cesta não chegou e no site parece como foi entregue os dois | Só recebi o puff a cesta não chegou e no site parece como foi entregue os dois,1,410.84875,298.28,2
fb3666e37fd339da742021b12ee2a0e5,1,258.82,129.41,2.0,1.0,2,135,baby,santo antonio de jesus,BA,Comprei 2 produtos so mandaram 1 e n mim deram nenhuma justificativa !  | Comprei 2 produtos so mandaram 1 e n mim deram nenhuma justificativa ! ,1,258.82,129.41,2
fb43cf46b0667016c4684b61b26083c4,1,600.64,300.32,2.0,4.0,2,292,computers_accessories,tabapua,SP,Muito bom,1,410.84875,300.32,2
fb490a070c5dbc385afadcf0e56270bd,2,156.26,78.13,5.5,2.0,2,100,baby,rio de janeiro,RJ,Até hoje não recebi minha mercadoria.,1,156.26,78.13,2
fb82affcdf98ee48d9d36c7feb802417,2,589.44,147.36,10.0,5.0,2,187,computers_accessories,porto alegre,RS,Muito bom,1,410.84875,147.36,2
fb8bc250f9f12a9121282d4b0d59485b,2,143.69,71.845,1.5,5.0,2,106,garden_tools,porto velho,RO,Muito bom o atendimento recomendado estou muito satisfeito  | Recebi o produto dentro do prazo em otimas condições produto de ótima qualidade ,1,143.69,71.845,2
fbed0fde7eb2b367863b9c434efe62a3,1,541.47,180.49,5.0,1.0,2,160,sports_leisure,blumenau,SC,"No site diz que recebi Lipo 6 Black Ultra Concentrado Versão Nacional 60 caps, mas ainda não recebi.

 | No site diz que recebi Lipo 6 Black Ultra Concentrado Versão Nacional 60 caps, mas ainda não recebi.

 | No site diz que recebi Lipo 6 Black Ultra Concentrado Versão Nacional 60 caps, mas ainda não recebi.

",1,410.84875,180.49,2
fbedc79d4d8599f925bb6bd2aa8cc60f,1,458.82,152.94,6.0,5.0,2,6,construction_tools_construction,osasco,SP,Serviço muito bom! Abraços... | Serviço muito bom! Abraços... | Serviço muito bom! Abraços...,1,410.84875,152.94,2
fc19fe9ac733e36ff8227c29435c2030,2,133.53,44.51,1.0,5.0,2,97,fashion_bags_accessories,jales,SP,Tudo ok,1,133.53,44.51,2
fc2261ae2c583aa2e68241456a6467c8,2,579.11,289.555,10.0,3.0,2,108,air_conditioning,primeiro de maio,PR,Ok | Fui enganado por um produto similar ao da bosch....nao prestei atenção na hora de comprar...quando foi minha surpresa ao receber e vi que era um produto similar...se fosse pra comprar um produto desse,1,410.84875,289.555,2
fc685f5d020dbc22ef7dae7822f336dc,2,145.75,72.875,1.5,5.0,2,355,bed_bath_table,santa vitoria,MG,Muito bom,1,145.75,72.875,2
fc719c11b4dce594f47e1f9aa739a3a2,3,547.6,109.52,8.6,5.0,2,245,sports_leisure,sao paulo,SP,Adorei o produto,1,410.84875,109.52,2
fccfbf734a92029859c4fe58eff05114,2,333.17,166.585,5.5,3.5,2,517,stationery,itamarandiba,MG,Muito bom,1,333.17,166.585,2
fcd0ab79592faab19e2bf386cf69fbcd,2,113.08,56.54,1.0,5.0,2,143,furniture_decor,palmitinho,RS,Muito bom,1,113.08,56.54,2
fcff1cddc01da8804e63ea5176fdbe49,1,576.62,288.31,1.0,4.0,2,322,computers_accessories,rio de janeiro,RJ,"Recebi o pedido no último dia prometido, o que me deixou um pouco ansiosa. Sugiro mais rapidez na entrega. | Recebi o pedido no último dia prometido, o que me deixou um pouco ansiosa. Sugiro mais rapidez na entrega.",1,410.84875,288.31,2
fd03997c82649affc061d275ddf1f3d9,2,1447.02,723.51,10.0,5.0,2,224,baby,serra,ES,"Bom dia lojas lannister gostei dos produtos entrga no prazo mercadoria excelente eu recomento obrigado pela atenção ,Marlinda F dos santos. | Boa noite os produtos são de ótima qualidade sem falar da pontualidade obrigado equipe das lojas lannister e as empresas responsáveis.",1,410.84875,345.73,2
fd09c64a101e3eff4adbca1b28552514,2,88.72,44.36,3.0,5.0,2,255,consoles_games,ferraz de vasconcelos,SP,Ainda vou testar o produto.,1,88.72,44.36,2
fd2da70b0b341361c66b815edbf8865e,1,300.38,150.19,1.0,1.0,2,220,health_beauty,campo grande,MS,"- mp3 player ok (entregue)
- blend barba de respeito (Não foi entregue) | - mp3 player ok (entregue)
- blend barba de respeito (Não foi entregue)",1,300.38,150.19,2
fd8ccc89be43894d2553494c71a61fd8,3,470.93,94.186,1.0,4.8,2,132,bed_bath_table,niteroi,RJ,"amei, material excelente
Embora esteja uma pendencia com as lojas Americana 
Não é porque houve um Deslize que vou dizer que é ruim
 | amei, material excelente
Embora esteja uma pendencia com as lojas Americana 
Não é porque houve um Deslize que vou dizer que é ruim
 | Amo as Lojas lannister 
Até o presente momento não tenho o que reclamar
o produto muito bom e bonito | Amo as Lojas lannister 
Até o presente momento não tenho o que reclamar
o produto muito bom e bonito | Chegou hoje 
sem comentários",1,410.84875,94.186,2
fdb1f3e0dd15b657acc64314ce89688f,2,316.81,105.60333333333334,3.6666666666666665,4.0,2,378,drinks,pocos de caldas,MG,"Inicialmente o pedido veio incompleto, passei uma msg a lannister (sem receber a resposta), recebi o restante do pedido 2 dias depois. | Inicialmente o pedido veio incompleto, passei uma msg a lannister (sem receber a resposta), recebi o restante do pedido 2 dias depois.",1,316.81,105.60333333333334,2
fdb213bb68db1651b4aec4b85a098b53,1,2077.77,692.59,3.0,5.0,2,105,health_beauty,sao paulo,SP,"Seriedade, qualidade, pontualidade. | Seriedade, qualidade, pontualidade. | Seriedade, qualidade, pontualidade.",1,410.84875,345.73,2
fde381fe79993303957d1fcf9cd6bf4a,2,111.42,55.71,1.0,5.0,2,117,furniture_decor,sorocaba,SP,Muito bom,1,111.42,55.71,2
fe2b2f70f3dc31c23319ae1029eac77f,1,11531.41,1048.31,2.0,3.0,2,172,furniture_decor,alto paraiso de goias,GO,"Recebi apenas 2 pendentes falta o restante com uma vendedora eu consegui falar e ela ja enviou os outros 4 pendentes, ja os amarelos ainda não recebi nenhum estou aguardando faltam os 5 amarelos... | Recebi apenas 2 pendentes falta o restante com uma vendedora eu consegui falar e ela ja enviou os outros 4 pendentes, ja os amarelos ainda não recebi nenhum estou aguardando faltam os 5 amarelos... | Recebi apenas 2 pendentes falta o restante com uma vendedora eu consegui falar e ela ja enviou os outros 4 pendentes, ja os amarelos ainda não recebi nenhum estou aguardando faltam os 5 amarelos... | Recebi apenas 2 pendentes falta o restante com uma vendedora eu consegui falar e ela ja enviou os outros 4 pendentes, ja os amarelos ainda não recebi nenhum estou aguardando faltam os 5 amarelos... | Recebi apenas 2 pendentes falta o restante com uma vendedora eu consegui falar e ela ja enviou os outros 4 pendentes, ja os amarelos ainda não recebi nenhum estou aguardando faltam os 5 amarelos... | Recebi apenas 2 pendentes falta o restante com uma vendedora eu consegui falar e ela ja enviou os outros 4 pendentes, ja os amarelos ainda não recebi nenhum estou aguardando faltam os 5 amarelos... | Recebi apenas 2 pendentes falta o restante com uma vendedora eu consegui falar e ela ja enviou os outros 4 pendentes, ja os amarelos ainda não recebi nenhum estou aguardando faltam os 5 amarelos... | Recebi apenas 2 pendentes falta o restante com uma vendedora eu consegui falar e ela ja enviou os outros 4 pendentes, ja os amarelos ainda não recebi nenhum estou aguardando faltam os 5 amarelos... | Recebi apenas 2 pendentes falta o restante com uma vendedora eu consegui falar e ela ja enviou os outros 4 pendentes, ja os amarelos ainda não recebi nenhum estou aguardando faltam os 5 amarelos... | Recebi apenas 2 pendentes falta o restante com uma vendedora eu consegui falar e ela ja enviou os outros 4 pendentes, ja os amarelos ainda não recebi nenhum estou aguardando faltam os 5 amarelos... | Recebi apenas 2 pendentes falta o restante com uma vendedora eu consegui falar e ela ja enviou os outros 4 pendentes, ja os amarelos ainda não recebi nenhum estou aguardando faltam os 5 amarelos...",1,410.84875,345.73,2
fe59d5878cd80080edbd29b5a0a4e1cf,3,185.09,61.696666666666665,2.0,3.333333333333333,2,372,sports_leisure,guara,DF,Muito bom,1,185.09,61.696666666666665,2
fe613188d4d20ea3e3dc1290549c3ad1,2,196.2,98.1,3.0,5.0,2,282,bed_bath_table,votorantim,SP,Muito bom,1,196.2,98.1,2
fe81bb32c243a86b2f86fbf053fe6140,5,1590.76,318.152,2.4,4.2,2,69,watches_gifts,sao paulo,SP,Produto entregue lacrado e em perfeito estado. | O relógio não veio com manual de instruções. | Recebi o relógio em perfeito estado,1,410.84875,318.152,2
fed2005ccab4fcf1a40ebdaff032a148,2,164.52,54.84,1.0,1.0,2,437,computers_accessories,sao joao da boa vista,SP,"Fiz a compra de uma cabo para HD externo de 80 cm, mas me enviaram um com 50cm e ainda por cima consta na nota que o babo é de 80cm! | Fiz a compra de uma cabo para HD externo de 80 cm, mas me enviaram um com 50cm e ainda por cima consta na nota que o babo é de 80cm! | Fiz a compra de uma cabo para HD externo de 80 cm, mas me enviaram um com 50cm e ainda por cima consta na nota que o babo é de 80cm!",1,164.52,54.84,2
fed519569d16e690df6f89cb99d4e682,2,286.14,143.07,10.0,5.0,2,163,bed_bath_table,rio de janeiro,RJ,Muito bom,1,286.14,143.07,2
ff5f29fbfd0a13f7e7ed9f7b92a32194,1,1765.0,441.25,10.0,5.0,2,398,bed_bath_table,vassouras,RJ,para e a melhor de todas . | para e a melhor de todas . | para e a melhor de todas . | para e a melhor de todas .,1,410.84875,345.73,2
ff8892f7c26aa0446da53d01b18df463,2,396.88,132.29333333333332,7.333333333333333,2.6666666666666665,2,275,bed_bath_table,ibiraja,BA,"Produto lindo e maravilhoso, super recomendo. | Até o momento nao recebi o meu produto, fala que está disponível nos correios e nada.da compra que fiz em novembro só recebi dois produtos, uma cocha e uma saia para cama box.",1,396.88,132.29333333333332,2
ff922bdd6bafcdf99cb90d7f39cea5b3,3,139.6,46.53333333333333,2.0,4.333333333333333,3,349,bed_bath_table,barra bonita,SP,Melhor do que imaginei... Grande e com um designer muito sofisticado ,1,139.6,46.53333333333333,2
